species_name,data_type,sampling_method,model,ocean,start_year,end_year,n_years,location
species_1284,sCPUE,trawl,,,1972,2002,31,North Gulf of Mexico
species_106,sSPUE,sighting,,,2009,2018,8,"Bélize, Glovers Reef and Southwater Cay"
species_1285,sCPUE,trawl,,,1993,2017,21,Falkland Islands
species_378,biomass,"trawl, longline",,,1997,2014,18,Heard Island and McDonald Islands
species_378,sCPUE,trawl,,,1998,2014,17,Heard Island and McDonald Islands
species_677,sCPUE,trawl,,,2000,2006,7,Central south Australia
species_1286,sCPUE,trawl,,,2002,2006,5,Southeast Australia - Eastern region
species_1286,sCPUE,trawl,,,1994,2006,13,Southeast Australia - Eastern region
species_1132,biomass,trawl,,,1991,2014,16,South New Zealand EEZ
species_1132,biomass,trawl,,,1992,2014,23,New Zealand  - Chatham Rise
species_1287,nCPUE,longline,,,2011,2018,8,Gulf of Mexico
species_3,sCPUE,multiple?,,,1997,2016,20,South and Southeast Australia
species_7,sCPUE,trawl,,,1994,2006,13,Southeast Australia - Eastern region
species_11,sCPUE,trawl,,,1972,2004,21,Tuscan archipelago and north_tyrrhenian
species_24,nSPUE,sighting,,,2002,2007,6,strait_of_georgia
species_43,biomass,trawl,,,1991,2014,16,South New Zealand EEZ
species_43,biomass,trawl,,,1992,2014,23,New Zealand  - Chatham Rise
species_52,sCPUE,trawl,,,1972,2002,31,North Gulf of Mexico
species_52,sSPUE,sighting,,,2009,2018,8,"Bélize, Glovers Reef and Southwater Cay"
species_52,biomass,landings,,,2000,2014,15,Mexican coastal waters (Atlantic)
species_52,nCPUE,trawl,,,1987,2008,22,North Gulf of Mexico (USA)
species_52,nCPUE,trawl,,,2009,2018,10,North Gulf of Mexico (USA)
species_54,sCPUE,"trawl, seine",,,2001,2006,6,Great Australian Bight
species_54,sCPUE,trawl,,,2002,2006,5,Southeast Australia - Eastern region
species_69,sCPUE,"trawl, seine",,,2001,2005,4,Great Australian Bight
species_69,sCPUE,trawl,,,1998,2006,9,Southeast Australia - Eastern region
species_80,sCPUE,trawl,,,1994,2010,17,"Sardinia (Geographical sub-area 11), Mediterranean Sea"
species_82,nCPUE,trawl,,,1987,2008,22,North Gulf of Mexico (USA)
species_82,nCPUE,trawl,,,2009,2018,10,North Gulf of Mexico (USA)
species_83,sCPUE,trawl,,,1972,2002,31,North Gulf of Mexico
species_83,nCPUE,trawl,,,1987,2008,22,North Gulf of Mexico (USA)
species_83,nCPUE,trawl,,,2009,2018,10,North Gulf of Mexico (USA)
species_124,sCPUE,longline,,,2004,2015,12,"USA northwest Atlantic, Gulf of Mexico, Bahamas"
species_124,nCPUE,longline,,,1995,2015,21,Western and Central Pacific
species_158,biomass,landings,,,2000,2014,15,Mexican coastal waters (Atlantic)
species_158,sSPUE,sighting,,,2009,2018,8,"Bélize, Glovers Reef and Southwater Cay"
species_162,sCPUE,trawl,,,2006,2013,8,north_adriatic
species_162,sCPUE,trawl,,,1985,2004,18,north_tyrrhenian
species_146,sSPUE,sighting,,,2003,2011,9,Mozambique
species_146,nSPUE,sighting,,,2003,2018,16,"South Mozambique, Inhambane region"
species_146,nCPUE,longline,,,2001,2015,15,Western and Central Pacific
species_151,nSPUE,sighting,,,2003,2018,16,"South Mozambique, Inhambane region"
species_173,sCPUE,trawl,,,1998,2006,9,Southeast Australia - Eastern region
species_176,sCPUE,trawl,,,2006,2013,8,north_adriatic
species_206,sCPUE,trawl,,,1970,2004,23,Delaware Bay (USA)
species_206,sCPUE,trawl,,,1987,2004,18,Pamilico Sound (USA)
species_206,sCPUE,trawl,,,1972,2002,31,North Gulf of Mexico
species_206,nCPUE,trawl,,,2009,2018,10,North Gulf of Mexico (USA)
species_206,nCPUE,trawl,,,1987,2008,22,North Gulf of Mexico (USA)
species_221,sCPUE,trawl,,,2001,2006,6,Southeast Australia - Eastern region
species_224,sCPUE,trawl,,,1998,2006,9,Southeast Australia - Eastern region
species_226,sCPUE,trawl,,,2000,2006,7,Central south Australia
species_228,sCPUE,"trawl, seine",,,2000,2006,7,Great Australian Bight
species_239,sCPUE,trawl,,,1998,2006,9,Southeast Australia - Eastern region
species_242,sCPUE,trawl,,,1998,2006,9,Southeast Australia - Eastern region
species_265,sCPUE,trawl,,,2002,2013,11,"Brownsville, TX to the Florida Keys, FL (USA)"
species_290,biomass,trawl,,,2000,2018,19,Aleutian Islands
species_290,biomass,trawl,,,2002,2016,15,Bering Sea slope
species_290,biomass,trawl,,,2000,2018,19,Bering Sea shelf
species_293,sCPUE,trawl,,,1993,2017,21,Falkland Islands
species_296,sCPUE,trawl,,,1998,2014,17,Heard Island and McDonald Islands
species_296,biomass,"trawl, longline",,,1997,2014,18,Heard Island and McDonald Islands
species_296,sCPUE,trawl,,,1998,2014,13,Heard Island and McDonald Islands
species_296,sCPUE,longline,,,2008,2014,7,Kerguelen Island
species_298,sCPUE,trawl,,,1993,2017,21,Falkland Islands
species_300,sCPUE,longline,,,2006,2014,9,Heard Island and McDonald Islands
species_300,sCPUE,longline,,,2008,2014,7,Kerguelen Island
species_305,biomass,trawl,,,2002,2016,15,Bering Sea slope
species_308,biomass,trawl,,,2002,2016,15,Bering Sea slope
species_308,biomass,trawl,,,2000,2018,19,Aleutian Islands
species_313,biomass,trawl,,,2002,2016,15,Bering Sea slope
species_318,standardized_biomass,multiple,,,1958,2018,61,Bering Sea shelf
species_318,biomass,trawl,,,2000,2018,19,Bering Sea shelf
species_318,biomass,trawl,,,2002,2016,15,Bering Sea slope
species_318,biomass,trawl,,,1999,2019,21,Bering Sea shelf
species_321,sCPUE,trawl,,,1993,2017,21,Falkland Islands
species_327,biomass,trawl,,,2003,2016,14,Barent Sea
species_330,biomass,trawl,,,2002,2016,15,Bering Sea slope
species_360,sCPUE,trawl,,,2001,2006,6,Southeast Australia - Eastern region
species_372,sCPUE,trawl,,,1993,2017,21,Falkland Islands
species_377,sCPUE,trawl,,,1993,2017,21,Falkland Islands
species_390,biomass,trawl,,,2003,2016,14,Barent Sea
species_392,sCPUE,trawl,,,1991,2018,28,"North Sea, IBTS-Q3"
species_392,sCPUE,trawl,,,1987,2016,29,"Southern North Sea, BTS ISI Q3"
species_392,sCPUE,trawl,,,1996,2018,23,"Southern and central North Sea, BTS TRi Q3"
species_392,sCPUE,trawl,,,2002,2018,16,"south eastern North Sea, BTS GFR Q3"
species_392,sCPUE,trawl,,,1987,2019,33,"North Sea, IBTS-Q1"
species_392,sCPUE,trawl,,,1991,2018,28,"North Sea, IBTS-Q3"
species_392,sCPUE,trawl,,,1987,2016,29,"Southern North Sea, BTS ISI Q3"
species_392,sCPUE,trawl,,,1996,2018,23,"Southern and central North Sea, BTS TRi Q3"
species_392,sCPUE,trawl,,,2002,2018,16,"south eastern North Sea, BTS GFR Q3"
species_392,sCPUE,trawl,,,1987,2019,33,"North Sea, IBTS-Q1"
species_392,sCPUE,trawl,,,1963,2018,56,"NOAA-NEFSC, Northeastern USA"
species_392,nCPUE,trawl,,,1980,2020,41,"North Sea, NS-IBTS, Q1 (RoundFish areas 1 to 4 and 6 to 9)"
species_392,nCPUE,trawl,,,1991,2019,29,"North Sea, NS-IBTS, Q3 (RoundFish areas 1 to 4 and 6 to 9)"
species_392,nCPUE,trawl,,,1992,2004,13,West Greenland waters
species_392,nCPUE,trawl,,,2005,2017,13,West Greenland waters
species_392,nCPUE,trawl,,,2005,2017,13,West Greenland coast
species_392,nCPUE,trawl,,,1992,2004,13,West Greenland coast
species_392,standardized_abundance,trawl,,,1977,1994,18,"2J3K, Newfoundland and Labrador Shelves (Canada)"
species_392,standardized_abundance,trawl,,,1995,2017,23,"2J3K, Newfoundland and Labrador Shelves (Canada)"
species_392,standardized_abundance,trawl,,,1973,1995,23,"3LNOPs, Grand Banks (Canada)"
species_392,standardized_abundance,trawl,,,1996,2017,22,"3LNOPs, Grand Banks (Canada)"
species_392,standardized_abundance,trawl,,,1991,2018,28,"4RS, Northern Gulf of St. Lawrence (Canada)"
species_392,standardized_abundance,trawl,,,1971,2018,48,"4T, Southern Gulf of St. Lawrence (Canada)"
species_392,standardized_abundance,trawl,,,1970,2017,48,"4VWX, Scotian Shelf and Bay of Fundy (Canada)"
species_392,standardized_abundance,trawl,,,1987,2018,32,"5Z, Georges Banks, (Canada)/Gulf of Maine (USA)"
species_392,standardized_abundance,trawl,,,1999,2017,11,"Div0, Davis Strait (Canada)"
species_392,biomass,trawl,,,2004,2016,13,Norwegian Coast North of 62º
species_392,biomass,trawl,,,2006,2017,11,Skagerrak North Sea
species_392,biomass,trawl,,,2003,2016,14,Barent Sea
species_392,nCPUE,trawl,,,1986,2020,35,Iceland waters
species_392,nCPUE,trawl,,,1996,2019,23,Iceland waters
species_406,sCPUE,trawl,,,1998,2006,9,Southeast Australia - Eastern region
species_407,sCPUE,trawl,,,2011,2017,7,Porcupine Bank
species_407,sCPUE,trawl,,,2011,2017,7,Porcupine Bank
species_412,sCPUE,trawl,,,1998,2004,7,Southeast Australia - Eastern region
species_422,sCPUE,trawl,,,2000,2006,7,Central south Australia
species_428,sCPUE,trawl,,,1963,2018,56,NOAA-NEFSC (USA)
species_428,standardized_abundance,trawl,,,1987,2018,32,"5Z, Georges Banks, (Canada)/Gulf of Maine (USA)"
species_428,standardized_abundance,trawl,,,1970,2017,48,"4VWX, Scotian Shelf and Bay of Fundy (Canada)"
species_434,sCPUE,trawl,,,2011,2017,7,Porcupine Bank
species_434,sCPUE,trawl,,,2011,2017,7,Porcupine Bank
species_436,sCPUE,trawl,,,1972,2002,31,North Gulf of Mexico
species_436,nCPUE,trawl,,,2002,2013,11,"Brownsville, TX to the Florida Keys, FL (USA)"
species_438,standardized_abundance,trawl,,,2000,2014,15,Balearic Islands
species_438,standardized_biomass,trawl,,,2000,2014,15,Balearic Islands
species_438,sCPUE,trawl,,,1972,2004,21,Tuscan archipelago and north_tyrrhenian
species_438,biomass,trawl,,,2003,2016,14,Norwegian Coast North of 62º
species_438,biomass,trawl,,,2006,2017,9,Skagerrak North Sea
species_462,sCPUE,trawl,,,2001,2018,18,Porcupine Bank
species_462,sCPUE,trawl,,,2001,2018,18,Porcupine Bank
species_462,sCPUE,trawl,,,1972,2004,21,Tuscan archipelago and north_tyrrhenian
species_464,sCPUE,trawl,,,1982,2018,37,NOAA-NEFSC (USA)
species_466,sCPUE,trawl,,,1967,2018,51,NOAA-NEFSC (USA)
species_470,sCPUE,trawl,,,1983,2018,35,"Galician and Cantabrian shelf, Spain coast"
species_470,standardized_biomass,trawl,,,2000,2014,15,Balearic Islands
species_470,standardized_abundance,trawl,,,2000,2014,15,Balearic Islands
species_470,standardized_biomass,longline,,,1950,2017,68,Bay of Biscay
species_470,sCPUE,trawl,,,1987,2016,29,"Southern North Sea, BTS ISI Q3"
species_470,sCPUE,trawl,,,1996,2018,23,"Southern and central North Sea, BTS TRi Q3"
species_470,sCPUE,trawl,,,2010,2018,9,"Southwest North Sea, BTS BEL Q3"
species_470,sCPUE,trawl,,,1987,2019,33,"North Sea, IBTS-Q1"
species_470,sCPUE,trawl,,,1991,2018,28,"North Sea, IBTS-Q3"
species_470,sCPUE,trawl,,,1987,2016,29,"Southern North Sea, BTS ISI Q3"
species_470,sCPUE,trawl,,,1993,2018,25,"Eastern English Channel, BTS ENG Q3"
species_470,sCPUE,trawl,,,1996,2018,23,"Southern and central North Sea, BTS TRi Q3"
species_470,sCPUE,trawl,,,2010,2018,9,"Southwest North Sea, BTS BEL Q3"
species_470,sCPUE,trawl,,,2001,2018,18,Porcupine Bank
species_470,sCPUE,trawl,,,2001,2018,18,Porcupine Bank
species_470,sCPUE,trawl,,,1997,2018,19,Portugal coast
species_470,sCPUE,trawl,,,1997,2018,19,Portugal coast
species_470,sCPUE,trawl,,,1987,2019,33,"North Sea, IBTS-Q1"
species_470,sCPUE,trawl,,,1991,2018,28,"North Sea, IBTS-Q3"
species_470,sCPUE,trawl,,,1993,2018,25,"Eastern English Channel, BTS ENG Q3"
species_470,sCPUE,trawl,,,2006,2018,13,Western English Channel
species_470,sCPUE,trawl,,,2006,2018,13,Western English Channel
species_471,sCPUE,trawl,,,1971,2004,34,Gulf_of_St_Lawrence
species_471,nCPUE,trawl,,,1971,2004,34,Gulf_of_St_Lawrence
species_471,sCPUE,trawl,,,1971,2004,34,Gulf_of_St_Lawrence
species_471,nCPUE,trawl,,,1971,2004,34,Gulf_of_St_Lawrence
species_471,sCPUE,trawl,,,1967,2018,52,NOAA-NEFSC (USA)
species_471,standardized_abundance,trawl,,,1971,2018,48,"4T, Southern Gulf of St. Lawrence (Canada)"
species_471,standardized_abundance,trawl,,,1970,2017,48,"4VWX, Scotian Shelf and Bay of Fundy (Canada)"
species_471,standardized_abundance,trawl,,,1987,2018,32,"5Z, Georges Banks, (Canada)/Gulf of Maine (USA)"
species_478,sCPUE,trawl,,,1963,2018,56,NOAA-NEFSC (USA)
species_478,standardized_abundance,trawl,,,1970,2017,48,"4VWX, Scotian Shelf and Bay of Fundy (Canada)"
species_478,standardized_abundance,trawl,,,1977,1994,18,Funk Deep DU-2J3K (Canada)
species_478,standardized_abundance,trawl,,,1995,2017,23,Funk Deep DU-2J3K (Canada)
species_478,standardized_abundance,trawl,,,1975,1995,21,"3LNOPs, Grand Banks (Canada)"
species_478,standardized_abundance,trawl,,,1996,2017,22,"3LNOPs, Grand Banks (Canada)"
species_478,standardized_abundance,trawl,,,1986,2017,32,"5Z, Georges Banks, (Canada)/Gulf of Maine (USA)"
species_478,standardized_abundance,trawl,,,1971,2018,47,"4T, Southern Gulf of St. Lawrence (Canada)"
species_478,standardized_abundance,trawl,,,1991,2018,28,"4RS, Northern Gulf of St. Lawrence (Canada)"
species_503,sCPUE,trawl,,,1972,2004,21,Tuscan archipelago and north_tyrrhenian
species_507,sCPUE,trawl,,,1987,2019,33,"North Sea, IBTS-Q1 (IVa)"
species_507,sCPUE,trawl,,,1987,2019,33,"North Sea, IBTS-Q1"
species_507,sCPUE,trawl,,,1991,2018,28,"North Sea, IBTS-Q3"
species_507,sCPUE,trawl,,,2010,2018,9,"Southwest North Sea, BTS BEL Q3"
species_507,standardized_biomass,longline,,,1950,2017,68,Bay of Biscay
species_507,sCPUE,trawl,,,1987,2019,33,"North Sea, IBTS-Q1"
species_507,sCPUE,trawl,,,1991,2018,28,"North Sea, IBTS-Q3"
species_507,sCPUE,trawl,,,1987,2016,29,"Southern North Sea, BTS ISI Q3"
species_507,sCPUE,trawl,,,1993,2018,25,"Eastern English Channel, BTS ENG Q3"
species_507,sCPUE,trawl,,,1996,2018,23,"Southern and central North Sea, BTS TRi Q3"
species_507,sCPUE,trawl,,,2010,2018,9,"Southwest North Sea, BTS BEL Q3"
species_507,sCPUE,trawl,,,1988,2018,31,"Eastern English Channel, CGFS Q4"
species_507,sCPUE,trawl,,,1991,2018,28,"North Sea, IBTS-Q3 (IVa)"
species_507,sCPUE,trawl,,,1987,2019,33,"North Sea, IBTS-Q1 (IVc.VIId)"
species_507,sCPUE,trawl,,,1991,2018,28,"North Sea, IBTS-Q3 (IVc.VIId)"
species_507,sCPUE,trawl,,,1987,2016,29,"Southern North Sea, BTS ISI Q3"
species_507,sCPUE,trawl,,,1993,2018,25,"Eastern English Channel, BTS ENG Q3"
species_507,sCPUE,trawl,,,1996,2018,23,"Southern and central North Sea, BTS TRi Q3"
species_507,sCPUE,trawl,,,1988,2018,31,"Eastern English Channel, CGFS Q4"
species_507,sCPUE,trawl,,,1993,2018,26,Eastern English Channel
species_507,sCPUE,trawl,,,1993,2018,26,Eastern English Channel
species_507,sCPUE,trawl,,,2006,2018,13,Western English Channel
species_507,sCPUE,trawl,,,2006,2018,13,Western English Channel
species_510,standardized_abundance,trawl,,,2000,2014,15,Balearic Islands
species_510,standardized_biomass,trawl,,,2000,2014,15,Balearic Islands
species_510,standardized_abundance,longline,,,1995,2018,19,"Azores archipelago, EEZ"
species_510,standardized_biomass,longline,,,1950,2017,68,Bay of Biscay
species_510,sCPUE,trawl,,,1993,2018,25,"Eastern English Channel, BTS ENG Q3"
species_510,sCPUE,trawl,,,1996,2018,23,"Southern and central North Sea, BTS TRi Q3"
species_510,sCPUE,trawl,,,2010,2018,9,"Southwest North Sea, BTS GFR Q3"
species_510,sCPUE,trawl,,,1988,2018,31,"Eastern English Channel, CGFS Q4"
species_510,sCPUE,trawl,,,1987,2019,33,"North Sea, IBTS-Q1"
species_510,sCPUE,trawl,,,1991,2018,28,"North Sea, IBTS-Q3"
species_510,sCPUE,trawl,,,1987,2016,29,"Southern North Sea, BTS ISI Q3"
species_510,sCPUE,trawl,,,2002,2018,16,"south eastern North Sea, BTS BEL Q3"
species_510,sCPUE,trawl,,,1988,2018,31,"Eastern English Channel, CGFS Q4"
species_510,sCPUE,trawl,,,1987,2019,33,"North Sea, IBTS-Q1"
species_510,sCPUE,trawl,,,1991,2018,28,"North Sea, IBTS-Q3"
species_510,sCPUE,trawl,,,1987,2016,29,"Southern North Sea, BTS ISI Q3"
species_510,sCPUE,trawl,,,1993,2018,25,"Eastern English Channel, BTS ENG Q3"
species_510,sCPUE,trawl,,,1996,2018,23,"Southern and central North Sea, BTS TRi Q3"
species_510,sCPUE,trawl,,,2010,2018,9,"Southwest North Sea, BTS GFR Q3"
species_510,sCPUE,trawl,,,2002,2018,16,"south eastern North Sea, BTS BEL Q3"
species_510,sCPUE,trawl,,,1990,2018,24,Portugal coast
species_510,sCPUE,trawl,,,1990,2018,24,Portugal coast
species_510,sCPUE,trawl,,,2006,2018,12,Western English Channel
species_510,sCPUE,trawl,,,2006,2018,12,Western English Channel
species_510,sCPUE,trawl,,,1985,2004,18,north_tyrrhenian
species_512,sCPUE,trawl,,,1975,2018,43,NOAA-NEFSC (USA)
species_512,nCPUE,trawl,,,1987,2008,22,North Gulf of Mexico (USA)
species_512,nCPUE,trawl,,,2009,2018,10,North Gulf of Mexico (USA)
species_518,sCPUE,trawl,,,2006,2018,7,Western English Channel
species_518,sCPUE,trawl,,,2006,2018,7,Western English Channel
species_519,standardized_abundance,trawl,,,2000,2014,15,Balearic Islands
species_519,standardized_biomass,trawl,,,2000,2014,15,Balearic Islands
species_519,sCPUE,trawl,,,1985,2004,18,north_tyrrhenian
species_519,sCPUE,trawl,,,1972,2004,21,Tuscan archipelago and north_tyrrhenian
species_520,standardized_biomass,longline,,,1950,2017,68,Bay of Biscay
species_520,sCPUE,trawl,,,1993,2018,26,Eastern English Channel
species_520,sCPUE,trawl,,,1993,2018,26,Eastern English Channel
species_520,sCPUE,trawl,,,2005,2018,13,Portugal coast
species_520,sCPUE,trawl,,,2005,2018,13,Portugal coast
species_520,sCPUE,trawl,,,2006,2018,12,Western English Channel
species_520,sCPUE,trawl,,,2006,2018,12,Western English Channel
species_520,sCPUE,trawl,,,1972,2004,21,Tuscan archipelago and north_tyrrhenian
species_521,standardized_abundance,trawl,,,2000,2014,15,Balearic Islands
species_521,standardized_biomass,trawl,,,2000,2014,15,Balearic Islands
species_523,standardized_abundance,trawl,,,2000,2014,15,Balearic Islands
species_523,standardized_biomass,trawl,,,2000,2014,15,Balearic Islands
species_529,nCPUE,trawl,,,1987,2008,22,North Gulf of Mexico (USA)
species_529,nCPUE,trawl,,,2009,2018,10,North Gulf of Mexico (USA)
species_529,sCPUE,trawl,,,2002,2013,11,"Brownsville, TX to the Florida Keys, FL (USA)"
species_530,sCPUE,trawl,,,2006,2018,13,Western English Channel
species_530,sCPUE,trawl,,,2006,2018,13,Western English Channel
species_530,sCPUE,trawl,,,1993,2011,19,Eastern English Channel
species_542,biomass,trawl,,,2003,2016,14,Barent Sea
species_542,biomass,trawl,,,2003,2016,14,Norwegian Coast North of 62º
species_542,biomass,trawl,,,2007,2017,10,Skagerrak North Sea
species_544,biomass,trawl,,,2000,2018,19,Aleutian Islands
species_545,biomass,trawl,,,2007,2017,8,Skagerrak North Sea
species_551,sCPUE,"trawl, seine",,,2001,2006,6,Great Australian Bight
species_551,sCPUE,trawl,,,2002,2006,5,Southeast Australia - Western region
species_551,sCPUE,trawl,,,1998,2006,9,Southeast Australia - Eastern region
species_558,sCPUE,line,,,1989,2009,21,Northwest Atlantic
species_569,sCPUE,trawl,,,1999,2006,8,Southeast Australia - Eastern region
species_585,nCPUE,trawl,,,1983,1992,10,southern Brazil
species_589,nCPUE,trawl,,,1987,2008,22,North Gulf of Mexico (USA)
species_589,nCPUE,trawl,,,2009,2018,10,North Gulf of Mexico (USA)
species_599,standardized_biomass,multiple,,,1990,2010,21,Mauritania
species_603,sCPUE,trawl,,,1998,2006,9,Southeast Australia - Eastern region
species_603,sCPUE,"trawl, seine",,,2000,2006,7,Great Australian Bight
species_627,sCPUE,trawl,,,1972,2002,31,North Gulf of Mexico
species_627,sCPUE,trawl,,,1982,2012,23,North Gulf of Mexico
species_627,sCPUE,trawl,,,1989,2013,23,North Gulf of Mexico
species_627,sSPUE,sighting,,,1994,2013,20,North Gulf of Mexico
species_627,sCPUE,trawl,,,1972,2012,33,North Gulf of Mexico
species_627,sCPUE,trawl,,,1982,2012,23,North Gulf of Mexico
species_645,sCPUE,trawl,,,2000,2006,7,Central south Australia
species_675,standardized_abundance,trawl,,,1994,2015,22,"Northern Alboran Sea, Mediterranean Sea"
species_675,standardized_abundance,trawl,,,1994,2015,22,"Northern Spain, Mediterranean Sea"
species_675,standardized_biomass,trawl,,,1994,2015,22,"Northern Alboran Sea, Mediterranean Sea"
species_675,standardized_biomass,trawl,,,1994,2015,22,"Northern Spain, Mediterranean Sea"
species_675,sCPUE,trawl,,,1985,2004,18,north_tyrrhenian
species_686,sCPUE,trawl,,,1985,2004,18,north_tyrrhenian
species_691,nCPUE,longline,,,1995,2014,16,Western and Central Pacific
species_693,abundance,longline,,,1995,2005,11,southwest_pacific
species_693,nCPUE,longline,,,1995,2015,20,Western and Central Pacific
species_694,sCPUE,bather_protection_net,,,1978,2003,26,Kwazulu-Natal coast South-Africa
species_696,sCPUE,bather_protection_net,,,1978,2003,26,Kwazulu-Natal coast South-Africa
species_696,nCPUE,longline,,,1995,2015,21,Western and Central Pacific
species_697,sCPUE,bather_protection_net,,,1978,2003,26,Kwazulu-Natal coast South-Africa
species_697,standardized_abundance,"longline, trawl, gillnet",,,1996,2014,19,North Carolina to Brownsville (USA)
species_697,sCPUE,longline,,,1994,2009,16,Northwest Atlantic
species_704,nCPUE,seine,,,2002,2014,11,Western and Central Pacific
species_704,nCPUE,longline,,,1995,2015,21,Western and Central Pacific
species_706,standardized_abundance,longline,,,1996,2014,19,North Carolina to Brownsville (USA)
species_706,standardized_abundance,multiple,,,1976,2005,30,North Carolina to Brownsville (USA)
species_708,sCPUE,bather_protection_net,,,1978,2003,26,Kwazulu-Natal coast South-Africa
species_708,sCPUE,longline,,,1994,2009,16,Northwest Atlantic
species_708,sCPUE,gillnet,,,1976,2010,35,Gulf of Mexico
species_708,standardized_abundance,longline,,,1994,2018,24,Northwest Atlantic
species_708,nCPUE,seine,,,2007,2014,8,Western and Central Pacific
species_708,nCPUE,longline,,,2000,2015,10,Western and Central Pacific
species_708,sCPUE,gillnet,,,1976,2010,35,Texas estuarines (USA)
species_709,sCPUE,longline,,,1972,2009,38,"Onslow Bay, Carolina, USA"
species_709,standardized_abundance,longline,,,2004,2015,12,"Bimini islands, Bahamas"
species_709,sCPUE,longline,,,1980,2009,17,"South Virginia coast, USA"
species_709,sCPUE,bather_protection_net,,,1978,2003,26,Kwazulu-Natal coast South-Africa
species_709,standardized_abundance,"longline, trawl, gillnet",,,1975,2014,40,North Carolina to Brownsville (USA)
species_709,sCPUE,longline,,,2003,2017,13,northwestern Australia
species_709,nCPUE,longline,,,1994,2009,16,"Pilbara and Kimberley, Northwest Australia"
species_709,standardized_abundance,multiple,,,1981,2010,30,North Gulf of Mexico
species_709,nCPUE,seine,,,1998,2015,14,Western and Central Pacific
species_709,nCPUE,longline,,,1995,2015,19,Western and Central Pacific
species_709,standardized_abundance,multiple,,,1981,2016,36,North Gulf of Mexico
species_709,standardized_abundance,multiple,,,1990,2018,29,USA east coast
species_709,standardized_abundance,multiple,,,1981,2018,38,USA east coast
species_710,sCPUE,longline,,,1992,2005,14,West Atlantic
species_710,sCPUE,longline,,,2004,2010,7,Central and southwest Atlantic
species_710,sCPUE,longline,,,1996,2010,15,Pacific
species_710,nCPUE,seine,,,1996,2009,14,central_pacific
species_710,abundance,longline,,,1993,2000,8,West Atlantic
species_710,sCPUE,longline,,,1995,2010,16,North Pacific
species_710,sCPUE,longline,,,1996,2014,19,North Pacific
species_710,sCPUE,longline,,,1992,2005,14,West Atlantic
species_710,sCPUE,longline,,,1992,2005,14,West Atlantic
species_710,sCPUE,longline,,,1992,2005,14,Gulf of Mexico
species_710,sCPUE,longline,,,1992,2018,27,Northwest Atlantic
species_710,nCPUE,longline,,,1992,1999,8,West Atlantic
species_710,sCPUE,longline,,,1998,2011,14,South and Central Indian Ocean
species_710,standardized_biomass,multiple,,,1995,2009,15,Western and Central Pacific
species_710,standardized_biomass,multiple,,,1995,2016,22,Western North and South Pacific
species_710,sCPUE,longline,,,2000,2011,12,Indian
species_710,sCPUE,longline,,,1992,2015,24,Northwest Atlantic
species_712,abundance,longline,,,1995,2005,11,southwest_pacific
species_712,nCPUE,longline,,,1995,2015,19,Western and Central Pacific
species_713,sCPUE,longline,,,1973,2008,32,"Onslow Bay, Carolina, USA"
species_713,sCPUE,longline,,,1975,2009,22,"South Virginia coast, USA"
species_713,sCPUE,bather_protection_net,,,1978,2003,26,Kwazulu-Natal coast South-Africa
species_713,sCPUE,"longline, gillnet",,,1975,2005,31,Southwest Australia
species_713,sCPUE,"longline, gillnet",,,2006,2015,10,Southwest Australia
species_713,sCPUE,longline,,,2002,2017,11,northwestern Australia
species_713,nCPUE,line,,,1986,2009,24,Northwest Atlantic coast of USA
species_713,standardized_biomass,multiple,,,1960,2009,50,Northwest Atlantic and North Gulf of Mexico
species_713,standardized_abundance,multiple,,,1960,2009,50,Northwest Atlantic and North Gulf of Mexico
species_713,standardized_biomass,multiple,,,1960,2015,56,Northwest Atlantic and North Gulf of Mexico
species_713,nCPUE,longline,,,1995,2015,16,Western and Central Pacific
species_715,sCPUE,longline,,,1976,2008,25,"Onslow Bay, Carolina, USA"
species_715,sCPUE,longline,,,1975,2009,24,"South Virginia coast, USA"
species_715,sCPUE,bather_protection_net,,,1978,2003,26,Kwazulu-Natal coast South-Africa
species_715,standardized_abundance,"longline, trawl, gillnet",,,1975,2014,40,North Carolina to Brownsville (USA)
species_715,sCPUE,"longline, gillnet",,,1990,2005,16,Southwest Australia
species_715,sCPUE,"longline, gillnet",,,2006,2015,10,Southwest Australia
species_715,sCPUE,longline,,,2002,2017,15,northwestern Australia
species_715,nCPUE,longline,,,1995,2009,15,"Pilbara and Kimberley, Northwest Australia"
species_715,nCPUE,line,,,1986,2009,24,Northwest Atlantic coast of USA
species_715,standardized_abundance,multiple,,,1960,2009,50,Northwest Atlantic and North Gulf of Mexico
species_715,standardized_biomass,multiple,,,1960,2009,50,Northwest Atlantic and North Gulf of Mexico
species_715,nCPUE,longline,,,1995,2014,20,Western and Central Pacific
species_715,standardized_biomass,multiple,,,1960,2015,56,Northwest Atlantic and North Gulf of Mexico
species_718,sCPUE,longline,,,1992,2005,14,West Atlantic
species_718,sCPUE,longline,,,1994,2005,12,West Atlantic
species_718,sCPUE,longline,,,1992,2005,13,Gulf of Mexico
species_718,sCPUE,longline,,,1995,2018,24,"USA northwest Atlantic, Gulf of Mexico, Bahamas"
species_719,sCPUE,longline,,,2002,2017,15,northwestern Australia
species_719,nCPUE,"longline, gillnet",,,1983,2011,29,Australia Northern Territory
species_723,sCPUE,longline,,,1992,2005,14,West Atlantic
species_723,sCPUE,line,,,1993,2010,18,southwest_pacific
species_723,sCPUE,line,,,1993,2010,18,southwest_pacific
species_723,sCPUE,gillnet,,,1993,2010,18,southwest_pacific
species_723,sCPUE,gillnet,,,1993,2010,18,southwest_pacific
species_723,standardized_abundance,longline,,,2004,2015,12,"Bimini islands, Bahamas"
species_723,sCPUE,longline,,,1979,2013,15,southern tip of Eleuthera to the northern tip of Little San Salvador
species_723,nCPUE,bather_protection_net,,,1963,2017,55,"Queensland east coastline, Australia"
species_723,nCPUE,drumline,,,1963,2017,55,"Queensland east coastline, Australia"
species_723,sCPUE,bather_protection_net,,,1978,2003,26,Kwazulu-Natal coast South-Africa
species_723,nCPUE,bather_protection_net,,,1950,2009,60,New South Wales coast Australia
species_723,standardized_abundance,"longline, trawl, gillnet",,,1975,2014,40,North Carolina to Brownsville (USA)
species_723,sCPUE,longline,,,1994,2009,16,Northwest Atlantic
species_723,abundance,longline,,,1987,2000,14,West Atlantic
species_723,sCPUE,longline,,,2002,2017,15,northwestern Australia
species_723,sCPUE,longline,,,1994,2019,26,Northwest Atlantic
species_723,nCPUE,longline,,,1995,2009,15,"Pilbara and Kimberley, Northwest Australia"
species_723,sCPUE,bather_protection_net,,,1964,2007,44,"Cairns & Townsville, Australia"
species_723,nCPUE,longline,,,1995,2014,20,Western and Central Pacific
species_723,standardized_abundance,longline,,,1975,2014,26,"Chesapeake Bay and coastal Virginia waters, Virginia Institute of Marine Science Longline Survey (VIMS LL)"
species_723,standardized_abundance,longline,,,2001,2013,13,", Northern Gulf of Mexico and North Carolina waters, Southeast Fishery Science Centre Longline Survey (SEFSC LL)"
species_733,sCPUE,longline,,,2002,2017,15,northwestern Australia
species_770,sCPUE,trawl,,,2000,2019,14,Rockall Trough continental slope
species_736,standardized_biomass,multiple,,,1981,2017,37,"USA northwest Atlantic, Gulf of Mexico, Bahamas"
species_736,standardized_abundance,longline,,,2004,2015,12,"Bimini islands, Bahamas"
species_736,sCPUE,longline,,,1994,2009,16,Northwest Atlantic
species_736,sCPUE,longline,,,1982,2014,33,"Bimini islands, Bahamas"
species_736,nCPUE,longline,,,2013,2015,3,"USA northwest Atlantic, Gulf of Mexico, Bahamas"
species_736,nCPUE,longline,,,2008,2015,8,"USA northwest Atlantic, Gulf of Mexico, Bahamas"
species_736,sCPUE,longline,,,1994,2014,21,"USA northwest Atlantic, Gulf of Mexico, Bahamas"
species_737,sCPUE,longline,,,1957,2000,42,Northwest Atlantic
species_737,sCPUE,longline,,,1992,2005,14,West Atlantic
species_737,nCPUE,longline,,,1994,1997,4,Hawaii
species_737,sCPUE,longline,,,1977,1994,17,Chesapeake_Bay
species_737,sCPUE,longline,,,1977,1993,10,Chesapeake_Bay
species_737,sCPUE,longline,,,1996,2010,15,North Pacific
species_737,sCPUE,longline,,,1996,2010,15,South Pacific
species_737,abundance,longline,,,1987,2000,14,West Atlantic
species_737,sCPUE,longline,,,1995,2003,9,Northwest Atlantic
species_737,nCPUE,line,,,1998,2003,6,Northwest Atlantic
species_737,sCPUE,longline,,,1997,2013,14,North Pacific
species_737,sCPUE,longline,,,1996,2014,19,South Pacific
species_737,sCPUE,longline,,,1986,2005,20,West Atlantic
species_737,sCPUE,longline,,,1992,2005,14,West Atlantic
species_737,sCPUE,longline,,,1986,2005,20,Gulf of Mexico
species_737,sCPUE,longline,,,1992,2003,12,Northwest Atlantic
species_737,sCPUE,longline,,,1986,2003,18,Northwest Atlantic
species_737,standardized_biomass,multiple,,,1971,2013,43,South Atlantic
species_737,sCPUE,longline,,,2000,2016,17,Indian
species_737,sCPUE,longline,,,1978,2000,23,West Atlantic
species_737,sCPUE,longline,,,1995,2013,19,New-Zealand EEZ
species_737,standardized_biomass,multiple,,,1971,2013,43,North Atlantic
species_737,standardized_biomass,multiple,,,1971,2015,45,North Pacific
species_737,standardized_biomass,multiple,,,1976,2002,27,North Pacific
species_737,sCPUE,longline,,,1981,2006,26,South Atlantic
species_737,sCPUE,longline,,,1981,2006,26,North Atlantic
species_737,sCPUE,longline,,,2000,2005,6,South-Africa EEZ and close high seas
species_737,standardized_biomass,multiple,,,1950,2016,67,Indian
species_737,nCPUE,line,,,1991,2002,12,"S_Cape_Cod, northeast USA"
species_737,nCPUE,line,,,1991,2000,8,"N_Cape_Cod, northeast USA"
species_737,standardized_biomass,multiple,,,1994,2014,21,Southwest Pacific Ocean
species_744,standardized_abundance,longline,,,2007,2014,8,Georgia Red Drum Longline Survey (GA LL)
species_744,standardized_abundance,gillnet,,,1996,2014,19,Gulf of Mexico Shark Pupping and Nursery Area Gillnet Survey (GULFSPAN GN)
species_744,standardized_abundance,longline,,,2007,2014,8,South Carolina Coastal Longline Survey (SC LL)
species_744,standardized_abundance,trawl,,,1989,2014,26,SouthEast Area Monitoring and Assessment Program-South Atlantic Coastal Trawl Survey (SEAMAP-SA Trawl)
species_744,standardized_abundance,longline,,,2001,2013,13,Southeast Fishery Science Centre Longline Survey (SEFSC LL)
species_744,standardized_abundance,longline,,,1975,2014,29,Virginia Institute of Marine Science Longline Survey (VIMS LL)
species_744,sCPUE,trawl,,,1972,2002,31,North Gulf of Mexico
species_744,nCPUE,trawl,,,1987,2008,22,North Gulf of Mexico (USA)
species_744,nCPUE,trawl,,,2009,2018,10,North Gulf of Mexico (USA)
species_744,sCPUE,trawl,,,2002,2013,11,"Brownsville, TX to the Florida Keys, FL (USA)"
species_744,sCPUE,longline,,,1995,2018,23,North Carolina to Brownsville (USA)
species_744,standardized_abundance,multiple,,,1950,2011,62,Northwest Atlantic and North Gulf of Mexico
species_747,abundance,longline,,,1995,2005,11,southwest_pacific
species_784,sCPUE,trawl,,,2007,2019,9,Rockall Trough continental slope
species_790,sCPUE,trawl,,,2002,2019,13,Rockall Trough continental slope
species_803,sCPUE,trawl,,,2000,2006,7,Central south Australia
species_803,sCPUE,trawl,,,1998,2006,9,Southeast Australia - Eastern region
species_828,sCPUE,trawl,,,1994,2006,13,Southeast Australia - Eastern region
species_828,sCPUE,trawl,,,2000,2006,7,Southeast Australia - Eastern region
species_833,sCPUE,trawl,,,1996,2006,11,Southeast Australia - Eastern region
species_833,sCPUE,trawl,,,2000,2006,7,Southeast Australia - Eastern region
species_848,sCPUE,trawl,,,2000,2006,7,Central south Australia
species_848,sCPUE,trawl,,,1998,2006,9,Southeast Australia - Eastern region
species_852,standardized_abundance,trawl,,,1994,2015,22,"Northern Alboran Sea, Mediterranean Sea"
species_852,standardized_biomass,trawl,,,1994,2015,22,"Northern Alboran Sea, Mediterranean Sea"
species_852,standardized_abundance,trawl,,,2000,2015,16,"Northern Alboran Sea, Mediterranean Sea"
species_852,standardized_biomass,trawl,,,2000,2015,16,"Northern Alboran Sea, Mediterranean Sea"
species_852,sCPUE,trawl,,,2009,2018,10,"Galician and Cantabrian shelf, Spain coast"
species_852,sCPUE,trawl,,,2009,2018,10,"Galician and Cantabrian shelf, Spain coast"
species_857,standardized_abundance,trawl,,,2000,2015,16,"Northern Alboran Sea, Mediterranean Sea"
species_857,standardized_abundance,trawl,,,1994,2015,22,"Northern Spain, Mediterranean Sea"
species_857,standardized_abundance,trawl,,,2001,2015,15,Balearic Islands
species_857,standardized_biomass,trawl,,,2000,2015,16,"Northern Alboran Sea, Mediterranean Sea"
species_857,standardized_biomass,trawl,,,1994,2015,22,"Northern Spain, Mediterranean Sea"
species_857,standardized_biomass,trawl,,,2001,2015,15,Balearic Islands
species_857,sCPUE,trawl,,,2001,2018,18,Porcupine Bank
species_857,sCPUE,trawl,,,2009,2017,9,"Galician and Cantabrian shelf, Spain coast"
species_857,sCPUE,trawl,,,2009,2017,9,"Galician and Cantabrian shelf, Spain coast"
species_857,sCPUE,trawl,,,1997,2018,22,"Gulf of Cadiz, Spain"
species_857,sCPUE,trawl,,,1983,2017,34,"Galician and Cantabrian shelf, Spain coast"
species_857,sCPUE,trawl,,,1998,2019,15,Rockall Trough continental slope
species_857,sCPUE,trawl,,,1994,2011,18,"Ligurian Sea and Northern Tyrrhenian Sea (Geographical sub-area 9), Mediterranean Sea"
species_857,sCPUE,trawl,,,1994,2011,18,"South and Central Tyrrhenian Sea (Geographical sub-area 10), Mediterranean Sea"
species_857,sCPUE,trawl,,,1994,2011,18,"Sardinia (Geographical sub-area 11), Mediterranean Sea"
species_857,sCPUE,trawl,,,1994,2010,16,"Southern Sicily (Geographical sub-area 16), Mediterranean Sea"
species_857,sCPUE,trawl,,,1994,2011,18,"Southern Adriatic Sea (Geographical sub-area 18), Mediterranean Sea"
species_857,sCPUE,trawl,,,1994,2010,17,"Western Ionian Sea (Geographical sub-area 19), Mediterranean Sea"
species_859,sCPUE,trawl,,,2000,2019,14,Rockall Trough continental slope
species_882,biomass,trawl,,,1986,1999,13,South_Africa_west
species_882,biomass,trawl,,,1986,1999,11,South_Africa_south
species_903,sCPUE,trawl,,,2001,2018,18,Porcupine Bank
species_903,standardized_abundance,trawl,,,1994,2015,22,"Northern Alboran Sea, Mediterranean Sea"
species_903,standardized_abundance,trawl,,,1994,2015,22,"Northern Spain, Mediterranean Sea"
species_903,standardized_abundance,trawl,,,2001,2015,15,Balearic Islands
species_903,standardized_biomass,trawl,,,1994,2015,22,"Northern Alboran Sea, Mediterranean Sea"
species_903,standardized_biomass,trawl,,,1994,2015,22,"Northern Spain, Mediterranean Sea"
species_903,standardized_biomass,trawl,,,2001,2015,15,Balearic Islands
species_903,sCPUE,trawl,,,1993,2018,26,Irish Sea and Bristol Channel
species_903,sCPUE,trawl,,,1993,2018,26,Irish Sea and Bristol Channel
species_903,sCPUE,trawl,,,2001,2018,18,Porcupine Bank
species_903,sCPUE,trawl,,,2006,2018,13,Western English Channel
species_903,sCPUE,trawl,,,2006,2018,13,Western English Channel
species_903,sCPUE,trawl,,,1994,2011,18,"Ligurian Sea and Northern Tyrrhenian Sea (Geographical sub-area 9), Mediterranean Sea"
species_903,sCPUE,trawl,,,1994,2011,18,"South and Central Tyrrhenian Sea (Geographical sub-area 10), Mediterranean Sea"
species_903,sCPUE,trawl,,,1994,2010,17,"Sardinia (Geographical sub-area 11), Mediterranean Sea"
species_903,sCPUE,trawl,,,1994,2010,16,"Southern Sicily (Geographical sub-area 16), Mediterranean Sea"
species_903,sCPUE,trawl,,,1994,2010,17,"Northern Adriatic Sea (Geographical sub-area 17), Mediterranean Sea"
species_903,sCPUE,trawl,,,1994,2011,18,"Southern Adriatic Sea (Geographical sub-area 18), Mediterranean Sea"
species_903,sCPUE,trawl,,,1994,2010,17,"Western Ionian Sea (Geographical sub-area 19), Mediterranean Sea"
species_912,sCPUE,trawl,,,1993,2018,26,Irish Sea and Bristol Channel
species_912,sCPUE,trawl,,,1993,2018,26,Irish Sea and Bristol Channel
species_912,sCPUE,trawl,,,2006,2018,12,Western English Channel
species_912,sCPUE,trawl,,,2006,2018,12,Western English Channel
species_924,standardized_biomass,multiple,,,1975,1997,23,Southwest Australia
species_924,sCPUE,"longline, gillnet",,,1976,2005,30,Southwest Australia
species_924,sCPUE,"longline, gillnet",,,2006,2015,10,Southwest Australia
species_937,nCPUE,gillnet,,,1973,1997,25,Bass_Strait
species_937,sCPUE,"longline, gillnet",,,1977,2005,29,Southwest Australia
species_937,sCPUE,"longline, gillnet",,,2006,2014,9,Southwest Australia
species_937,standardized_abundance,multiple,,,1927,2015,89,Bass Strait
species_937,standardized_abundance,multiple,,,1927,2015,89,South Australia
species_937,standardized_abundance,multiple,,,1927,2015,89,Tasmania
species_937,sCPUE,trawl,,,2000,2006,7,Central south Australia
species_937,sCPUE,trawl,,,1994,2006,13,Southeast Australia - Eastern region
species_937,standardized_biomass,"longline, gillnet",,,1930,2000,71,Bass_Strait
species_937,standardized_biomass,"longline, gillnet",,,1930,2000,71,South Australia
species_938,sCPUE,trawl,,,1993,2018,26,Irish Sea and Bristol Channel
species_938,sCPUE,trawl,,,1993,2018,26,Irish Sea and Bristol Channel
species_940,sCPUE,trawl,,,1972,2002,31,North Gulf of Mexico
species_940,nCPUE,longline,,,2011,2018,8,Gulf of Mexico
species_940,sCPUE,trawl,,,1972,2013,42,NOAA-NEFSC (USA)
species_940,standardized_biomass,multiple,,,1981,2012,32,Northwest Atlantic
species_925,nCPUE,gillnet,,,1973,1997,25,Bass_Strait
species_925,standardized_abundance,longline,,,1990,2013,19,"Azores archipelago, EEZ"
species_925,sCPUE,trawl,,,1997,2016,20,Southern Celtic Sea/Bay of Biscay
species_925,sCPUE,longline,,,1990,2016,27,Azores
species_925,sCPUE,trawl,,,2005,2018,14,Northern Celtic Sea
species_925,sCPUE,longline,,,1990,2016,27,"New-Zealand, Far North & SCH 1E (N/1E)"
species_925,sCPUE,gillnet,,,1990,2016,27,"New-Zealand, Far North & SCH 1E (N/1E)"
species_925,sCPUE,longline,,,1990,2016,27,"New-Zealand, SCH 2 & top of SCH 3 (2/3N)"
species_925,sCPUE,gillnet,,,1990,2016,27,"New-Zealand, SCH 2 & top of SCH 3 (2/3N)"
species_925,sCPUE,longline,,,2004,2016,13,"New-Zealand, Chatham Rise (SCH 4)"
species_925,sCPUE,longline,,,1990,2016,27,"New-Zealand, lower SCH 3 & SCH 5 (3S/5)"
species_925,sCPUE,gillnet,,,1990,2016,27,"New-Zealand, lower SCH 3 & SCH 5 (3S/5)"
species_925,sCPUE,longline,,,1990,2016,27,"New-Zealand, SCH 7, SCH 8 & lower SCH 1W (7/8/1W)"
species_925,sCPUE,gillnet,,,1990,2016,27,"New-Zealand, SCH 7, SCH 8 & lower SCH 1W (7/8/1W)"
species_925,nCPUE,trawl,,,1992,2015,24,South Argentina coast
species_925,nCPUE,trawl,,,1992,2015,24,South Argentina coast
species_925,standardized_biomass,multiple,,,1927,2000,74,South Australia
species_925,sCPUE,trawl,,,2000,2006,7,Central south Australia
species_925,sCPUE,trawl,,,1994,2006,13,Southeast Australia - Eastern region
species_925,sCPUE,trawl,,,1994,2006,13,Southeast Australia - Eastern region
species_925,sCPUE,trawl,,,1994,2006,13,Southeast Australia - Eastern region
species_925,nCPUE,longline,,,1995,2014,20,Western and Central Pacific
species_918,abundance,bather_protection_net,,,1996,2006,11,"Queensland east coastline, Australia"
species_918,sCPUE,bather_protection_net,,,1978,2003,26,Kwazulu-Natal coast South-Africa
species_918,sCPUE,trawl,,,1972,2002,31,North Gulf of Mexico
species_918,standardized_abundance,multiple,,,1981,2004,24,Northwest Atlantic
species_918,standardized_abundance,multiple,,,1981,2005,25,West Atlantic
species_918,standardized_abundance,multiple,,,1981,2005,25,West Atlantic
species_918,sCPUE,longline,,,2002,2017,14,northwestern Australia
species_918,nCPUE,longline,,,1995,2017,22,"USA northwest Atlantic, Gulf of Mexico, Bahamas"
species_918,sCPUE,longline,,,1994,2017,24,"USA northwest Atlantic, Gulf of Mexico, Bahamas"
species_921,standardized_abundance,longline,,,2007,2014,8,Georgia Red Drum Longline Survey (GA LL)
species_921,standardized_abundance,gillnet,,,1996,2014,19,Gulf of Mexico Shark Pupping and Nursery Area Gillnet Survey (GULFSPAN GN)
species_921,standardized_abundance,longline,,,2007,2014,8,South Carolina Coastal Longline Survey (SC LL)
species_921,standardized_abundance,trawl,,,1989,2014,26,SouthEast Area Monitoring and Assessment Program-South Atlantic Coastal Trawl Survey (SEAMAP-SA Trawl)
species_921,sCPUE,trawl,,,1972,2002,31,North Gulf of Mexico
species_921,standardized_abundance,multiple,,,1950,2011,62,Northwest Atlantic and North Gulf of Mexico
species_921,nCPUE,trawl,,,1987,2008,22,North Gulf of Mexico (USA)
species_921,nCPUE,trawl,,,2009,2018,10,North Gulf of Mexico (USA)
species_923,sCPUE,bather_protection_net,,,1978,2003,26,Kwazulu-Natal coast South-Africa
species_923,nCPUE,bather_protection_net,,,1950,2009,60,New South Wales coast Australia
species_923,standardized_abundance,multiple,,,1981,2005,25,West Atlantic
species_923,standardized_abundance,multiple,,,1981,2005,25,West Atlantic
species_923,nCPUE,"gillnet,line",,,1978,2014,37,Kwazulu-Natal coast South-Africa
species_923,sCPUE,longline,,,1992,2017,26,"USA northwest Atlantic, Gulf of Mexico, Bahamas"
species_953,sCPUE,trawl,,,1994,2010,17,"Northern Adriatic Sea (Geographical sub-area 17), Mediterranean Sea"
species_953,sCPUE,trawl,,,1994,2010,17,"Western Ionian Sea (Geographical sub-area 19), Mediterranean Sea"
species_953,standardized_biomass,trawl,,,1990,2016,27,south coast of South Africa
species_953,standardized_biomass,multiple,,,1990,2010,21,Mauritania
species_953,standardized_abundance,trawl,,,1982,2015,32,Mauritania
species_958,sCPUE,trawl,,,1992,2007,16,Argentina coast
species_975,nCPUE,bather_protection_net,,,1950,2009,60,New South Wales coast Australia
species_975,sCPUE,trawl,,,2000,2006,7,Central south Australia
species_975,sCPUE,"trawl, seine",,,2000,2006,7,Great Australian Bight
species_975,sCPUE,trawl,,,1994,2006,13,Southeast Australia - Eastern region
species_990,sCPUE,bather_protection_net,,,1978,2003,26,Kwazulu-Natal coast South-Africa
species_990,nCPUE,bather_protection_net,,,1950,2009,60,New South Wales coast Australia
species_990,sCPUE,longline,,,1975,2020,46,Delaware Bay (USA)
species_990,sCPUE,longline,,,1990,2020,31,Chesapeake Bay and coastal Virginia waters
species_990,sCPUE,longline,,,1975,2020,46,southeast USA and Gulf of Mexico
species_993,nCPUE,longline,,,1995,2015,21,Western and Central Pacific
species_980,nCPUE,longline,,,1966,1986,13,Western Indian Ocean
species_980,sCPUE,longline,,,1995,2014,20,Central northern Pacific
species_980,sCPUE,longline,,,1995,2014,20,Hawaii
species_980,sCPUE,longline,,,1992,2013,22,West Atlantic
species_981,standardized_biomass,multiple,,,1969,2014,46,Eastern North Pacific
species_981,nCPUE,gillnet,,,1981,2013,33,California
species_981,sCPUE,longline,,,1992,2013,22,West Atlantic
species_983,nCPUE,bather_protection_net,,,1963,2017,55,"Queensland east coastline, Australia"
species_983,nCPUE,drumline,,,1963,2017,55,"Queensland east coastline, Australia"
species_983,sCPUE,bather_protection_net,,,1978,2003,26,Kwazulu-Natal coast South-Africa
species_983,nCPUE,bather_protection_net,,,1950,2009,60,New South Wales coast Australia
species_983,abundance,longline,,,1987,2000,14,West Atlantic
species_983,sCPUE,longline,,,1961,2009,11,Northeast USA
species_983,standardized_abundance,"longline, line",,,1961,2010,50,Northwest Atlantic
species_983,standardized_abundance,sighting,,,1961,2008,48,Northwest Atlantic
species_983,nCPUE,gillnet,,,1980,2010,31,south west coast of California
species_983,sCPUE,longline,,,1995,2010,9,Northeast USA
species_983,sCPUE,line,,,1965,1992,20,"New York, New Jersey"
species_984,sCPUE,longline,,,1992,2005,14,West Atlantic
species_984,sCPUE,bather_protection_net,,,1978,2003,26,Kwazulu-Natal coast South-Africa
species_984,sCPUE,longline,,,1996,2010,15,North Pacific
species_984,sCPUE,longline,,,1996,2010,15,South Pacific
species_984,sCPUE,longline,,,1986,2005,20,West Atlantic
species_984,sCPUE,longline,,,1992,2005,14,West Atlantic
species_984,sCPUE,longline,,,1986,2005,20,Gulf of Mexico
species_984,sCPUE,longline,,,1992,2003,12,Northwest Atlantic
species_984,sCPUE,longline,,,1986,2003,18,Northwest Atlantic
species_984,standardized_biomass,multiple,,,1971,2015,45,Indian Ocean
species_984,sCPUE,longline,,,1999,2015,17,Atlantic
species_984,sCPUE,longline,,,1995,2013,19,New-Zealand EEZ
species_984,standardized_biomass,multiple,,,1950,2017,68,North Atlantic
species_984,standardized_abundance,multiple,,,1951,2018,68,Atlantic
species_984,standardized_abundance,multiple,,,1975,2016,42,North Pacific
species_984,sCPUE,longline,,,1981,2006,26,South Atlantic
species_984,sCPUE,longline,,,1981,2006,26,North Atlantic
species_984,sCPUE,longline,,,2000,2005,6,South-Africa EEZ and close high seas
species_984,nCPUE,line,,,1981,2002,22,northeast USA
species_984,nCPUE,line,,,1981,2002,22,northeast USA
species_984,nCPUE,line,,,1991,2002,12,"Cape_Cod, northeast USA"
species_985,sCPUE,longline,,,1992,2015,24,"USA northwest Atlantic, Gulf of Mexico, Bahamas"
species_987,sCPUE,longline,,,1995,2013,19,New-Zealand EEZ
species_987,sCPUE,longline,,,1996,2011,16,South Pacific
species_987,standardized_abundance,multiple,,,1961,2009,49,Northwest Atlantic
species_987,nCPUE,longline,,,1992,1999,8,West Atlantic
species_987,sCPUE,multiple,,,1962,2015,54,"South Atlantic, South Pacific and Indian Ocean"
species_987,standardized_biomass,multiple,,,1926,2009,84,Northeast Atlantic
species_987,standardized_biomass,multiple,,,1961,2009,49,Northwest Atlantic
species_996,standardized_abundance,longline,,,2004,2015,12,"Bimini islands, Bahamas"
species_996,biomass,landings,,,2000,2014,15,Mexican coastal waters (Atlantic)
species_996,sCPUE,longline,,,1995,2018,23,North Carolina to Brownsville (USA)
species_996,sSPUE,sighting,,,2009,2018,8,"Bélize, Glovers Reef and Southwater Cay"
species_1038,nCPUE,longline,,,2014,2018,5,"Tanjung Luar, Indonesia"
species_1039,sCPUE,trawl,,,2001,2018,18,Porcupine Bank
species_1039,sCPUE,trawl,,,1983,2018,35,"Galician and Cantabrian shelf, Spain coast"
species_1039,nSPUE,sighting,,,2001,2007,7,strait_of_georgia
species_1039,nCPUE,longline,,,2015,2018,4,"Tanjung Luar, Indonesia"
species_1039,sCPUE,trawl,,,1974,1983,7,"Baltic, North Sea, North Atlantic"
species_1039,sCPUE,trawl,,,1998,2019,15,Rockall Trough continental slope
species_1040,nCPUE,longline,,,2014,2018,5,"Tanjung Luar, Indonesia"
species_1042,nCPUE,bather_protection_net,,,1950,2009,60,New South Wales coast Australia
species_1044,sCPUE,trawl,,,2000,2006,7,Central south Australia
species_1044,sCPUE,trawl,,,1994,2006,13,Southeast Australia - Eastern region
species_1044,sCPUE,trawl,,,2000,2006,7,Central south Australia
species_1044,sCPUE,trawl,,,2000,2006,7,Southeast Australia - Eastern region
species_1051,nCPUE,longline,,,2011,2018,8,Gulf of Mexico
species_1057,biomass,trawl,,,1991,2009,13,South New Zealand
species_1057,sCPUE,trawl,,,1974,1983,7,"Baltic, North Sea, North Atlantic"
species_1057,sCPUE,trawl,,,1998,2019,15,Rockall Trough continental slope
species_1057,biomass,trawl,,,1991,2014,16,South New Zealand EEZ
species_1057,biomass,trawl,,,1992,2014,23,New Zealand  - Chatham Rise
species_1057,biomass,trawl,,,1992,2010,19,New Zealand  - Chatham Rise
species_1061,standardized_abundance,longline,,,1995,2018,19,"Azores archipelago, EEZ"
species_1061,sCPUE,trawl,,,2012,2018,7,Porcupine Bank
species_1061,sCPUE,trawl,,,2012,2018,7,Porcupine Bank
species_1061,biomass,trawl,,,1991,2009,13,South New Zealand
species_1061,sCPUE,trawl,,,1998,2019,15,Rockall Trough continental slope
species_1061,biomass,trawl,,,1991,2014,16,South New Zealand EEZ
species_1061,biomass,trawl,,,1991,2018,26,New Zealand  - Chatham Rise
species_1061,biomass,trawl,,,1992,2010,19,New Zealand  - Chatham Rise
species_1061,sCPUE,trawl,,,2000,2006,7,Southeast Australia - Eastern region
species_1061,sCPUE,trawl,,,1996,2006,11,Southeast Australia - Western region
species_1063,standardized_abundance,longline,,,1995,2018,19,"Azores archipelago, EEZ"
species_1063,sCPUE,trawl,,,2012,2018,7,Porcupine Bank
species_1063,sCPUE,trawl,,,2012,2018,7,Porcupine Bank
species_1065,sCPUE,trawl,,,2001,2018,18,Porcupine Bank
species_1065,sCPUE,trawl,,,2001,2018,18,Porcupine Bank
species_1065,sCPUE,trawl,,,1998,2019,15,Rockall Trough continental slope
species_1065,sCPUE,trawl,,,1972,2004,21,Tuscan archipelago and north_tyrrhenian
species_1065,biomass,trawl,,,1991,2014,16,South New Zealand EEZ
species_1065,biomass,trawl,,,1992,2014,23,New Zealand  - Chatham Rise
species_1065,sCPUE,trawl,,,1994,2006,13,Southeast Australia
species_1065,sCPUE,trawl,,,2000,2006,7,Southeast Australia - Eastern region
species_1065,standardized_biomass,multiple,,,1972,2001,30,Azores
species_1069,nCPUE,longline,,,1995,2015,21,Western and Central Pacific
species_1075,biomass,trawl,,,2008,2018,6,Kerala
species_1079,standardized_abundance,trawl,,,1977,1994,18,"2J3K, Newfoundland and Labrador Shelves (Canada)"
species_1079,standardized_abundance,trawl,,,1995,2017,23,"2J3K, Newfoundland and Labrador Shelves (Canada)"
species_1079,standardized_abundance,trawl,,,1996,2018,23,"3LNOPs, Grand Banks (Canada)"
species_1079,sCPUE,trawl,,,2000,2019,14,Rockall Trough continental slope
species_1098,biomass,trawl,,,1991,2014,16,South New Zealand EEZ
species_1098,biomass,trawl,,,1992,2018,25,New Zealand  - Chatham Rise
species_1106,sCPUE,trawl,,,1998,2019,15,Rockall Trough continental slope
species_1108,sCPUE,trawl,,,1997,2016,19,Portugal southwest and south
species_1108,standardized_abundance,longline,,,1995,2018,19,"Azores archipelago, EEZ"
species_1116,sCPUE,trawl,,,1997,2016,19,Portugal southwest and south
species_1116,standardized_abundance,trawl,,,1994,2015,22,"Northern Alboran Sea, Mediterranean Sea"
species_1116,standardized_abundance,trawl,,,1994,2015,22,"Northern Spain, Mediterranean Sea"
species_1116,standardized_abundance,trawl,,,2001,2015,15,Balearic Islands
species_1116,standardized_biomass,trawl,,,1994,2015,22,"Northern Alboran Sea, Mediterranean Sea"
species_1116,standardized_biomass,trawl,,,1994,2015,22,"Northern Spain, Mediterranean Sea"
species_1116,standardized_biomass,trawl,,,2001,2015,15,"Balearic Islands, Mediterranean Sea"
species_1116,standardized_abundance,longline,,,1995,2018,20,"Azores archipelago, EEZ"
species_1116,sCPUE,trawl,,,1983,2018,35,"Galician and Cantabrian shelf, Spain coast"
species_1116,sCPUE,trawl,,,2001,2018,18,Porcupine Bank
species_1116,sCPUE,trawl,,,2001,2018,18,Porcupine Bank
species_1116,sCPUE,trawl,,,1998,2019,15,Rockall Trough continental slope
species_1116,sCPUE,trawl,,,1972,2004,21,Tuscan archipelago and north_tyrrhenian
species_1116,sCPUE,trawl,,,1994,2011,18,"Ligurian Sea and Northern Tyrrhenian Sea (Geographical sub-area 9), Mediterranean Sea"
species_1116,sCPUE,trawl,,,1994,2011,18,"South and Central Tyrrhenian Sea (Geographical sub-area 10), Mediterranean Sea"
species_1116,sCPUE,trawl,,,1994,2010,17,"Sardinia (Geographical sub-area 11), Mediterranean Sea"
species_1116,sCPUE,trawl,,,1994,2010,16,"Southern Sicily (Geographical sub-area 16), Mediterranean Sea"
species_1116,sCPUE,trawl,,,1994,2011,18,"Southern Adriatic Sea (Geographical sub-area 18), Mediterranean Sea"
species_1116,sCPUE,trawl,,,1994,2010,17,"Western Ionian Sea (Geographical sub-area 19), Mediterranean Sea"
species_1121,nCPUE,trawl,,,2002,2013,11,"Brownsville, TX to the Florida Keys, FL (USA)"
species_1125,sCPUE,trawl,,,1972,2004,21,Tuscan archipelago and north_tyrrhenian
species_1128,sCPUE,trawl,,,1974,1983,7,"Baltic, North Sea, North Atlantic"
species_1128,standardized_abundance,trawl,,,1992,2013,22,"Labrador Shelf, Canada"
species_1128,sCPUE,trawl,,,1998,2019,15,Rockall Trough continental slope
species_1129,sCPUE,trawl,,,1996,2006,11,Southeast Australia - Eastern region
species_1129,sCPUE,trawl,,,2000,2006,7,Southeast Australia - Eastern region
species_1129,nCPUE,longline,,,1995,2014,20,Western and Central Pacific
species_1130,biomass,trawl,,,1991,2009,13,South New Zealand
species_1130,sCPUE,trawl,,,1974,1983,7,"Baltic, North Sea, North Atlantic"
species_1130,sCPUE,trawl,,,2000,2019,14,Rockall Trough continental slope
species_1130,biomass,trawl,,,1991,2014,16,South New Zealand EEZ
species_1130,biomass,trawl,,,1992,2018,25,New Zealand  - Chatham Rise
species_1130,biomass,trawl,,,1992,2010,19,New Zealand  - Chatham Rise
species_1137,sCPUE,trawl,,,2001,2018,18,Porcupine Bank
species_1137,sCPUE,trawl,,,2001,2018,18,Porcupine Bank
species_1141,sCPUE,longline,,,1989,2003,15,subarctic_pacific
species_1141,sCPUE,longline,,,1989,2003,15,subarctic_pacific
species_1141,standardized_abundance,longline,,,1998,2018,21,Bering Sea and Aleutian Islands
species_1141,standardized_abundance,longline,,,1998,2018,21,Gulf of Alaska
species_1144,nCPUE,longline,,,1995,2015,17,Western and Central Pacific
species_1151,standardized_abundance,trawl,,,1994,2018,25,"Sardinian waters, Italy"
species_1151,standardized_biomass,trawl,,,1994,2018,25,"Sardinian waters, Italy"
species_1151,standardized_abundance,trawl,,,1994,2008,15,"Sardinian waters, Italy"
species_1151,standardized_biomass,trawl,,,1994,2008,15,"Sardinian waters, Italy"
species_1151,sCPUE,trawl,,,1985,2004,18,north_tyrrhenian
species_1151,sCPUE,trawl,,,1972,2004,21,Tuscan archipelago and north_tyrrhenian
species_1151,sCPUE,trawl,,,1994,2004,11,Sicily
species_1151,sCPUE,trawl,,,1994,2004,9,French Mediterranean waters
species_1151,sCPUE,trawl,,,1994,2004,10,Greece
species_1156,nCPUE,longline,,,2011,2018,8,Gulf of Mexico
species_1156,sCPUE,trawl,,,2002,2013,11,"Brownsville, TX to the Florida Keys, FL (USA)"
species_1164,sCPUE,"trawl, seine",,,2001,2006,6,Great Australian Bight
species_1164,sCPUE,trawl,,,2002,2006,5,Southeast Australia - Eastern region
species_1164,sCPUE,trawl,,,1998,2006,9,Southeast Australia - Eastern region
species_1164,sCPUE,trawl,,,2000,2006,7,Central south Australia
species_1166,sCPUE,"trawl, seine",,,2000,2006,7,Central south Australia
species_1166,sCPUE,trawl,,,1996,2006,11,Southeast Australia - Western region
species_1166,sCPUE,trawl,,,1996,2006,11,Southeast Australia - Eastern region
species_1172,abundance,trawl,,,1997,2005,8,strait_of_georgia
species_1172,abundance,trawl,,,1997,2005,9,strait_of_georgia
species_1172,abundance,trawl,,,1997,2005,8,puget_sound
species_1172,abundance,trawl,,,1997,2005,8,puget_sound
species_1172,nCPUE,trawl,,,1997,2005,9,puget_sound
species_1172,nCPUE,trawl,,,1997,2005,8,puget_sound
species_1172,standardized_biomass,multiple,,,1935,2010,76,strait_of_georgia
species_1172,standardized_biomass,multiple,,,1935,2010,76,northeast_pacific
species_1172,nCPUE,trawl,,,1984,2003,11,Hecate Strait
species_1172,sCPUE,longline,,,1993,2004,11,British Columbia
species_1172,biomass,trawl,,,1980,2001,7,Vancouver Island offshore
species_1172,abundance,trawl,,,1980,2001,7,Vancouver Island offshore
species_1172,biomass,trawl,,,1984,2003,8,Gulf of Alaska
species_1178,nCPUE,bather_protection_net,,,1950,2009,60,New South Wales coast Australia
species_1178,sCPUE,trawl,,,1994,2006,13,Southeast Australia - Eastern region
species_1178,sCPUE,trawl,,,1998,2006,9,Southeast Australia - Eastern region
species_1178,sCPUE,trawl,,,2000,2006,7,Southeast Australia - Eastern region
species_1181,sCPUE,trawl,,,1972,2002,31,North Gulf of Mexico
species_1181,nCPUE,trawl,,,1987,2008,22,North Gulf of Mexico (USA)
species_1181,nCPUE,trawl,,,2009,2018,10,North Gulf of Mexico (USA)
species_1181,sCPUE,trawl,,,2002,2013,11,"Brownsville, TX to the Florida Keys, FL (USA)"
species_1185,nCPUE,longline,,,2010,2019,10,"Cilacap-Central Java, Indonesia"
species_1191,sCPUE,"trawl, seine",,,2000,2006,7,Great Australian Bight
species_1230,biomass,trawl,,,2000,2018,19,Bering Sea shelf
species_1230,biomass,trawl,,,2002,2016,15,Bering Sea slope
species_1230,biomass,trawl,,,2000,2018,19,Aleutian Islands
species_1239,standardized_abundance,trawl,,,1982,2018,35,Mauritania
species_1270,nCPUE,longline,,,2011,2018,8,Gulf of Mexico
species_979,nCPUE,longline,,,1967,1987,13,Western Indian Ocean
species_689,standardized_abundance,"longline, trawl, gillnet",,,1989,2014,26,North Carolina to Brownsville (USA)
species_689,nCPUE,trawl,,,1987,2008,22,North Gulf of Mexico (USA)
species_689,nCPUE,trawl,,,2009,2018,10,North Gulf of Mexico (USA)
species_689,sCPUE,trawl,,,1995,2018,23,"Brownsville, TX to the Florida Keys, FL (USA)"
species_689,standardized_abundance,multiple,,,1950,2009,60,Northwest Atlantic
species_689,standardized_biomass,multiple,,,1950,2009,60,Northwest Atlantic
species_689,standardized_abundance,multiple,,,1950,2009,60,North Gulf of Mexico
species_689,standardized_biomass,multiple,,,1950,2009,60,North Gulf of Mexico
species_690,nCPUE,seine,,,1995,2015,18,Western and Central Pacific
species_690,nCPUE,longline,,,1995,2015,20,Western and Central Pacific
species_702,sCPUE,longline,,,1992,2013,22,West and Cental North Atlantic
species_702,sCPUE,trawl,,,1972,2002,31,North Gulf of Mexico
species_702,sCPUE,longline,,,1996,2010,15,Pacific
species_702,nCPUE,seine,,,1996,2009,14,central_pacific
species_702,sCPUE,longline,,,1996,2014,19,Pacific
species_702,sCPUE,longline,,,1992,2005,14,West Atlantic
species_702,sCPUE,longline,,,1992,2005,14,West Atlantic
species_702,sCPUE,longline,,,1992,2005,14,Gulf of Mexico
species_702,standardized_biomass,multiple,,,1995,2016,22,Western and Central Pacific
species_702,sCPUE,seine,,,1994,2015,22,central southeastern pacific
species_702,sCPUE,seine,,,1994,2015,22,central northeastern pacific
species_702,sCPUE,seine,,,1994,2017,24,central northeastern pacific
species_702,sCPUE,seine,,,1994,2018,25,central northeastern pacific
species_702,sCPUE,seine,,,1994,2018,25,central southeastern pacific
species_714,sCPUE,longline,,,1979,2013,15,southern tip of Eleuthera to the northern tip of Little San Salvador
species_714,sSPUE,sighting,,,2009,2018,8,"Bélize, Glovers Reef and Southwater Cay"
species_145,sSPUE,sighting,,,2003,2011,9,Mozambique
species_145,nSPUE,sighting,,,2003,2018,16,"South Mozambique, Inhambane region"
species_1034,nSPUE,sighting,,,1995,2004,10,"ningaloo_reef, Australia"
species_1034,nSPUE,sighting,,,1995,2004,10,"ningaloo_reef, Australia"
species_1034,nSPUE,sighting,,,2005,2014,9,"Archipelago of São Pedro and São Paulo, Brazil"
species_1034,sSPUE,sighting,,,2005,2011,7,Mozambique
species_738,sCPUE,longline,,,2002,2017,15,northwestern Australia
species_920,sCPUE,bather_protection_net,,,1978,2003,26,Kwazulu-Natal coast South-Africa
species_920,standardized_abundance,multiple,,,1981,2005,25,West Atlantic
species_920,standardized_abundance,multiple,,,1981,2005,25,West Atlantic
species_920,nCPUE,longline,,,1995,2017,22,"USA northwest Atlantic, Gulf of Mexico, Bahamas"
species_920,sCPUE,longline,,,1994,2017,23,"USA northwest Atlantic, Gulf of Mexico, Bahamas"
species_1148,biomass,trawl,,,1968,1994,27,NE_USA
species_1148,standardized_biomass,multiple,,,1905,2018,114,Northeast Atlantic
species_1148,sCPUE,trawl,,,2001,2018,18,Porcupine Bank
species_1148,sCPUE,trawl,,,2001,2018,18,Porcupine Bank
species_1148,biomass,trawl,,,1991,2009,13,South New Zealand
species_1148,sCPUE,trawl,,,1985,2004,18,north_tyrrhenian
species_1148,sCPUE,trawl,,,1972,2004,21,Tuscan archipelago and north_tyrrhenian
species_1148,standardized_biomass,trawl,,,1991,2016,23,New Zealand - Chatham Rise
species_1148,standardized_biomass,trawl,,,1992,2018,11,New Zealand - East Coast South Island
species_1148,standardized_biomass,trawl,,,1992,2017,13,New Zealand - West coast South Island
species_1148,standardized_abundance,trawl,,,1970,2014,45,"4VWX, Scotian Shelf and Bay of Fundy (Canada)"
species_1148,standardized_biomass,multiple,,,1991,2015,24,NE_USA
species_1148,sCPUE,trawl,,,1994,2004,10,French Mediterranean waters
species_1148,sCPUE,trawl,,,1994,2004,11,Sardinia
species_1148,sCPUE,trawl,,,1994,2004,10,Greece
species_1148,sCPUE,trawl,,,1994,2004,11,Adriatic Sea
species_1148,standardized_biomass,multiple,,,1991,2018,27,NE_USA
species_1148,nCPUE,trawl,,,1970,2007,38,Scotian Shelf
species_1148,biomass,trawl,,,1986,2005,19,Georges Bank
species_1148,abundance,trawl,,,1986,2005,20,Georges Bank
species_1148,biomass,trawl,,,1984,2002,19,Gulf of St Lawrence
species_1148,abundance,trawl,,,1984,2002,19,Gulf of St Lawrence
species_1148,biomass,trawl,,,1967,2002,35,Northeast USA
species_1190,biomass,landings,,,1957,2013,57,north_adriatic
