openalex_author_id,display_name,institution,country,papers,gender,origin_country,origin_region,ethnicity,inst_city,inst_region,inst_lat,inst_lon
A5082317939,Felipe Galván‐Magaña,Instituto Politécnico Nacional,MX,188,M,ES,Europe,Hispanic,Mexico City,Mexico City,19.42847,-99.12766
A5018184500,David A. Ebert,Moss Landing Marine Laboratories,US,139,M,CH,Europe,German,Moss Landing,California,36.8044,-121.7869
A5069148631,Christopher G. Lowe,"California State University, Long Beach",US,96,M,GB,Europe,British,Long Beach,NA,33.76696014404297,-118.1892318725586
A5070433559,Kenshu Shimada,Fort Hays State University,US,86,M,JP,Asia,Japanese,Hays,Kansas,38.87918,-99.32677
A5011629984,Nicholas K. Dulvy,Simon Fraser University,CA,75,M,IE,Europe,Irish,Burnaby,British Columbia,49.26636,-122.95263
A5013100664,Mauricio Hoyos‐Padilla,University of Colorado Colorado Springs,US,71,M,ES,Europe,Hispanic,Colorado Springs,NA,38.83388137817383,-104.82135772705078
A5069752865,James A. Sulikowski,Oregon State University,US,71,M,PL,Europe,Polish,Corvallis,Oregon,44.56457,-123.26204
A5012365378,Kevin A. Feldheim,Field Museum of Natural History,US,71,M,NO,Europe,German,Chicago,Illinois,41.85003,-87.65005
A5013254490,Jun A. Ebersole,University of Alabama at Birmingham,US,61,M,NO,Europe,Austrian,Birmingham,Alabama,33.52066,-86.80249
A5016661983,Barbara A. Block,Hopkins Marine Station (Stanford),US,67,F,AT,Europe,German,Pacific Grove,California,36.6219,-121.9042
A5082610917,Gary L. Stringer,University of Louisiana at Monroe,US,53,M,GB,Europe,Austrian,Monroe,Louisiana,32.5292854309082,-92.07239532470705
A5011699441,James T. Ketchum,Instituto Politécnico Nacional,MX,48,M,IE,Europe,British,Mexico City,Mexico City,19.42847,-99.12766
A5079902325,Andrea D. Marshall,Marine Megafauna Foundation,US,47,F,GB,Europe,British,Truckee,California,39.32731246948242,-120.2057876586914
A5070982607,A. Peter Klimley,"University of California, Davis",US,45,M,DE,Europe,British,Davis,California,38.54491,-121.74052
A5036305829,Christoph A. Rohner,Marine Megafauna Foundation,US,44,M,AT,Europe,Swiss,Truckee,California,39.32731246948242,-120.2057876586914
A5028037221,Oscar Sosa‐Nishizaki,Centro de Investigación Científica y de Educación Superior de Ensenada,MX,43,M,IL,Asia,Hispanic,Ensenada,Baja California,31.87149,-116.60071
A5070191034,Salvador J. Jorgensen,"California State University, Monterey Bay",US,44,M,NO,Europe,Swedish,Seaside,NA,36.61106872558594,-121.85162353515624
A5012847693,Adam P. Summers,University of Washington,US,42,M,GB,Europe,British,Seattle,Washington,47.60621,-122.33207
A5067458356,Neil Hazon,Andrews University,US,41,M,GB,Europe,Jewish,Berrien Springs,Michigan,41.94643,-86.3389
A5053355169,Gregor M. Cailliet,Moss Landing Marine Laboratories,US,43,M,CH,Europe,French,Moss Landing,California,36.8044,-121.7869
A5108209670,Kirsten Jensen,University of Kansas,US,39,F,DK,Europe,Danish,Lawrence,Kansas,38.97167,-95.23525
A5018859861,Taylor K. Chapple,Oregon State University,US,45,M,GB,Europe,British,Corvallis,Oregon,44.56457,-123.26204
A5111549449,George W. Benz,Middle Tennessee State University,US,36,M,CH,Europe,Swiss,Murfreesboro,Tennessee,35.84562,-86.39027
A5048543419,J. Marcus Drymon,Mississippi State University,US,36,M,SE,Europe,Swedish,Starkville,Mississippi,33.45049,-88.81961
A5000107564,J. Fernando Márquez‐Farías,Universidad Autónoma de Sinaloa,MX,33,M,PT,Europe,Portuguese,Culiacán,Sinaloa,24.80209,-107.39421
A5001067683,R. J. David Wells,Texas A&M University at Galveston,US,33,M,GB,Europe,British,Galveston,NA,29.30134963989257,-94.797698974609375
A5031139778,Chugey A. Sepúlveda,Pfleger Institute of Environmental Research,US,30,Unknown,ES,Europe,Hispanic,Oceanside,California,33.19929122924805,-117.37681579589844
A5077548094,Fernando R. Elorriaga‐Verplancken,Instituto Politécnico Nacional,MX,30,M,ES,Europe,Hispanic,Mexico City,Mexico City,19.42847,-99.12766
A5060692633,W. Gary Anderson,Bamfield Marine Sciences Centre,CA,30,M,GB,Europe,Scottish,Ucluelet,British Columbia,48.83565902709961,-125.13549041748048
A5045878545,David S. Portnoy,Texas A&M University – Corpus Christi,US,30,M,GB,Europe,Jewish,Corpus Christi,NA,27.80057907104492,-97.39637756347656
A5060471197,Píndaro Díaz‐Jáimes,Universidad Nacional Autónoma de México,MX,28,M,PT,Europe,Hispanic,Mexico City,Mexico City,19.42847,-99.12766
A5006534782,Steven T. Kessel,Shedd Aquarium,US,27,M,NL,Europe,German,Chicago,Illinois,41.86764526367188,-87.61309051513672
A5021873392,Michael I. Coates,University of Chicago,US,26,M,GB,Europe,British,Chicago,Illinois,41.85003,-87.65005
A5016742531,Rogelio González‐Armas,Instituto Politécnico Nacional,MX,26,M,ES,Europe,Hispanic,Mexico City,Mexico City,19.42847,-99.12766
A5017814792,Edgar E. Becerril‐García,Instituto Politécnico Nacional,MX,25,M,ES,Europe,Hispanic,Mexico City,Mexico City,19.42847,-99.12766
A5113088780,John B. O’Sullivan,"California State University, Monterey Bay",US,25,M,IE,Europe,Irish,Seaside,NA,36.61106872558594,-121.85162353515624
A5012876322,Jill M. Hendon,University of Southern Mississippi,US,24,F,IE,Europe,British,Hattiesburg,NA,31.327119827270508,-89.29033660888672
A5088827087,Jennifer E. Caselle,"University of California, Santa Barbara",US,26,F,IE,Europe,French,Santa Barbara,California,34.42083,-119.69819
A5032735013,Darren A. Whitehead,MSD (Mexico),MX,23,M,GB,Europe,British,Mexico City,NA,19.428470611572266,-99.1276626586914
A5089238682,Víctor Hugo Cruz‐Escalona,Instituto Politécnico Nacional,MX,23,M,ES,Europe,Hispanic,Mexico City,Mexico City,19.42847,-99.12766
A5063743061,Samantha Andrzejaczek,Pacific University,US,22,F,PL,Europe,Polish,Forest Grove,NA,45.51984024047852,-123.11065673828124
A5056603621,Sora L. Kim,"University of California, Merced",US,22,F,KR,Asia,Korean,Merced,NA,37.30215835571289,-120.48297119140624
A5009750551,Nicolás Roberto Ehemann,Instituto Politécnico Nacional,MX,22,M,CH,Europe,German,Mexico City,Mexico City,19.42847,-99.12766
A5043188893,Ana Judith Marmolejo-Rodríguez,Instituto Politécnico Nacional,MX,20,F,ES,Europe,Hispanic,Mexico City,Mexico City,19.42847,-99.12766
A5074413866,Scot D. Anderson,Inverness Research (United States),US,20,M,GB,Europe,Scottish,Inverness,California,38.097442626953125,-122.85320281982422
A5024153521,Glenn R. Parsons,University of Mississippi,US,20,M,GB,Europe,British,Oxford,NA,34.36650085449219,-89.51924896240234
A5001335508,Wataru Takagi,Sphere Institute,US,20,M,JP,Asia,Japanese,Burlingame,California,37.590457916259766,-122.3414306640625
A5079679187,Francisco Arreguı́n-Sánchez,Instituto Politécnico Nacional,MX,19,M,ES,Europe,Hispanic,Mexico City,Mexico City,19.42847,-99.12766
A5053638242,Stephanie K. Venables,Marine Megafauna Foundation,US,19,F,GB,Europe,British,Truckee,California,39.32731246948242,-120.2057876586914
A5061940018,José Leonardo Castillo‐Geniz,Centro de Investigación Científica y de Educación Superior de Ensenada,MX,19,M,ES,Europe,Portuguese,Ensenada,Baja California,31.87149,-116.60071
A5017175608,Hilário Murua,Ability Found,US,19,M,MZ,Africa,Hispanic,West Valley City,Utah,40.7202262878418,-111.95831298828124
A5020893508,Patrick J. Walsh,Bamfield Marine Sciences Centre,CA,18,M,IE,Europe,Irish,Ucluelet,British Columbia,48.83565902709961,-125.13549041748048
A5038542529,Sean P. Powers,University of South Alabama,US,18,M,IE,Europe,Irish,Mobile,NA,30.694360733032227,-88.04305267333984
A5072875451,Ramón Bonfil,El Colegio de la Frontera Sur,MX,18,M,ES,Europe,Jewish,Campeche,Campeche,19.84073,-90.51676
A5071276612,Matthew A. Kolmann,University of Louisville,US,18,M,CH,Europe,German,Louisville,NA,38.25423812866211,-85.75940704345703
A5039530170,Ofelia Escobar-Sánchez,Universidad Autónoma de Sinaloa,MX,18,F,ES,Europe,Hispanic,Culiacán,Sinaloa,24.80209,-107.39421
A5080644663,Alexandre Aires‐da‐Silva,Inter-American Tropical Tuna Commission,US,18,M,PT,Europe,Portuguese,La Jolla,California,32.84727,-117.2742
A5090284833,Felipe Amezcua,Universidad Nacional Autónoma de México,MX,17,M,ES,Europe,Hispanic,Mexico City,Mexico City,19.42847,-99.12766
A5110429977,L.E.L. Rasmussen,Oregon Institute of Technology,US,17,F,DK,Europe,Danish,Klamath Falls,NA,42.22486877441406,-121.78166961669922
A5008140530,Dení Ramírez‐Macías,Pioneer (United States),US,17,F,ES,Europe,Hispanic,Long Beach,California,33.84015274047852,-118.2354507446289
A5025880572,Christopher G. Mull,Simon Fraser University,CA,17,M,GB,Europe,Irish,Burnaby,British Columbia,49.26636,-122.95263
A5085069103,Erich Ritter,University of West Florida,US,17,M,DE,Europe,German,Pensacola,NA,30.421310424804688,-87.21691131591797
A5001492899,Douglas J. McCauley,"University of California, Santa Barbara",US,21,M,IE,Europe,Irish,Santa Barbara,California,34.42083,-119.69819
A5108673424,Michael J. Everhart,Fort Hays State University,US,17,M,GB,Europe,British,Hays,Kansas,38.87918,-99.32677
A5041032807,Federico Páez‐Osuna,Universidad Nacional Autónoma de México,MX,16,M,ES,Europe,Hispanic,Mexico City,Mexico City,19.42847,-99.12766
A5081035197,Dovi Kacev,University of California San Diego,US,16,M,IL,Asia,Jewish,San Diego,California,32.71571,-117.16472
A5025496316,Leonardo Manir Feitosa,"University of California, Santa Barbara",US,16,M,PT,Europe,Portuguese,Santa Barbara,California,34.42083,-119.69819
A5109034177,Kenneth J. Goldman,Alaska Department of Fish and Game,US,19,M,GB,Europe,Jewish,Juneau,Alaska,58.29951858520508,-134.42434692382812
A5047356822,John P. Tyminski,FamilySearch,US,18,M,PL,Europe,Polish,Salt Lake City,Utah,40.77019119262695,-111.89452362060548
A5048826461,Yassir Edén Torres‐Rojas,Autonomous University of Campeche,MX,15,M,MA,Africa,Hispanic,Campeche,NA,19.828277587890625,-90.55657958984376
A5075568740,Ivy E. Baremore,Honduras Foundation for Agricultural Research,HN,15,F,IE,Europe,British,San Pedro Sula,NA,15.506987571716309,-88.00231170654297
A5088312740,Nerea Lezama‐Ochoa,"University of California, Santa Cruz",US,15,F,ES,Europe,Hispanic,Santa Cruz,NA,36.97412109375,-122.03079986572266
A5102809458,Julia K. Baum,University of Victoria,CA,15,F,AT,Europe,Jewish,Victoria,British Columbia,48.4359,-123.35155
A5076386316,Aaron J. Wirsing,University of Washington,US,19,M,NL,Europe,German,Seattle,Washington,47.60621,-122.33207
A5043573364,Andrew T. Fields,Texas A&M University – Corpus Christi,US,17,M,GB,Europe,British,Corpus Christi,NA,27.80057907104492,-97.39637756347656
A5013621726,Arturo Tripp-Valdéz,Instituto Politécnico Nacional,MX,15,M,ES,Europe,Hispanic,Mexico City,Mexico City,19.42847,-99.12766
A5031110017,Fiorenza Micheli,Pacific University,US,15,F,IT,Europe,Italian,Forest Grove,NA,45.51984024047852,-123.11065673828124
A5066239927,Jill A. Olin,Michigan Technological University,US,15,F,SE,Europe,Swedish,Houghton,NA,47.12186813354492,-88.56900787353516
A5067636916,Robert M. Dores,University of Denver,US,15,M,IE,Europe,Portuguese,Denver,NA,39.73915100097656,-104.98470306396484
A5034143474,Nicole M. Phillips,University of Southern Mississippi,US,17,F,GB,Europe,TrinidadTobago,Hattiesburg,NA,31.327119827270508,-89.29033660888672
A5081227066,Dayv Lowry,Washington Department of Fish and Wildlife,US,15,M,IE,Europe,Irish,Olympia,NA,47.03786849975586,-122.90070343017578
A5001528490,Rándall Arauz,Bay Institute,US,15,M,ES,Europe,HispanoLatino,San Francisco,California,37.80623626708984,-122.41191864013672
A5055025020,Faviel A. López‐Romero,Universidad Nacional Autónoma de México,MX,14,M,ES,Europe,Hispanic,Mexico City,Mexico City,19.42847,-99.12766
A5079542269,David P. Robinson,Bay Institute,US,16,M,GB,Europe,British,San Francisco,California,37.80623626708984,-122.41191864013672
A5086753224,Simon Dedman,Florida International University,US,14,M,GB,Europe,British,San Carlos,California,37.5072,-122.2605
A5060216580,André E. Punt,University of Washington,US,14,M,NL,Europe,Dutch,Seattle,Washington,47.60621,-122.33207
A5004439475,Natalie D. Mylniczenko,Walt Disney (United States),US,14,F,UA,Europe,Ukrainian,Burbank,California,34.18084,-118.30897
A5013280852,Elliott L. Hazen,NOAA National Marine Fisheries Service Southwest Fisheries Science Center,US,14,M,IE,Europe,Dutch,La Jolla,NA,32.84727096557617,-117.27420043945312
A5032868553,Daniel P. Cartamil,University of California San Diego,US,14,M,IE,Europe,HispanoLatino,San Diego,California,32.71571,-117.16472
A5064266968,W. Gary Anderson,University of Manitoba,CA,14,M,GB,Europe,Scottish,Winnipeg,Manitoba,49.8844,-97.14704
A5087243061,Valentina Di Santo,Scripps Institution of Oceanography,US,14,F,IT,Europe,Indonesian,La Jolla,California,32.84727,-117.2742
A5088968386,Wayne M. Itano,University of Colorado Boulder,US,14,M,KE,Africa,Japanese,Boulder,NA,40.01499176025391,-105.2705535888672
A5091823728,Anthony P. Farrell,University of British Columbia,CA,14,M,IE,Europe,Irish,Vancouver,British Columbia,49.24966,-123.11934
A5086942147,Jason Holmberg,Wild Salmon Center,US,14,M,SE,Europe,Swedish,Portland,Oregon,45.52836227416992,-122.6806411743164
A5001650425,Shaili Johri,Hopkins Marine Station (Stanford),US,13,F,IN,Asia,Indian,Pacific Grove,California,36.6219,-121.9042
A5090801242,Riley A. Pollom,Simon Fraser University,CA,13,M,IE,Europe,British,Burnaby,British Columbia,49.26636,-122.95263
A5022454110,Raúl O. Martínez‐Rincón,Instituto Politécnico Nacional,MX,13,M,ES,Europe,Hispanic,Mexico City,Mexico City,19.42847,-99.12766
A5006832801,James M. Anderson,"California State University, Long Beach",US,13,M,GB,Europe,Scottish,Long Beach,NA,33.76696014404297,-118.1892318725586
A5070586795,Robert J. Schallert,Pacific University,US,13,M,AT,Europe,German,Forest Grove,NA,45.51984024047852,-123.11065673828124
A5060807542,Jason R. Treberg,University of Manitoba,CA,13,M,CH,Europe,German,Winnipeg,Manitoba,49.8844,-97.14704
A5065510435,Edward J. Heist,Southern Illinois University Carbondale,US,13,M,IE,Europe,German,Carbondale,NA,37.72726821899414,-89.21675109863281
A5023497219,Cindy A. Tribuzio,NOAA National Marine Fisheries Service Alaska Fisheries Science Center,US,13,F,IT,Europe,Italian,Seattle,NA,47.60620880126953,-122.33206939697266
A5019441522,Peter G. Bushnell,Indiana University South Bend,US,13,M,IE,Europe,British,South Bend,Indiana,41.66650772094727,-86.22174835205078
A5050977143,Alyssa M. Weinrauch,University of Manitoba,CA,12,F,AT,Europe,Austrian,Winnipeg,Manitoba,49.8844,-97.14704
A5070801097,Jon López,Inter-American Tropical Tuna Commission,US,12,M,ES,Europe,Hispanic,La Jolla,California,32.84727,-117.2742
A5109876386,R. Leonard,The University of Texas Medical Branch at Galveston,US,12,M,GB,Europe,French,Galveston,Texas,29.30135,-94.7977
A5016225646,Marcos D. Calle‐Morán,Universidad Autónoma de Sinaloa,MX,12,M,ES,Europe,Hispanic,Culiacán,Sinaloa,24.80209,-107.39421
A5073592308,Paul E. Kanive,Montana State University,US,12,M,ZM,Africa,Norwegian,Bozeman,Montana,45.67965,-111.03856
A5024021025,Kelsey C. James,NOAA National Marine Fisheries Service Southwest Fisheries Science Center,US,12,F,GB,Europe,British,La Jolla,NA,32.84727096557617,-117.27420043945312
A5086315389,Alison M. Murray,University of Alberta,CA,12,F,IE,Europe,Irish,Edmonton,Alberta,53.55014,-113.46871
A5076831759,Sandra Bessudo,Bay Institute,US,12,F,PT,Europe,French,San Francisco,California,37.80623626708984,-122.41191864013672
A5083643690,Tom Kashiwagi,Southern Illinois University Carbondale,US,12,M,JP,Asia,Japanese,Carbondale,NA,37.72726821899414,-89.21675109863281
A5005902578,Luis Fernando Del Moral-Flores,Universidad Nacional Autónoma de México,MX,12,M,PT,Europe,Hispanic,Mexico City,Mexico City,19.42847,-99.12766
A5076431972,María del Pilar Blanco‐Parra,University of Quintana Roo,MX,12,F,ES,Europe,Hispanic,Chetumal,NA,18.514129638671875,-88.3038101196289
A5049695139,Joshua K. Moyer,Earth Island Institute,US,12,M,IE,Europe,Austrian,Berkeley,California,37.8695182800293,-122.26605987548828
A5112531170,Mark Fisher,Texas Parks and Wildlife Department,US,13,M,GB,Europe,British,Austin,Texas,30.270702362060547,-97.739715576171875
A5109295339,Lawrence M. Dill,Simon Fraser University,CA,13,M,IE,Europe,Irish,Burnaby,British Columbia,49.26636,-122.95263
A5090892962,Erick C. Oñate‐González,Universidad Autónoma de Nuevo León,MX,11,M,ES,Europe,Hispanic,San Nicolás de los Garza,NA,25.741670608520508,-100.3022232055664
A5106626822,Jeffrey B. Graham,Scripps Institution of Oceanography,US,21,M,GB,Europe,British,La Jolla,California,32.84727,-117.2742
A5025187446,Donald A. Croll,"University of California, Santa Cruz",US,12,M,IE,Europe,Irish,Santa Cruz,NA,36.97412109375,-122.03079986572266
A5003394536,Francesca Pancaldi,Universidad Autónoma de Baja California Sur,MX,11,F,IT,Europe,Italian,La Paz,NA,24.10129737854004,-110.31563568115234
A5013204942,Jonathan J. Dale,Pacific University,US,13,M,GB,Europe,British,Forest Grove,NA,45.51984024047852,-123.11065673828124
A5034793148,Jeffrey D. Plumlee,Louisiana State University Agricultural Center,US,11,M,GB,Europe,British,Baton Rouge,NA,30.44331932067871,-91.187469482421875
A5081725860,Alisa L. Newton,University of Mary,US,11,F,GB,Europe,British,Bismarck,NA,46.80833053588867,-100.7837371826172
A5074675435,J. Ruelas-Inzunza,Mazatlan Professional School of Dance,MX,11,M,EG,Africa,Hispanic,Mazatlán,NA,23.19803047180176,-106.42262268066406
A5033275174,A. Herrera,Instituto Politécnico Nacional,MX,11,M,ES,Europe,Hispanic,Mexico City,Mexico City,19.42847,-99.12766
A5111433569,John J. Marchalonis,University of Arizona,US,11,M,GR,Europe,Greek,Tucson,Arizona,32.22174,-110.92648
A5070788637,Alberto Sánchez,Instituto Politécnico Nacional,MX,11,M,ES,Europe,Hispanic,Mexico City,Mexico City,19.42847,-99.12766
A5103098022,Douglas J. Long,California Academy of Sciences,US,12,M,GB,Europe,British,San Francisco,NA,37.77492904663086,-122.41941833496094
A5006923352,Ralph Martin,University of British Columbia,CA,11,M,DE,Europe,French,Vancouver,British Columbia,49.24966,-123.11934
A5003180048,Thomas J. Farrugia,"California State University, Monterey Bay",US,11,M,AT,Europe,French,Seaside,NA,36.61106872558594,-121.85162353515624
A5037267902,Shane P. Griffiths,Inter-American Tropical Tuna Commission,US,10,M,IE,Europe,Irish,La Jolla,California,32.84727,-117.2742
A5084013996,David Corro‐Espinosa,Cultura,MX,10,M,ES,Europe,Hispanic,Mazatlán,NA,23.19548988342285,-106.42272186279295
A5071652330,Daniel M. Coffey,Texas A&M University – Corpus Christi,US,10,M,IE,Europe,Irish,Corpus Christi,NA,27.80057907104492,-97.39637756347656
A5034342780,Elitza S. Germanov,Marine Megafauna Foundation,US,10,F,BG,Europe,Bulgarian,Truckee,California,39.32731246948242,-120.2057876586914
A5112056782,Samuel F. Schluter,University of Arizona,US,10,M,CH,Europe,German,Tucson,Arizona,32.22174,-110.92648
A5072750119,Andrew P. Nosal,Scripps Institution of Oceanography,US,12,M,PL,Europe,Polish,La Jolla,California,32.84727,-117.2742
A5032764674,Gregory W. Stunz,Texas A&M University – Corpus Christi,US,13,M,CH,Europe,Swiss,Corpus Christi,NA,27.80057907104492,-97.39637756347656
A5046896459,Tayler M. Clarke,University of British Columbia,CA,10,F,GB,Europe,British,Vancouver,British Columbia,49.24966,-123.11934
A5020969178,Manuel Uribe‐Alcocer,Universidad Nacional Autónoma de México,MX,10,M,ES,Europe,Hispanic,Mexico City,Mexico City,19.42847,-99.12766
A5029478461,Shawn Larson,Seattle Aquarium,US,10,M,GB,Europe,Swedish,Seattle,Washington,47.607608795166016,-122.3422393798828
A5049750023,Fabio P. Caltabellotta,Washington Department of Fish and Wildlife,US,10,M,IT,Europe,Italian,Olympia,NA,47.03786849975586,-122.90070343017578
A5039942631,Jennifer S. Bigman,NOAA National Marine Fisheries Service Alaska Fisheries Science Center,US,10,F,GB,Europe,Jewish,Seattle,NA,47.60620880126953,-122.33206939697266
A5081578251,Axayácatl Rocha‐Olivares,Universidad Autónoma de Sinaloa,MX,10,M,PT,Europe,Portuguese,Culiacán,Sinaloa,24.80209,-107.39421
A5034753447,Mark V. H. Wilson,University of Alberta,CA,10,M,GB,Europe,British,Edmonton,Alberta,53.55014,-113.46871
A5063015598,Andrew N. Evans,University of Southern Mississippi,US,10,M,GB,Europe,Welsh,Hattiesburg,NA,31.327119827270508,-89.29033660888672
A5034928073,Scott Monks,Universidad Autónoma del Estado de Hidalgo,MX,10,M,GB,Europe,British,Pachuca,NA,20.12805557250977,-98.73444366455078
A5030279685,Kelly S. Andrews,NOAA National Marine Fisheries Service Northwest Fisheries Science Center,US,10,F,GB,Europe,British,Seattle,NA,47.60620880126953,-122.33206939697266
A5080541214,Katherine B. Burgess,Marine Megafauna Foundation,US,10,F,IE,Europe,British,Truckee,California,39.32731246948242,-120.2057876586914
A5064671153,Robert E. Shadwick,University of British Columbia,CA,10,M,GB,Europe,British,Vancouver,British Columbia,49.24966,-123.11934
A5059782311,Anna L. Flam,Marine Megafauna Foundation,US,10,F,NO,Europe,Jewish,Truckee,California,39.32731246948242,-120.2057876586914
A5103136829,Steven G. Wilson,Stanford University,US,10,M,GB,Europe,British,Stanford,California,37.42411,-122.16608
A5004390499,R. Glenn Northcutt,Scripps Institution of Oceanography,US,10,M,GB,Europe,British,La Jolla,California,32.84727,-117.2742
A5113522818,Todd M. O’Hara,Texas A&M University,US,10,M,IE,Europe,NativeHawaiian,College Station,Texas,30.62798,-96.33441
A5078848795,DA Ebert,Moss Landing Marine Laboratories,US,10,M,DE,Europe,German,Moss Landing,California,36.8044,-121.7869
A5019713538,John R. Gold,Texas A&M University – Corpus Christi,US,9,M,GB,Europe,Jewish,Corpus Christi,NA,27.80057907104492,-97.39637756347656
A5051923615,Timothy D. White,Pacific University,US,9,M,GB,Europe,British,Forest Grove,NA,45.51984024047852,-123.11065673828124
A5090365407,José De La Cruz‐Agüero,Instituto Politécnico Nacional,MX,9,M,ES,Europe,Portuguese,Mexico City,Mexico City,19.42847,-99.12766
A5008317354,Daniel Pauly,University of British Columbia,CA,9,M,FR,Europe,French,Vancouver,British Columbia,49.24966,-123.11934
A5109716564,Brett J. Falterman,Louisiana Department of Wildlife and Fisheries,US,9,M,IE,Europe,Swedish,Baton Rouge,Louisiana,30.399364471435547,-91.1291046142578
A5066383890,Mark N. Maunder,Inter-American Tropical Tuna Commission,US,9,M,GB,Europe,British,La Jolla,California,32.84727,-117.2742
A5028864885,Scott A. Aalbers,Pfleger Institute of Environmental Research,US,9,M,NL,Europe,Dutch,Oceanside,California,33.19929122924805,-117.37681579589844
A5041818586,Paul H. Yancey,Whitman College,US,9,M,GB,Europe,French,Walla Walla,NA,46.064579010009766,-118.343017578125
A5035172433,Cory D. Suski,University of Illinois Urbana-Champaign,US,9,M,PL,Europe,Polish,Urbana,Illinois,40.11059,-88.20727
A5055340306,Griselda Pulido-Flores,Universidad Autónoma del Estado de Hidalgo,MX,9,F,ES,Europe,Hispanic,Pachuca,NA,20.12805557250977,-98.73444366455078
A5065717281,Neil H. Shubin,University of Chicago,US,9,M,GB,Europe,Russian,Chicago,Illinois,41.85003,-87.65005
A5006688028,Sharon Z. Herzka,Ensenada Institute of Technology,MX,9,F,IL,Asia,Jewish,Ensenada,NA,31.806041717529297,-116.59031677246094
A5012773550,Douglas A. Syme,University of Calgary,CA,9,M,GB,Europe,British,Calgary,Alberta,51.05011,-114.08529
A5006356414,Thomas B. Thorson,University of Nebraska–Lincoln,US,9,M,SE,Europe,Swedish,Lincoln,Nebraska,40.8,-96.66696
A5080676459,Michael E. Byrne,University of Missouri,US,10,M,IE,Europe,Irish,Columbia,Missouri,38.95171,-92.33407
A5076958968,Dean C. Thorburn,Pacific Environment,US,9,M,GB,Europe,British,San Francisco,California,37.791778564453125,-122.40203857421876
A5016412131,Carolyn C. deRoos,University of Missouri,US,9,F,BE,Europe,Flemish,Columbia,Missouri,38.95171,-92.33407
A5033196325,Rosa Isabel Ochoa‐Báez,Instituto Politécnico Nacional,MX,9,F,ES,Europe,Hispanic,Mexico City,Mexico City,19.42847,-99.12766
A5067288564,Kristin M. Hannan,Riverside Technology (United States),US,9,F,NO,Europe,Irish,Fort Collins,Colorado,40.54147720336914,-105.04322052001952
A5067086329,Laura Arreola‐Mendoza,Instituto Politécnico Nacional,MX,8,F,ES,Europe,Hispanic,Mexico City,Mexico City,19.42847,-99.12766
A5091168022,Luis Malpica‐Cruz,Universidad Autónoma de Baja California,MX,8,M,ES,Europe,Hispanic,Mexicali,NA,32.627811431884766,-115.45446014404295
A5009425845,Shawn A. Hamm,Wichita Clinic,US,8,M,JO,Asia,German,Wichita,Kansas,37.750091552734375,-97.22935485839844
A5019762823,Angela M. Cicia,Arizona State University,US,8,F,IT,Europe,Italian,Tempe,Arizona,33.41477,-111.90931
A5102967752,Iván Alberto Méndez,El Colegio de la Frontera Sur,MX,8,M,ES,Europe,Hispanic,Campeche,Campeche,19.84073,-90.51676
A5048009892,Nancy C. Saavedra‐Sotelo,Universidad Autónoma de Sinaloa,MX,8,F,ES,Europe,Hispanic,Culiacán,Sinaloa,24.80209,-107.39421
A5048080984,Daniela A. Murillo-Cisneros,Instituto Politécnico Nacional,MX,8,F,ES,Europe,Hispanic,Mexico City,Mexico City,19.42847,-99.12766
A5087547134,Andrew Martin,University of Colorado Boulder,US,9,M,GB,Europe,Irish,Boulder,NA,40.01499176025391,-105.2705535888672
A5011581208,Jeanine M. Donley,MiraCosta College,US,8,F,IE,Europe,Irish,Oceanside,California,33.19062805175781,-117.30142211914062
A5052473626,Clare E. M. Prebble,Marine Megafauna Foundation,US,11,F,GB,Europe,British,Truckee,California,39.32731246948242,-120.2057876586914
A5052530411,Echelle S. Burns,"University of California, Santa Barbara",US,8,F,IE,Europe,British,Santa Barbara,California,34.42083,-119.69819
A5079101984,Silvia Hinojosa‐Álvarez,Tecnológico de Monterrey,MX,8,F,ES,Europe,Hispanic,Monterrey,NA,25.67506980895996,-100.31846618652344
A5062301987,Emily N. Meese,"University of California, Santa Barbara",US,8,F,IE,Europe,German,Santa Barbara,California,34.414,-119.8489
A5065198831,Hugh P. Stanley,Utah State University,US,8,M,IE,Europe,Irish,Logan,NA,41.73548889160156,-111.83438873291016
A5015684691,Leif Tapanila,Idaho State University,US,8,M,FI,Europe,Finnish,Pocatello,NA,42.87129974365234,-112.4455337524414
A5078953524,Wade J. VanderWright,Simon Fraser University,CA,8,M,NL,Europe,British,Burnaby,British Columbia,49.26636,-122.95263
A5070384917,Henry F. Mollet,"California State University, Monterey Bay",US,11,M,IE,Europe,French,Seaside,NA,36.61106872558594,-121.85162353515624
A5043540971,Marc Aquino‐Baleytó,Instituto Politécnico Nacional,MX,8,M,ES,Europe,Italian,Mexico City,Mexico City,19.42847,-99.12766
A5047793216,William K. Stell,University of Calgary,CA,8,M,IE,Europe,British,Calgary,Alberta,51.05011,-114.08529
A5034448431,James I. Kirkland,Utah Geological Survey,US,8,M,GB,Europe,British,Salt Lake City,Utah,40.772090911865234,-111.93660736083984
A5047564527,Travis M. Richards,NOAA National Marine Fisheries Service Southwest Fisheries Science Center,US,8,M,GB,Europe,British,La Jolla,NA,32.84727096557617,-117.27420043945312
A5113520124,Wayne A. Bennett,University of West Florida,US,8,M,GB,Europe,British,Pensacola,NA,30.421310424804688,-87.21691131591797
A5084729510,Roger deRoos,University of Missouri,US,8,M,BE,Europe,Flemish,Columbia,Missouri,38.95171,-92.33407
A5061863637,Diego Mejía,Instituto Politécnico Nacional,MX,8,M,ES,Europe,Hispanic,Mexico City,Mexico City,19.42847,-99.12766
A5008055496,Colin J. Brauner,University of British Columbia,CA,8,M,CH,Europe,Austrian,Vancouver,British Columbia,49.24966,-123.11934
A5053475924,Gerardo González-Barba,Universidad Autónoma de Baja California Sur,MX,8,M,ES,Europe,Hispanic,La Paz,NA,24.10129737854004,-110.31563568115234
A5110779309,Felipe Ladino,"University of California, Los Angeles",US,8,M,PT,Europe,HispanoLatino,Los Angeles,California,34.05223,-118.24368
A5078322786,Alexandra G. McInturf,Oregon State University,US,8,F,RU,Europe,British,Corvallis,Oregon,44.56457,-123.26204
A5109080654,Joseph J. Cech,"University of California, Davis",US,8,M,IE,Europe,Czech,Davis,California,38.54491,-121.74052
A5068907565,Paola Palacios‐Barreto,Universidad Nacional Autónoma de México,MX,8,F,IT,Europe,Portuguese,Mexico City,Mexico City,19.42847,-99.12766
A5077898393,Natalí Cárdenas‐Palomo,Instituto Politécnico Nacional,MX,7,F,ES,Europe,Hispanic,Mexico City,Mexico City,19.42847,-99.12766
A5055751221,Andrés Romero-Caicedo,Inter-American Tropical Tuna Commission,US,7,M,ES,Europe,Hispanic,La Jolla,California,32.84727,-117.2742
A5033610162,Nathan Miller,The University of Texas at Austin,US,7,M,GB,Europe,British,Austin,Texas,30.26715,-97.74306
A5109505237,Stella Diamant,Marine Megafauna Foundation,US,7,F,IL,Asia,Jewish,Truckee,California,39.32731246948242,-120.2057876586914
A5066146362,Steven J. Bograd,"University of California, Santa Cruz",US,7,M,GB,Europe,German,Santa Cruz,NA,36.97412109375,-122.03079986572266
A5060109562,Francisco Javier García‐Rodríguez,Instituto Politécnico Nacional,MX,7,M,ES,Europe,Hispanic,Mexico City,Mexico City,19.42847,-99.12766
A5013008788,Oscar G. Zamora-García,Cultura,MX,7,M,ES,Europe,Hispanic,Mazatlán,NA,23.19548988342285,-106.42272186279295
A5000891823,Philip A. Hastings,Scripps Institution of Oceanography,US,7,M,GB,Europe,British,La Jolla,California,32.84727,-117.2742
A5052870098,Martín Tresguerres,Scripps Institution of Oceanography,US,7,M,ES,Europe,HispanoLatino,La Jolla,California,32.84727,-117.2742
A5010853864,Danielle E. Haulsee,Hubbs-SeaWorld Research Institute,US,7,F,CH,Europe,NativeHawaiian,San Diego,California,32.7639,-117.2269
A5084505638,Magdalena E. Bergés-Tiznado,Cultura,MX,7,F,ES,Europe,Hispanic,Mazatlán,NA,23.19548988342285,-106.42272186279295
A5034308109,Francisco Polanco-Vásquez,Instituto Politécnico Nacional,MX,7,M,ES,Europe,Hispanic,Mexico City,Mexico City,19.42847,-99.12766
A5027889580,Rachel H.L. Walls,Simon Fraser University,CA,7,F,IE,Europe,British,Burnaby,British Columbia,49.26636,-122.95263
A5088156103,Robert W. Boessenecker,Museum of Vertebrate Zoology,US,7,M,AT,Europe,Austrian,Berkeley,California,37.87144088745117,-122.26221466064452
A5031110356,Paul L. Koch,"University of California, Santa Cruz",US,7,M,DE,Europe,Austrian,Santa Cruz,NA,36.97412109375,-122.03079986572266
A5006467789,Brooke N. Anderson,Arizona State University,US,7,F,GB,Europe,Scottish,Tempe,Arizona,33.41477,-111.90931
A5063300784,Jay H. Matsushiba,Simon Fraser University,CA,7,M,ZM,Africa,Japanese,Burnaby,British Columbia,49.26636,-122.95263
A5000865519,Chris L. Chabot,"California State University, Northridge",US,7,M,FR,Europe,French,Northridge,NA,34.22834014892578,-118.53675079345705
A5019461192,Leonardo Andrés Abitia-Cárdenas,Instituto Politécnico Nacional,MX,7,M,ES,Europe,Hispanic,Mexico City,Mexico City,19.42847,-99.12766
A5103400387,Alberto Sánchez-González,Instituto Politécnico Nacional,MX,7,M,ES,Europe,Hispanic,Mexico City,Mexico City,19.42847,-99.12766
A5065169935,S.B. Sujitha,Instituto Politécnico Nacional,MX,7,F,LK,Asia,Sri Lankan,Mexico City,Mexico City,19.42847,-99.12766
A5055063854,Héctor Villalobos,Instituto Politécnico Nacional,MX,7,M,ES,Europe,Hispanic,Mexico City,Mexico City,19.42847,-99.12766
A5048915779,Nicole Nasby-Lucas,Marine Conservation Institute,US,7,F,FR,Europe,NativeHawaiian,Seattle,Washington,47.6557731628418,-122.34196472167967
A5081784119,Gerardo Navarro‐García,Universidad de Sonora,MX,7,M,ES,Europe,Hispanic,Hermosillo,NA,29.10260009765625,-110.9773178100586
A5113560572,Michael L. Domeier,Marine Conservation Institute,US,9,M,AT,Europe,German,Seattle,Washington,47.6557731628418,-122.34196472167967
A5041915722,Juan Violante‐González,Weatherford College,US,7,M,ES,Europe,Hispanic,Weatherford,Texas,32.74093246459961,-97.792694091796875
A5059440078,Danielle H. Derrick,Simon Fraser University,CA,7,F,CH,Europe,Irish,Burnaby,British Columbia,49.26636,-122.95263
A5090387325,Ryan P. Walter,"California State University, Fullerton",US,7,M,CH,Europe,Austrian,Fullerton,NA,33.87028884887695,-117.9253387451172
A5054754228,Alejandro Oceguera‐Figueroa,Universidad Nacional Autónoma de México,MX,7,M,ES,Europe,Hispanic,Mexico City,Mexico City,19.42847,-99.12766
A5048119048,Nicholas J. Marra,Governors State University,US,7,M,GR,Europe,Italian,University Park,Illinois,41.44864654541016,-87.71669006347656
A5112822084,Thomas P. Mommsen,University of Victoria,CA,8,M,DK,Europe,Danish,Victoria,British Columbia,48.4359,-123.35155
A5064600501,Jessica Pate,Marine Megafauna Foundation,US,7,F,GB,Europe,British,Truckee,California,39.32731246948242,-120.2057876586914
A5007439405,Antonella Preti,NOAA National Marine Fisheries Service Southwest Fisheries Science Center,US,7,F,IT,Europe,Italian,La Jolla,NA,32.84727096557617,-117.27420043945312
A5039739050,Cleridy E. Lennert‐Cody,Inter-American Tropical Tuna Commission,US,7,Unknown,KW,Asia,Irish,La Jolla,California,32.84727,-117.2742
A5033040755,Mohamad Bazzi,Stanford University,US,7,M,LB,Asia,Lebanese,Stanford,California,37.42411,-122.16608
A5035810829,Michael Castleton,Pacific University,US,7,M,GB,Europe,British,Forest Grove,NA,45.51984024047852,-123.11065673828124
A5037844687,Tania Zenteno‐Savín,Instituto Politécnico Nacional,MX,7,F,RU,Europe,Jewish,Mexico City,Mexico City,19.42847,-99.12766
A5102978579,Germán Soler,"University of California, Los Angeles",US,6,M,ES,Europe,Hispanic,Los Angeles,California,34.05223,-118.24368
A5018413714,Lara A. Ferry,Arizona State University,US,6,F,IE,Europe,Irish,Tempe,Arizona,33.41477,-111.90931
A5047966455,Asha Z. Goodman,San Diego State University,US,6,F,MU,Africa,Jewish,San Diego,NA,32.7157096862793,-117.16471862792967
A5054916699,Francis Juanes,University of Victoria,CA,6,M,ES,Europe,Hispanic,Victoria,British Columbia,48.4359,-123.35155
A5012116020,Mary Elizabeth Matta,NOAA National Marine Fisheries Service Alaska Fisheries Science Center,US,6,F,IE,Europe,Portuguese,Seattle,NA,47.60620880126953,-122.33206939697266
A5002400938,Stephen S. Curran,University of Southern Mississippi,US,7,M,IE,Europe,Irish,Hattiesburg,NA,31.327119827270508,-89.29033660888672
A5007640855,Kyle C. Newton,Oregon State University,US,6,F,GB,Europe,British,Corvallis,Oregon,44.56457,-123.26204
A5078387558,Ad. J. Kalmijn,Scripps Institution of Oceanography,US,6,M,NL,Europe,Dutch,La Jolla,California,32.84727,-117.2742
A5065340366,E. W. Misty Paig‐Tran,"California State University, Fullerton",US,6,F,KW,Asia,Chinese,Fullerton,NA,33.87028884887695,-117.9253387451172
A5085169279,Mark H. Deakos,Nia Association,US,6,M,HU,Europe,Hungarian,Clarksville,Tennessee,36.551570892333984,-87.40834045410156
A5012374355,Jerry Moxley,"California State University, Monterey Bay",US,6,M,GB,Europe,British,Seaside,NA,36.61106872558594,-121.85162353515624
A5038885386,Ingrid Vasconcellos Bunholi,The University of Texas at Austin,US,6,F,NO,Europe,Norwegian,Austin,Texas,30.26715,-97.74306
A5011242216,James Wraith,NOAA National Marine Fisheries Service Southwest Fisheries Science Center,US,6,M,GB,Europe,British,La Jolla,NA,32.84727096557617,-117.27420043945312
A5011209075,Jessica Cheok,Simon Fraser University,CA,6,F,HK,Asia,Malays,Burnaby,British Columbia,49.26636,-122.95263
A5042349094,María Itzigueri Burgos-Vázquez,Instituto Politécnico Nacional,MX,6,F,ES,Europe,Hispanic,Mexico City,Mexico City,19.42847,-99.12766
A5017613722,Joseph A. Sisneros,University of Washington,US,6,M,IE,Europe,HispanoLatino,Seattle,Washington,47.60621,-122.33207
A5017716120,Luis García‐Prieto,Universidad Nacional Autónoma de México,MX,6,M,ES,Europe,Hispanic,Mexico City,Mexico City,19.42847,-99.12766
A5079583186,Brent S. Stewart,Hubbs-Sea World Research Institute,US,6,M,GB,Europe,British,San Diego,California,32.76899337768555,-117.23320770263672
A5113541982,Robin M. Overstreet,University of Southern Mississippi,US,6,M,NL,Europe,British,Hattiesburg,NA,31.327119827270508,-89.29033660888672
A5055719824,Karen D. Crow,San Francisco State University,US,6,F,GB,Europe,British,San Francisco,California,37.77493,-122.41942
A5053419666,Christina L. Conrath,NOAA National Marine Fisheries Service Alaska Fisheries Science Center,US,6,F,IE,Europe,German,Seattle,NA,47.60620880126953,-122.33206939697266
A5110630947,Owyn E. Snodgrass,NOAA National Marine Fisheries Service Southwest Fisheries Science Center,US,7,M,GB,Europe,British,La Jolla,NA,32.84727096557617,-117.27420043945312
A5110671040,Trevor J. Shuttleworth,Bamfield Marine Sciences Centre,CA,6,M,GB,Europe,British,Ucluelet,British Columbia,48.83565902709961,-125.13549041748048
A5061347099,Raid Amin,University of West Florida,US,6,M,IQ,Asia,Bangladeshi,Pensacola,NA,30.421310424804688,-87.21691131591797
A5035817950,Gary D. Johnson,Southern Methodist University,US,6,M,GB,Europe,British,Dallas,NA,32.783058166503906,-96.806671142578125
A5033191225,Carlos Alberto Niño‐Torres,Instituto Tecnológico de Chetumal,MX,6,M,ES,Europe,Portuguese,Chetumal,Quintana Roo,18.51957,-88.30397
A5080729648,Spencer G. Lucas,New Mexico Museum of Natural History and Science,US,6,M,GB,Europe,British,Albuquerque,New Mexico,35.09907150268555,-106.66577911376952
A5034654940,Joanna J. Cielocha,Peru State College,US,6,F,PL,Europe,Polish,Peru,Nebraska,40.473819732666016,-95.73236083984376
A5065914163,Lorem del Valle González-González,Instituto Politécnico Nacional,MX,6,F,ES,Europe,Hispanic,Mexico City,Mexico City,19.42847,-99.12766
A5044765259,Jaelyn J. Eberle,Museum of Boulder,US,6,F,CH,Europe,Swiss,Boulder,Colorado,40.00510025024414,-105.277099609375
A5046884997,Bryan L. Huerta‐Beltrán,University of Southern Mississippi,US,6,M,ES,Europe,Hispanic,Hattiesburg,NA,31.327119827270508,-89.29033660888672
A5063914974,Carol Bucking,Bamfield Marine Sciences Centre,CA,6,F,GB,Europe,British,Ucluelet,British Columbia,48.83565902709961,-125.13549041748048
A5056203990,Luz Erandi Saldaña-Ruiz,Centro de Investigación Científica y de Educación Superior de Ensenada,MX,6,F,ES,Europe,Hispanic,Ensenada,Baja California,31.87149,-116.60071
A5016271275,Ian Taylor,NOAA National Marine Fisheries Service Northwest Fisheries Science Center,US,6,M,GB,Europe,British,Seattle,NA,47.60620880126953,-122.33206939697266
A5060173856,Luis Daniel Carrillo-Colín,Universidad Autónoma de la Ciudad de México,MX,6,M,ES,Europe,Hispanic,Mexico City,NA,19.428470611572266,-99.1276626586914
A5046814329,Lance Adams,Aquarium of the Pacific,US,6,M,GH,Africa,AfricanAmerican,Long Beach,California,33.76216125488281,-118.1969223022461
A5113270207,Jon F. Dodd,Earth Island Institute,US,6,M,IE,Europe,British,Berkeley,California,37.8695182800293,-122.26605987548828
A5089573174,Amanda M. Barker,Texas A&M University – Corpus Christi,US,8,F,GB,Europe,British,Corpus Christi,NA,27.80057907104492,-97.39637756347656
A5066745776,Antonio Corgos,Universidad de Guadalajara,MX,6,M,PT,Europe,Portuguese,Guadalajara,Jalisco,20.66682,-103.39182
A5057373201,Larry B. Crowder,Pacific University,US,6,M,IE,Europe,British,Forest Grove,NA,45.51984024047852,-123.11065673828124
A5045012778,Elpis J. Chávez,Bay Institute,US,6,F,GR,Europe,Hispanic,San Francisco,California,37.80623626708984,-122.41191864013672
A5109967289,Vincent F. Gallucci,University of Washington,US,7,M,IT,Europe,Italian,Seattle,Washington,47.60621,-122.33207
A5025547638,Nataly Bolaño‐Martinez,Universidad Nacional Autónoma de México,MX,6,F,ES,Europe,Hispanic,Mexico City,Mexico City,19.42847,-99.12766
A5008724231,Francisco J. García-Dé León,Pronatura Noroeste,MX,6,M,ES,Europe,Hispanic,Ensenada,NA,31.875146865844727,-116.6272964477539
A5004789455,Naomi F. Farabaugh,University of Washington,US,6,F,IE,Europe,British,Seattle,Washington,47.6553,-122.3035
A5081947189,Robert A. Eagle,"University of California, Los Angeles",US,6,M,IE,Europe,Irish,Los Angeles,California,34.05223,-118.24368
A5082216220,Laís Farias Oliveira Lima,San Diego State University,US,6,F,PT,Europe,Portuguese,San Diego,NA,32.7157096862793,-117.16471862792967
A5066071163,Diana A. Pazmiño,Olema Pharmaceuticals (United States),US,6,F,ES,Europe,Hispanic,San Francisco,California,37.78034973144531,-122.3930435180664
A5030064963,Kathryn A. Ayres,Instituto Politécnico Nacional,MX,7,F,GB,Europe,British,Mexico City,Mexico City,19.42847,-99.12766
A5112363386,Andrew G. Neuman,Royal Tyrrell Museum,CA,6,M,GB,Europe,Jewish,Calgary,Alberta,51.46546936035156,-112.71812438964844
A5043849609,Kathryn A. Dickson,"California State University, Fullerton",US,6,F,GB,Europe,British,Fullerton,NA,33.87028884887695,-117.9253387451172
A5014569206,Manuel Mendoza‐Carranza,El Colegio de la Frontera Sur,MX,6,M,ES,Europe,Hispanic,Campeche,Campeche,19.84073,-90.51676
A5067190742,Alan W. Wells,Andrews University,US,6,M,GB,Europe,British,Berrien Springs,Michigan,41.94643,-86.3389
A5050988963,Robert Daniel Rubin,Santa Rosa Junior College,US,6,M,GB,Europe,Jewish,Santa Rosa,California,38.455299377441406,-122.71976470947266
A5015558286,André M. Boustany,"California State University, Monterey Bay",US,6,M,LB,Asia,Lebanese,Seaside,NA,36.61106872558594,-121.85162353515624
A5109859959,Peggy Loor-Andrade,Inter-American Tropical Tuna Commission,US,6,F,BE,Europe,Portuguese,La Jolla,California,32.84727,-117.2742
A5078269187,Loren McClenachan,University of Victoria,CA,6,M,IE,Europe,Irish,Victoria,British Columbia,48.4359,-123.35155
A5112655829,M.P. Jonathan,Instituto Politécnico Nacional,MX,6,M,IN,Asia,Indian,Mexico City,Mexico City,19.42847,-99.12766
A5009578112,Carlos F. Ruiz,Auburn University,US,7,M,ES,Europe,Hispanic,Auburn,Alabama,32.60986,-85.48078
A5000112408,Mary V. Ashley,University of Illinois Chicago,US,5,F,IE,Europe,British,Chicago,Illinois,41.85003,-87.65005
A5091544501,Nann A. Fangue,"University of California, Davis",US,5,F,CM,Africa,Cameroonian,Davis,California,38.54491,-121.74052
A5066719586,René Lauer,Wheaton College - Illinois,US,5,M,CH,Europe,Austrian,Wheaton,NA,41.86613845825195,-88.10700988769531
A5091601128,Bruce Lauer,Wheaton College - Illinois,US,5,M,CH,Europe,Austrian,Wheaton,NA,41.86613845825195,-88.10700988769531
A5036877484,Brice X. Semmens,Scripps Institution of Oceanography,US,5,M,BE,Europe,British,La Jolla,California,32.84727,-117.2742
A5091727400,Michael F. Criscitiello,Texas A&M University,US,5,M,IT,Europe,Italian,College Station,Texas,30.62798,-96.33441
A5008964124,Adrián F. González‐Acosta,Instituto Politécnico Nacional,MX,5,M,ES,Europe,Hispanic,Mexico City,Mexico City,19.42847,-99.12766
A5001216596,Catharine J. Wheaton,Walt Disney (United States),US,5,F,IE,Europe,British,Burbank,California,34.18084,-118.30897
A5112810711,N. Chin Lai,Scripps Institution of Oceanography,US,5,M,TW,Asia,Chinese,La Jolla,California,32.84727,-117.2742
A5051676460,Ulianov Jakes‐Cota,Instituto Politécnico Nacional,MX,5,M,NA,Africa,Ukrainian,Mexico City,Mexico City,19.42847,-99.12766
A5020061264,Michael H. Doosey,University of New Orleans,US,5,M,IE,Europe,Irish,New Orleans,NA,29.95465087890625,-90.0750732421875
A5064567858,John D. Reynolds,Simon Fraser University,CA,5,M,IE,Europe,Irish,Burnaby,British Columbia,49.26636,-122.95263
A5071026980,Isis Baró‐Camarasa,Instituto Politécnico Nacional,MX,5,F,ES,Europe,Hispanic,Mexico City,Mexico City,19.42847,-99.12766
A5051872651,Vicente Anislado-Tolentino,Instituto Tecnológico de Querétaro,MX,5,M,ES,Europe,Italian,Querétaro City,NA,20.59394264221192,-100.40542602539062
A5040567940,Hillary S. Young,University of California System,US,5,F,HK,Asia,Korean,Oakland,California,37.80437,-122.2708
A5090623732,David K. Elliott,Northern Arizona University,US,5,M,GB,Europe,British,Flagstaff,NA,35.19807052612305,-111.6512680053711
A5018783575,Stuart R. Stock,Northwestern University,US,5,M,GB,Europe,Austrian,Evanston,Illinois,42.04114,-87.69006
A5018527707,Scott A. Shaffer,San Jose State University,US,5,M,GB,Europe,Jewish,San Jose,NA,37.33938980102539,-121.89495849609376
A5018332222,Delane C. Kritsky,Idaho State University,US,5,F,ZA,Africa,Ukrainian,Pocatello,NA,42.87129974365234,-112.4455337524414
A5041774827,Sean Van Sommeran,"University of California, Santa Cruz",US,5,M,IE,Europe,Irish,Santa Cruz,NA,36.97412109375,-122.03079986572266
A5018318638,Jesse Pruitt,Idaho State University,US,5,M,GB,Europe,AfricanAmerican,Pocatello,NA,42.87129974365234,-112.4455337524414
A5030049234,Ashley S. Galloway,Mississippi State University,US,7,F,GB,Europe,British,Starkville,Mississippi,33.45049,-88.81961
A5074140145,Chris T. Amemiya,University of Washington,US,5,M,KE,Africa,NA,Seattle,Washington,47.60621,-122.33207
A5074007788,Steven B. Scyphers,University of South Alabama,US,5,M,BE,Europe,Dutch,Mobile,NA,30.694360733032227,-88.04305267333984
A5002875489,Phillip R. Morrison,University of British Columbia,CA,5,M,GB,Europe,British,Vancouver,British Columbia,49.24966,-123.11934
A5075088636,Brianne E. Hoglin,University of Denver,US,5,F,IE,Europe,Swedish,Denver,NA,39.73915100097656,-104.98470306396484
A5075791672,Rodrigo Beas‐Luna,Universidad Autónoma de Baja California,MX,5,M,ES,Europe,Hispanic,Mexicali,NA,32.627811431884766,-115.45446014404295
A5075822250,Jorge A. Herrera‐Silveira,Instituto Politécnico Nacional,MX,5,M,PT,Europe,Portuguese,Mexico City,Mexico City,19.42847,-99.12766
A5076115449,Micah B. Warren,Auburn University,US,5,M,IE,Europe,British,Auburn,Alabama,32.60986,-85.48078
A5010197080,Martín G. Frías‐Espericueta,Universidad Autónoma de Sinaloa,MX,5,M,ES,Europe,Hispanic,Culiacán,Sinaloa,24.80209,-107.39421
A5043360523,Geoffrey J. Osgood,University of Victoria,CA,5,M,GB,Europe,British,Victoria,British Columbia,48.4359,-123.35155
A5076432454,Randall D. Dahn,Madison Group (United States),US,5,M,LR,Africa,Liberia,Madison,Wisconsin,42.99638748168945,-89.4278335571289
A5034197652,Kurt M. Schaefer,Inter-American Tropical Tuna Commission,US,5,M,AT,Europe,German,La Jolla,California,32.84727,-117.2742
A5110220409,V. F. Gallucci,Seattle University,US,5,M,IT,Europe,Italian,Seattle,NA,47.60620880126953,-122.33206939697266
A5109962891,Felipe Galván-Magaña,Instituto Politécnico Nacional,MX,5,M,ES,Europe,Hispanic,Mexico City,Mexico City,19.42847,-99.12766
A5044019855,Jesús Erick Higuera-Rivas,Universidad Autónoma de Baja California Sur,MX,5,M,ES,Europe,Hispanic,La Paz,NA,24.10129737854004,-110.31563568115234
A5004381427,Xchel Aurora Pérez-Palafox,Instituto Politécnico Nacional,MX,5,F,ES,Europe,Hispanic,Mexico City,Mexico City,19.42847,-99.12766
A5016019796,Donovan P. German,"University of California, Irvine",US,5,M,NL,Europe,Jewish,Irvine,California,33.66946,-117.82311
A5060046728,Paul J. Clerkin,Moss Landing Marine Laboratories,US,5,M,IE,Europe,Irish,Moss Landing,California,36.8044,-121.7869
A5044830104,Greg G. Goss,University of Alberta,CA,5,M,GB,Europe,British,Edmonton,Alberta,53.55014,-113.46871
A5025973947,Sarah L. Hoffmann,Biomark (United States),US,5,F,DE,Europe,German,Boise,Idaho,43.61173629760742,-116.20880889892578
A5015089075,Peter Gaube,University of Washington Applied Physics Laboratory,US,5,M,DE,Europe,German,Seattle,Washington,47.655311584472656,-122.31663513183594
A5108797879,T. H. Bullock,Scripps Institution of Oceanography,US,5,M,GB,Europe,British,La Jolla,California,32.84727,-117.2742
A5014646667,Gordon H. Kruse,University of Alaska Southeast,US,5,M,DE,Europe,German,Juneau,NA,58.30194091796875,-134.4197235107422
A5005354635,Carolina Bojórquez-Sánchez,Cultura,MX,5,F,ES,Europe,NA,Mazatlán,NA,23.19548988342285,-106.42272186279295
A5046478145,Nancy M. Sherwood,University of Victoria,CA,5,F,IE,Europe,British,Victoria,British Columbia,48.4359,-123.35155
A5005874171,Samantha C. Leigh,"California State University, Dominguez Hills",US,5,F,GB,Europe,British,Carson,NA,33.8314094543457,-118.28202056884766
A5057177001,Martín Federico Soto-Jiménez,Universidad Nacional Autónoma de México,MX,5,M,ES,Europe,Hispanic,Mexico City,Mexico City,19.42847,-99.12766
A5046656252,Timothy E. Higham,"University of California, Riverside",US,5,M,GB,Europe,British,Riverside,California,33.95335,-117.39616
A5032704528,Emigdio Marín‐Enríquez,Universidad Autónoma de Sinaloa,MX,5,M,ES,Europe,Hispanic,Culiacán,Sinaloa,24.80209,-107.39421
A5005897142,Shannon M. O’Brien,University of Washington,US,5,F,IE,Europe,Irish,Seattle,Washington,47.60621,-122.33207
A5083404298,Sergio Madrigal‐Mora,"California State University, Long Beach",US,5,M,ES,Europe,Hispanic,Long Beach,NA,33.76696014404297,-118.1892318725586
A5049395466,Robert J. Y. Perryman,Marine Megafauna Foundation,US,5,M,GB,Europe,British,Truckee,California,39.32731246948242,-120.2057876586914
A5032274863,Arturo Ayala‐Bocos,Universidad Autónoma de Baja California Sur,MX,5,M,ES,Europe,Hispanic,La Paz,NA,24.10129737854004,-110.31563568115234
A5028294242,Kaylee S. Herzog,University of Kansas,US,5,F,DE,Europe,Austrian,Lawrence,Kansas,38.97167,-95.23525
A5028377058,Manuel J. Zetina‐Rejón,Instituto Politécnico Nacional,MX,5,M,ES,Europe,Hispanic,Mexico City,Mexico City,19.42847,-99.12766
A5012408022,Alexandra N. Schoen,University of Manitoba,CA,5,F,AT,Europe,German,Winnipeg,Manitoba,49.8844,-97.14704
A5103360106,Susan E. Smith,NOAA National Marine Fisheries Service Southwest Fisheries Science Center,US,5,F,GB,Europe,British,La Jolla,NA,32.84727096557617,-117.27420043945312
A5047835964,Kristen Tietjen,University of Kansas,US,5,F,DE,Europe,German,Lawrence,Kansas,38.97167,-95.23525
A5048174646,Jonathan C. P. Reum,NOAA National Marine Fisheries Service Alaska Fisheries Science Center,US,5,M,CH,Europe,Danish,Seattle,NA,47.60620880126953,-122.33206939697266
A5028856691,Carlos Javier Godínez‐Padilla,Cultura,MX,5,M,ES,Europe,Hispanic,Mazatlán,NA,23.19548988342285,-106.42272186279295
A5037587487,Julia M. Lawson,Simon Fraser University,CA,5,F,IE,Europe,British,Burnaby,British Columbia,49.26636,-122.95263
A5037429073,Jeremy A. Goldbogen,Stanford University,US,4,M,NL,Europe,Jewish,Stanford,California,37.42411,-122.16608
A5053964476,Steven D. Gaines,"University of California, Santa Barbara",US,4,M,GB,Europe,British,Santa Barbara,California,34.42083,-119.69819
A5087046632,Jay R. Rooker,Texas A&M University,US,4,M,GB,Europe,British,College Station,Texas,30.62798,-96.33441
A5000584262,Jon Mallatt,Washington State University,US,4,M,GB,Europe,British,Pullman,Washington,46.73127,-117.17962
A5028845829,Víctor M. Vidal‐Martínez,Centro de Investigación y de Estudios Avanzados del Instituto Politécnico Nacional,MX,4,M,ES,Europe,Hispanic,Mexico City,Mexico City,19.42847,-99.12766
A5007384448,Christopher M. Hollenbeck,Texas A&M University – Corpus Christi,US,4,M,AT,Europe,German,Corpus Christi,NA,27.80057907104492,-97.39637756347656
A5000543399,Denise Griffing,Seattle Aquarium,US,4,F,IE,Europe,Irish,Seattle,Washington,47.607608795166016,-122.3422393798828
A5113704869,James S. Franks,University of Southern Mississippi,US,4,M,GB,Europe,British,Hattiesburg,NA,31.327119827270508,-89.29033660888672
A5066221993,Gregory D. Williams,Pacific States Marine Fisheries Commission,NA,4,M,GB,Europe,NA,Portland,NA,45.5234489440918,-122.67620849609376
A5048808463,Héctor Reyes‐Bonilla,Universidad Autónoma de Baja California Sur,MX,4,M,ES,Europe,Hispanic,La Paz,NA,24.10129737854004,-110.31563568115234
A5086670563,G. Christopher Fischer,FamilySearch,US,4,M,DE,Europe,Austrian,Salt Lake City,Utah,40.77019119262695,-111.89452362060548
A5038678158,Xchel G. Moreno‐Sánchez,Instituto Politécnico Nacional,MX,5,M,ES,Europe,Hispanic,Mexico City,Mexico City,19.42847,-99.12766
A5051652211,Lia Celina Méndez-Rodríguez,Instituto Politécnico Nacional,MX,4,F,ES,Europe,Hispanic,Mexico City,Mexico City,19.42847,-99.12766
A5020741280,Jeremy M. Higgs,Gulf of Mexico Research Initiative,US,4,M,GB,Europe,British,Ocean Springs,Mississippi,30.393823623657227,-88.79731750488281
A5065625032,Adolfo Gracía,Universidad Nacional Autónoma de México,MX,4,M,ES,Europe,Hispanic,Mexico City,Mexico City,19.42847,-99.12766
A5113433803,Jon Good,Andrews University,US,4,M,GB,Europe,English,Berrien Springs,Michigan,41.94643,-86.3389
A5001132376,Dave Casper,"University of California, Santa Cruz",US,4,M,GB,Europe,German,Santa Cruz,NA,36.97412109375,-122.03079986572266
A5036711597,Duane E. Stevenson,NOAA National Marine Fisheries Service Alaska Fisheries Science Center,US,4,M,GB,Europe,British,Seattle,NA,47.60620880126953,-122.33206939697266
A5069935336,Kenneth R. Olson,Indiana University Bloomington,US,4,M,SE,Europe,Swedish,Bloomington,Indiana,39.16533,-86.52639
A5007054609,Maurício Cantor,Oregon State University,US,4,M,PT,Europe,Jewish,Corvallis,Oregon,44.56457,-123.26204
A5065064859,Tim Sippel,Washington Department of Fish and Wildlife,US,4,M,DE,Europe,German,Olympia,NA,47.03786849975586,-122.90070343017578
A5087649170,Kayla Hall,Luxel (United States),US,4,F,GB,Europe,British,Friday Harbor,Washington,48.53778076171875,-123.04640197753906
A5085551769,Gerardo Torres-Carrera,Universidad Nacional Autónoma de México,MX,4,M,ES,Europe,Portuguese,Mexico City,Mexico City,19.42847,-99.12766
A5031641861,Neil C. Aschliman,Saint Ambrose University,US,4,M,GB,Europe,Jewish,Davenport,Iowa,41.54016876220703,-90.58008575439452
A5053685251,Juan Carlos Ramírez‐Suárez,Centro de Investigación en Alimentación y Desarrollo,MX,4,M,ES,Europe,Hispanic,Hermosillo,NA,29.114559173583984,-110.92830657958984
A5047747187,Ana R. Hernández‐Téllez,Universidad Autónoma de Sinaloa,MX,4,F,ES,Europe,Hispanic,Culiacán,Sinaloa,24.80209,-107.39421
A5019685067,Rebecca L. Lewison,San Diego State University,US,4,F,GB,Europe,British,San Diego,NA,32.7157096862793,-117.16471862792967
A5112182684,John G. New,Loyola University Chicago,US,4,M,IE,Europe,Irish,Chicago,NA,41.85002899169922,-87.6500473022461
A5049230655,Alejandra Piñón‐Gimate,Instituto Politécnico Nacional,MX,4,F,ES,Europe,Portuguese,Mexico City,Mexico City,19.42847,-99.12766
A5030687631,Alejandro Rosende‐Pereiro,Universidad de Guadalajara,MX,4,M,ES,Europe,Portuguese,Guadalajara,Jalisco,20.66682,-103.39182
A5111975275,R. J. Balment,Creighton University,US,4,M,GB,Europe,British,Omaha,NA,41.25625991821289,-95.9404296875
A5023461544,Jeff Schweitzer,Scripps Institution of Oceanography,US,4,M,DE,Europe,Austrian,La Jolla,California,32.84727,-117.2742
A5104035144,Emily A. Seubert,Mississippi State University,US,4,F,DE,Europe,German,Starkville,Mississippi,33.45049,-88.81961
A5012759140,Kesley Gibson Banks,Texas A&M University – Corpus Christi,US,4,M,GB,Europe,British,Corpus Christi,NA,27.80057907104492,-97.39637756347656
A5052162871,Dietmar Kültz,"University of California, Davis",US,4,M,DE,Europe,German,Davis,California,38.54491,-121.74052
A5111817646,Richard L. Puzdrowski,University of Houston,US,4,M,PL,Europe,Polish,Houston,NA,29.76328086853028,-95.36327362060548
A5012920809,T. Lynn Harrell,University of Alabama,US,4,F,GB,Europe,Irish,Tuscaloosa,Alabama,33.20984,-87.56917
A5047196429,Kelsi M. Rutledge,"University of California, Los Angeles",US,4,F,IE,Europe,Irish,Los Angeles,California,34.05223,-118.24368
A5083972342,Megan M. Morris,Lawrence Livermore National Laboratory,US,4,F,IE,Europe,Irish,Livermore,California,37.68187,-121.76801
A5002414350,Shaara M. Ainsley,Moss Landing Marine Laboratories,US,4,F,IE,Europe,British,Moss Landing,California,36.8044,-121.7869
A5083894201,J. Lisa Hoogenboom,University of Manitoba,CA,4,F,NL,Europe,Dutch,Winnipeg,Manitoba,49.8844,-97.14704
A5088242666,Tanya S. Prinzing,Simon Fraser University,CA,4,F,UA,Europe,German,Burnaby,British Columbia,49.26636,-122.95263
A5023863205,Brian S. Stirling,"California State University, Long Beach",US,5,M,GB,Europe,British,Long Beach,NA,33.76696014404297,-118.1892318725586
A5073135357,Aldo A. Zavala‐Jiménez,"University of California, Santa Cruz",US,4,M,ES,Europe,Hispanic,Santa Cruz,NA,36.97412109375,-122.03079986572266
A5056037781,Timothy E. Essington,University of Washington,US,4,M,GB,Europe,British,Seattle,Washington,47.60621,-122.33207
A5073845463,Christopher R. Perle,Pacific University,US,4,M,AT,Europe,Austrian,Forest Grove,NA,45.51984024047852,-123.11065673828124
A5083421133,Matthew K. Streich,Texas A&M University – Corpus Christi,US,4,M,GB,Europe,German,Corpus Christi,NA,27.80057907104492,-97.39637756347656
A5083334448,Rigoberto Rosas‐Luis,Tecnológico Nacional de México,MX,4,M,PT,Europe,Hispanic,Mexico City,Mexico City,19.42847,-99.12766
A5073898837,Harold E. Kasinsky,University of British Columbia,CA,4,M,AT,Europe,Jewish,Vancouver,British Columbia,49.24966,-123.11934
A5027680128,Jay J. Rotella,Montana State University,US,4,M,IE,Europe,Italian,Bozeman,Montana,45.67965,-111.03856
A5042018014,Francisco Zaragoza-Tapia,Universidad Autónoma del Estado de Hidalgo,MX,4,M,ES,Europe,Hispanic,Pachuca,NA,20.12805557250977,-98.73444366455078
A5046895614,Marin Miner,University of Denver,US,4,F,AT,Europe,Austrian,Denver,NA,39.73915100097656,-104.98470306396484
A5088307368,Daniel Schlenk,"University of California, Riverside",US,4,M,CH,Europe,German,Riverside,California,33.95335,-117.39616
A5049470689,Henry L. Bart,Tulane University,US,4,M,IE,Europe,French,New Orleans,Louisiana,29.95465,-90.07507
A5082972481,María Elena de Bellard,"California State University, Northridge",US,4,F,ES,Europe,French,Northridge,NA,34.22834014892578,-118.53675079345705
A5062044886,Cynthia K. Rigsby,Lurie Children's Hospital,US,4,F,GB,Europe,AfricanAmerican,Chicago,Illinois,41.89710235595703,-87.621612548828125
A5082666143,Seth D. Newsome,University of New Mexico,US,4,M,GH,Africa,British,Albuquerque,New Mexico,35.08449,-106.65114
A5089791699,Dario A. Chávez‐Arrenquín,Cultura,MX,4,M,ES,Europe,Hispanic,Mazatlán,NA,23.19548988342285,-106.42272186279295
A5056916361,Kenneth J. Armour,Creighton University,US,4,M,GB,Europe,British,Omaha,NA,41.25625991821289,-95.9404296875
A5057328117,Jack May,"California State University, Long Beach",US,4,M,GB,Europe,British,Long Beach,NA,33.76696014404297,-118.1892318725586
A5027135636,Francisco Neptalí Morales-Serna,Universidad Nacional Autónoma de México,MX,4,M,ES,Europe,Hispanic,Mexico City,Mexico City,19.42847,-99.12766
A5057126604,Giulio A. De Leo,Pacific University,US,4,M,IT,Europe,Italian,Forest Grove,NA,45.51984024047852,-123.11065673828124
A5024865480,Salvador Siu,Inter-American Tropical Tuna Commission,US,4,M,ES,Europe,Chinese,La Jolla,California,32.84727,-117.2742
A5027171768,Melissa Giresi,Texas A&M University,US,4,F,IT,Europe,Italian,College Station,Texas,30.62798,-96.33441
A5061041445,Lewis A. K. Barnett,Moss Landing Marine Laboratories,US,4,M,GB,Europe,British,Moss Landing,California,36.8044,-121.7869
A5034464331,U. Rashid Sumaila,University of British Columbia,CA,5,M,BD,Asia,Ghanaian,Vancouver,British Columbia,49.24966,-123.11934
A5108272351,Marlon Román,Inter-American Tropical Tuna Commission,US,4,M,ES,Europe,HispanoLatino,La Jolla,California,32.84727,-117.2742
A5108390707,Theodore H. Bullock,Scripps Institution of Oceanography,US,4,M,DE,Europe,British,La Jolla,California,32.84727,-117.2742
A5108398818,Victor Restrepo,Ability Found,US,4,M,ES,Europe,Hispanic,West Valley City,Utah,40.7202262878418,-111.95831298828124
A5108408989,DM Knip,University of British Columbia,CA,4,M,NL,Europe,Dutch,Vancouver,British Columbia,49.24966,-123.11934
A5057641206,W. Wesley Dowd,Washington State University,US,4,M,GB,Europe,Irish,Pullman,Washington,46.73127,-117.17962
A5076678428,R. Stephen Munger,Bamfield Marine Sciences Centre,CA,4,M,CH,Europe,Swiss,Ucluelet,British Columbia,48.83565902709961,-125.13549041748048
A5016685797,Natalie S. Arnoldi,Pacific University,US,4,F,CH,Europe,Italian,Forest Grove,NA,45.51984024047852,-123.11065673828124
A5057776184,Richard D. Norris,Scripps Institution of Oceanography,US,5,M,GB,Europe,British,La Jolla,California,32.84727,-117.2742
A5046396400,Natalie Spear,Texas A&M University at Galveston,US,4,F,GB,Europe,British,Galveston,NA,29.30134963989257,-94.797698974609375
A5108466435,Jeffrey G. Richards,University of British Columbia,CA,4,M,GB,Europe,British,Vancouver,British Columbia,49.24966,-123.11934
A5014164821,Christina Reinick,University of Denver,US,4,F,DE,Europe,German,Denver,NA,39.73915100097656,-104.98470306396484
A5026780373,Donald B. Brinkman,University of Alberta,CA,4,M,NL,Europe,Dutch,Edmonton,Alberta,53.55014,-113.46871
A5010315779,Ingrid Spies,NOAA National Marine Fisheries Service Alaska Fisheries Science Center,US,4,F,NL,Europe,German,Seattle,NA,47.60620880126953,-122.33206939697266
A5044078554,Zachary R. Skelton,NOAA National Marine Fisheries Service Southwest Fisheries Science Center,US,4,M,IE,Europe,British,La Jolla,NA,32.84727096557617,-117.27420043945312
A5033949116,Rafael de la Parra Venegas,Centro Médico ABC,MX,4,M,ES,Europe,Hispanic,Mexico City,NA,19.355993270874023,-99.28316497802734
A5044457502,Beth Polidoro,Arizona State University,US,4,F,TZ,Africa,Italian,Tempe,Arizona,33.41477,-111.90931
A5044207222,Mónica González‐Isáis,Universidad Nacional Autónoma de México,MX,4,F,ES,Europe,Hispanic,Mexico City,Mexico City,19.42847,-99.12766
A5049564909,Sara M. Maxwell,University of Washington Bothell,US,4,F,IE,Europe,British,Bothell,NA,47.76232147216797,-122.20539855957033
A5078433634,Austin Hendy,Natural History Museum of Los Angeles County,US,4,M,IE,Europe,Irish,Los Angeles,California,34.016990661621094,-118.28878021240234
A5014558438,Jinae N. Roa,California State University Los Angeles,US,4,F,KR,Asia,NativeHawaiian,Los Angeles,NA,34.05223083496094,-118.24368286132812
A5059554492,Ramón Pacheco‐Aguilar,Centro de Investigación en Alimentación y Desarrollo,MX,4,M,ES,Europe,Portuguese,Hermosillo,NA,29.114559173583984,-110.92830657958984
A5044989318,Christopher D. Marshall,Texas A&M University at Galveston,US,4,M,GB,Europe,British,Galveston,NA,29.30134963989257,-94.797698974609375
A5015681178,Nick Tolimieri,NOAA National Marine Fisheries Service Northwest Fisheries Science Center,US,4,M,GR,Europe,Italian,Seattle,NA,47.60620880126953,-122.33206939697266
A5059405104,Claire Coiraton,Universidad Nacional Autónoma de México,MX,4,F,FR,Europe,French,Mexico City,Mexico City,19.42847,-99.12766
A5025998424,Bianca K. Prohaska,NOAA National Marine Fisheries Service Alaska Fisheries Science Center,US,4,F,AT,Europe,Austrian,Seattle,NA,47.60620880126953,-122.33206939697266
A5026270606,Ariagna Lara,Instituto Politécnico Nacional,MX,4,F,PT,Europe,Portuguese,Mexico City,Mexico City,19.42847,-99.12766
A5058920655,Jeffrey S. Braswell,Middle Tennessee State University,US,4,M,GB,Europe,British,Murfreesboro,Tennessee,35.84562,-86.39027
A5066969975,Kirsty Ballard,Oregon State University,US,3,F,GB,Europe,British,Corvallis,Oregon,44.56457,-123.26204
A5037250063,J. H. Matis,Texas A&M University,US,3,M,GR,Europe,Greek,College Station,Texas,30.62798,-96.33441
A5109096760,L. M. Dill,Simon Fraser University,CA,3,M,IE,Europe,Irish,Burnaby,British Columbia,49.26636,-122.95263
A5053098672,Sam R. Fellows,"University of California, Merced",US,3,M,GB,Europe,British,Merced,NA,37.30215835571289,-120.48297119140624
A5080090569,Felipe Neri Melo-Barrera,Instituto Politécnico Nacional,MX,3,M,ES,Europe,Hispanic,Mexico City,Mexico City,19.42847,-99.12766
A5079709333,David L. Hess,Oregon National Primate Research Center,US,3,M,GB,Europe,Swiss,Beaverton,Oregon,45.52400588989258,-122.87482452392578
A5015232509,Andrew W. Trites,University of British Columbia,CA,3,M,GB,Europe,Greek,Vancouver,British Columbia,49.24966,-123.11934
A5008368468,Edwin C. Jahn,"California State University, Long Beach",US,3,M,DE,Europe,German,Long Beach,NA,33.76696014404297,-118.1892318725586
A5004811696,Alex Antoniou,Marine Conservation Institute,US,3,M,CY,Asia,Greek,Seattle,Washington,47.6557731628418,-122.34196472167967
A5109313783,Mark S. Okihiro,California Department of Fish and Wildlife,US,3,M,KE,Africa,Japanese,Sacramento,California,38.58157,-121.4944
A5059497335,Amanda E. Jefferson,Mississippi State University,US,3,F,GB,Europe,British,Starkville,Mississippi,33.45049,-88.81961
A5080499456,Patrick J. Walsh,Bamfield Marine Sciences Centre,CA,3,M,IE,Europe,Irish,Ucluelet,British Columbia,48.83565902709961,-125.13549041748048
A5080504041,Stephanie A. Liss,Pacific Northwest National Laboratory,US,3,F,CH,Europe,Jewish,Richland,NA,46.28569030761719,-119.28446197509766
A5080534387,César Meiners‐Mandujano,Universidad Veracruzana,MX,3,M,ES,Europe,Italian,Xalapa,NA,19.53124046325684,-96.9158935546875
A5058347094,Georgina Cox,University of British Columbia,CA,3,F,GB,Europe,British,Vancouver,British Columbia,49.24966,-123.11934
A5044878128,Sarah S. Zeichner,University of Chicago,US,3,F,AT,Europe,Austrian,Chicago,Illinois,41.85003,-87.65005
A5078383610,Alberto Pérez‐Huerta,University of Alabama,US,3,M,ES,Europe,Hispanic,Tuscaloosa,Alabama,33.20984,-87.56917
A5044790718,Jaime González Cano,"University of California, Los Angeles",US,3,M,ES,Europe,HispanoLatino,Los Angeles,California,34.05223,-118.24368
A5059790025,Scott F. Davis,"University of California, Santa Cruz",US,3,M,GB,Europe,British,Santa Cruz,NA,36.97412109375,-122.03079986572266
A5045976535,Fabián A. Rodríguez‐Zaragoza,Universidad de Guadalajara,MX,3,M,ES,Europe,Hispanic,Guadalajara,Jalisco,20.66682,-103.39182
A5108643866,Perry Davis,University of Denver,US,3,M,GB,Europe,AfricanAmerican,Denver,NA,39.73915100097656,-104.98470306396484
A5060032320,Bruce J. Welton,New Mexico Museum of Natural History and Science,US,3,M,GB,Europe,British,Albuquerque,New Mexico,35.09907150268555,-106.66577911376952
A5008112559,Patrick Zubick,Simon Fraser University,CA,3,M,CH,Europe,Irish,Burnaby,British Columbia,49.26636,-122.95263
A5029635426,Carlos Villavicencio-Garayzar,Universidad Autónoma de Baja California Sur,MX,3,M,ES,Europe,Hispanic,La Paz,NA,24.10129737854004,-110.31563568115234
A5004426873,Greg W. Rouse,University of California San Diego,US,3,M,GB,Europe,British,San Diego,California,32.71571,-117.16472
A5046008896,James A. Strother,Oregon State University,US,3,M,IE,Europe,British,Corvallis,Oregon,44.56457,-123.26204
A5044194027,Cristina Ramírez‐Díaz,Instituto Politécnico Nacional,MX,3,F,ES,Europe,Hispanic,Mexico City,Mexico City,19.42847,-99.12766
A5050195192,Heriberto Santana-Hernández,Instituto Nacional de Pesca y Acuacultura,NA,3,M,ES,Europe,NA,Mexico City,NA,19.428470611572266,-99.1276626586914
A5044032458,Lorena Bringas‐Alvarado,Universidad de Sonora,MX,3,F,ES,Europe,Hispanic,Hermosillo,NA,29.10260009765625,-110.9773178100586
A5044288720,Sergio Aguíñiga‐García,Instituto Politécnico Nacional,MX,3,M,ES,Europe,Hispanic,Mexico City,Mexico City,19.42847,-99.12766
A5029878693,Alfonsina E. Romo-Curiel,Ensenada Institute of Technology,MX,3,F,ES,Europe,Hispanic,Ensenada,NA,31.806041717529297,-116.59031677246094
A5089367858,Tarin Ritchie,The University of Texas Medical Branch at Galveston,US,3,F,GB,Europe,Scottish,Galveston,Texas,29.30135,-94.7977
A5014408261,Julio César Martínez-Ayala,Instituto Politécnico Nacional,MX,3,M,ES,Europe,Hispanic,Mexico City,Mexico City,19.42847,-99.12766
A5060321149,Ronald S. Burton,University of California San Diego,US,3,M,GB,Europe,British,San Diego,California,32.71571,-117.16472
A5010952763,Charlene M. Burns,Walt Disney (United States),US,3,F,IE,Europe,Irish,Burbank,California,34.18084,-118.30897
A5100426907,Liang Liang,University of Denver,US,3,M,CN,Asia,Chinese,Denver,NA,39.73915100097656,-104.98470306396484
A5057785941,Aleksandra Maljković,Simon Fraser University,CA,3,F,RS,Europe,Serbian,Burnaby,British Columbia,49.26636,-122.95263
A5027041056,M. Tim Tinker,"University of California, Santa Cruz",US,3,M,DE,Europe,British,Santa Cruz,NA,36.97412109375,-122.03079986572266
A5025050105,Julio Lorda,Universidad Autónoma de Baja California,MX,3,M,ES,Europe,Hispanic,Mexicali,NA,32.627811431884766,-115.45446014404295
A5016971047,Alicia Abadía‐Cardoso,Universidad Autónoma de Baja California,MX,3,F,ES,Europe,Portuguese,Mexicali,NA,32.627811431884766,-115.45446014404295
A5060875407,Mark A. Renshaw,Texas A&M University,US,3,M,GB,Europe,British,College Station,Texas,30.62798,-96.33441
A5100353573,Hao Chen,University of Arizona,US,3,M,TW,Asia,Chinese,Tucson,Arizona,32.22174,-110.92648
A5029553476,Shana K. Goffredi,Occidental College,US,3,F,TZ,Africa,NativeHawaiian,Los Angeles,NA,34.05223083496094,-118.24368286132812
A5076144257,Adán Fernando Mar‐Silva,Universidad Nacional Autónoma de México,MX,3,M,PT,Europe,Portuguese,Mexico City,Mexico City,19.42847,-99.12766
A5057402785,Pedro Luis Díaz‐Carballido,Universidad Nacional Autónoma de México,MX,3,M,ES,Europe,Hispanic,Mexico City,Mexico City,19.42847,-99.12766
A5017115819,Tamzin A. Blewett,Bamfield Marine Sciences Centre,CA,3,F,GB,Europe,British,Ucluelet,British Columbia,48.83565902709961,-125.13549041748048
A5031118859,Gala Moreno,Ability Found,US,3,F,ES,Europe,Hispanic,West Valley City,Utah,40.7202262878418,-111.95831298828124
A5052611662,JAMES D. S. KNUCKEY,Moss Landing Marine Laboratories,US,3,M,IE,Europe,British,Moss Landing,California,36.8044,-121.7869
A5031078989,Katherine B. Loesser,Stennis Space Center,US,3,F,CH,Europe,Austrian,Bay Saint Louis,NA,30.308809280395508,-89.330047607421875
A5003450317,Paul H. Barber,"University of California, Los Angeles",US,3,M,CH,Europe,British,Los Angeles,California,34.05223,-118.24368
A5061205769,Casimiro Quiñónez‐Velázquez,Instituto Politécnico Nacional,MX,3,M,ES,Europe,Hispanic,Mexico City,Mexico City,19.42847,-99.12766
A5061128855,Scott L. Hamilton,San Jose State University,US,3,M,GB,Europe,British,San Jose,NA,37.33938980102539,-121.89495849609376
A5057340692,Katherine R. Kumli,Bay Institute,US,4,F,CH,Europe,Swiss,San Francisco,California,37.80623626708984,-122.41191864013672
A5027218442,Iliana A. Fonseca-Ponce,Bank of Mexico,MX,3,F,PT,Europe,Portuguese,Mexico City,NA,19.428470611572266,-99.1276626586914
A5061316622,Ralph S. Collier,Paulsson (United States),US,3,M,CH,Europe,British,Van Nuys,California,34.215267181396484,-118.49388122558594
A5110720034,Peter Klimley,Marine Conservation Institute,US,3,M,SK,Europe,Irish,Seattle,Washington,47.6557731628418,-122.34196472167967
A5042814789,Rodrigo Moncayo‐Estrada,Instituto Politécnico Nacional,MX,3,M,PT,Europe,Hispanic,Mexico City,Mexico City,19.42847,-99.12766
A5082537294,Karla C. Garcés‐García,Universidad Veracruzana,MX,3,F,ES,Europe,Hispanic,Xalapa,NA,19.53124046325684,-96.9158935546875
A5082590494,Dirk Weihrauch,University of Manitoba,CA,3,M,DE,Europe,German,Winnipeg,Manitoba,49.8844,-97.14704
A5110784563,Sandra Bessudo Lion,"University of California, Los Angeles",US,3,F,IT,Europe,French,Los Angeles,California,34.05223,-118.24368
A5017600916,Evan Johnson‐Ransom,DePaul University,US,3,M,SE,Europe,British,Chicago,NA,41.85002899169922,-87.6500473022461
A5010128596,Nicholas J. Bernier,Bamfield Marine Sciences Centre,CA,3,M,CH,Europe,French,Ucluelet,British Columbia,48.83565902709961,-125.13549041748048
A5089758973,María Teresa Carreón‐Zapiain,Universidad Autónoma de Nuevo León,MX,3,F,ES,Europe,Portuguese,San Nicolás de los Garza,NA,25.741670608520508,-100.3022232055664
A5042475926,Jeffery W. Gerst,University of Nebraska–Lincoln,US,3,M,NL,Europe,German,Lincoln,Nebraska,40.8,-96.66696
A5062124795,Greg D. Williams,Gulf States Marine Fisheries Commission,US,3,M,GB,Europe,British,Ocean Springs,NA,30.41131019592285,-88.82781219482422
A5050504067,Joseph K. Angleson,University of Denver,US,3,M,IE,Europe,NativeHawaiian,Denver,NA,39.73915100097656,-104.98470306396484
A5088464151,H. Kleerekoper,Texas A&M University,US,3,M,DE,Europe,Dutch,College Station,Texas,30.62798,-96.33441
A5027534799,Àlex Bartolí,Marine Conservation Institute,US,3,M,IT,Europe,Italian,Seattle,Washington,47.6557731628418,-122.34196472167967
A5089924598,Jesús Alvarado‐Ortega,Universidad Nacional Autónoma de México,MX,3,M,ES,Europe,Hispanic,Mexico City,Mexico City,19.42847,-99.12766
A5052388281,Sofia Ortega‐García,Instituto Politécnico Nacional,MX,3,F,ES,Europe,Hispanic,Mexico City,Mexico City,19.42847,-99.12766
A5062333763,Olga Marcela Bejarano-Álvarez,Instituto Politécnico Nacional,MX,3,F,ES,Europe,Hispanic,Mexico City,Mexico City,19.42847,-99.12766
A5024216881,James M. Anderson,"California State University, Long Beach",US,3,M,GB,Europe,Scottish,Long Beach,NA,33.76696014404297,-118.1892318725586
A5062099201,Steven Saul,Arizona State University,US,3,M,GB,Europe,Jewish,Tempe,Arizona,33.41477,-111.90931
A5027675948,Elizabeth Clingham,"University of California, Los Angeles",US,3,F,IE,Europe,Irish,Los Angeles,California,34.05223,-118.24368
A5056236831,Dominic G. Swift,Texas A&M University – Corpus Christi,US,3,M,IE,Europe,British,Corpus Christi,NA,27.80057907104492,-97.39637756347656
A5073945857,Gammon Koval,San Jose State University,US,3,M,IL,Asia,Ukrainian,San Jose,NA,37.33938980102539,-121.89495849609376
A5002830227,Renato Peña,Instituto Politécnico Nacional,MX,3,M,IT,Europe,Hispanic,Mexico City,Mexico City,19.42847,-99.12766
A5107412810,Joseph Bonaventura,Marine Conservation Institute,US,3,M,FR,Europe,Italian,Seattle,Washington,47.6557731628418,-122.34196472167967
A5083397889,Eric A. Lewallen,Mayo Clinic,US,3,M,SE,Europe,Swedish,Rochester,NA,44.021629333496094,-92.46990203857422
A5024182200,Lourdes Jiménez-Badillo,Universidad Veracruzana,MX,3,F,ES,Europe,Hispanic,Xalapa,NA,19.53124046325684,-96.9158935546875
A5073592600,Jenny C. Shaw,"University of California, Santa Barbara",US,3,F,GB,Europe,British,Santa Barbara,California,34.42083,-119.69819
A5062808515,Marlon H. Román‐Verdesoto,Inter-American Tropical Tuna Commission,US,3,M,ES,Europe,HispanoLatino,La Jolla,California,32.84727,-117.2742
A5090363793,Lawrence R. Frank,University of California System,US,3,M,IE,Europe,TrinidadTobago,Oakland,California,37.80437,-122.2708
A5090373172,Joshua A. Cullen,Texas A&M University at Galveston,US,3,M,IE,Europe,Irish,Galveston,NA,29.30134963989257,-94.797698974609375
A5027733732,Gabriele Larocca Conte,"University of California, Merced",US,3,M,IT,Europe,Guinean,Merced,NA,37.30215835571289,-120.48297119140624
A5062978375,Jamie S. Yin,Simon Fraser University,CA,3,F,TW,Asia,Chinese,Burnaby,British Columbia,49.26636,-122.95263
A5050552933,Stephen R. Palumbi,Hopkins Marine Station (Stanford),US,3,M,ZM,Africa,Italian,Pacific Grove,California,36.6219,-121.9042
A5073201050,Adam Brown,Point Blue Conservation Science,US,3,M,GB,Europe,British,Petaluma,California,38.22794723510742,-122.59088134765624
A5006325353,Emanuel Mimila‐Herrera,Pronatura Noroeste,MX,3,M,ES,Europe,Portuguese,Ensenada,NA,31.875146865844727,-116.6272964477539
A5055876951,Juan Ezcurra,"California State University, Monterey Bay",US,3,M,ES,Europe,Hispanic,Seaside,NA,36.61106872558594,-121.85162353515624
A5063091331,Lorena Silva‐Garay,"California State University, Long Beach",US,3,F,ES,Europe,HispanoLatino,Long Beach,NA,33.76696014404297,-118.1892318725586
A5101703928,Oscar Méndez,Universidad Veracruzana,MX,3,M,ES,Europe,Hispanic,Xalapa,NA,19.53124046325684,-96.9158935546875
A5011224527,Kisei R. Tanaka,"California State University, Monterey Bay",US,3,M,JP,Asia,Japanese,Seaside,NA,36.61106872558594,-121.85162353515624
A5083836369,Marcial Arellano‐Martínez,Instituto Politécnico Nacional,MX,3,M,ES,Europe,Hispanic,Mexico City,Mexico City,19.42847,-99.12766
A5104087397,Adrian P. Hunt,Mesalands Community College,US,3,M,GB,Europe,British,Tucumcari,New Mexico,35.16095733642578,-103.73638153076172
A5072763035,Enrique Morales‐Bojórquez,Instituto Politécnico Nacional,MX,3,M,ES,Europe,Hispanic,Mexico City,Mexico City,19.42847,-99.12766
A5063320988,Miguel A. Escobedo‐Olvera,Centro de Investigación Científica y de Educación Superior de Ensenada,MX,3,M,ES,Europe,Hispanic,Ensenada,Baja California,31.87149,-116.60071
A5111892174,GR Hoff,NOAA National Marine Fisheries Service Alaska Fisheries Science Center,US,3,M,DE,Europe,German,Seattle,NA,47.60620880126953,-122.33206939697266
A5012743135,María F. Mora,San Diego State University,US,3,F,ES,Europe,HispanoLatino,San Diego,NA,32.7157096862793,-117.16471862792967
A5028146995,Chrystian Carolina Hernández-Lazo,El Colegio de la Frontera Sur,MX,3,F,ES,Europe,Hispanic,Campeche,Campeche,19.84073,-90.51676
A5092729736,P. Santiago Domínguez-Sánchez,Oregon Department of Fish and Wildlife,US,3,M,ES,Europe,Hispanic,Salem,Oregon,44.897403717041016,-123.00270080566406
A5103698965,Héctor Marcos Montes Domínguez,Autonomous University of Tlaxcala,MX,3,M,ES,Europe,Hispanic,Tlaxcala City,NA,19.31904983520508,-98.19982147216795
A5047441481,Mark G. McNamee,"University of California, Davis",US,3,M,IE,Europe,Irish,Davis,California,38.54491,-121.74052
A5019373940,Ian R. Davenport,Xavier University of Louisiana,US,3,M,GB,Europe,British,New Orleans,Louisiana,29.95465,-90.07507
A5064043167,Fumi Katoh,University of Alberta,CA,3,F,JP,Asia,Japanese,Edmonton,Alberta,53.55014,-113.46871
A5001830341,Kenneth Carpenter,University of Colorado Boulder,US,3,M,GB,Europe,British,Boulder,NA,40.01499176025391,-105.2705535888672
A5071278375,Edgar Cruz-Acevedo,Universidad Autónoma de Nuevo León,MX,3,M,PT,Europe,Hispanic,San Nicolás de los Garza,NA,25.741670608520508,-100.3022232055664
A5012574267,Heber Zea-de la Cruz,Universidad Veracruzana,MX,3,M,PT,Europe,Portuguese,Xalapa,NA,19.53124046325684,-96.9158935546875
A5055388401,Guillermo Asmar-Rovira,Scripps Research Institute,US,3,M,ES,Europe,Hispanic,San Diego,NA,32.7157096862793,-117.16471862792967
A5047687950,Deborah A. Farrer,Washington Department of Fish and Wildlife,US,3,F,IE,Europe,Austrian,Olympia,NA,47.03786849975586,-122.90070343017578
A5047783096,Vanessa Alatorre-Ramírez,Instituto Politécnico Nacional,MX,3,F,ES,Europe,Hispanic,Mexico City,Mexico City,19.42847,-99.12766
A5064665187,Lindsay Mullins,Mississippi State University,US,3,F,GB,Europe,Irish,Starkville,Mississippi,33.45049,-88.81961
A5039857832,Robert T. Leaf,University of Southern Mississippi,US,3,M,GB,Europe,British,Hattiesburg,NA,31.327119827270508,-89.29033660888672
A5090913993,Kelly A. Young,"California State University, Long Beach",US,3,F,KR,Asia,NativeHawaiian,Long Beach,NA,33.76696014404297,-118.1892318725586
A5028219915,Kevin R. Piner,NOAA National Marine Fisheries Service Southwest Fisheries Science Center,US,3,M,AT,Europe,Austrian,La Jolla,NA,32.84727096557617,-117.27420043945312
A5028316837,Daniel P. Costa,"University of California, Santa Cruz",US,3,M,PT,Europe,NativeHawaiian,Santa Cruz,NA,36.97412109375,-122.03079986572266
A5022951061,Elizabeth Cuevas-Zimbrón,El Colegio de la Frontera Sur,MX,3,F,IE,Europe,Hispanic,Campeche,Campeche,19.84073,-90.51676
A5070636380,Kristin Walovich,Moss Landing Marine Laboratories,US,3,F,AT,Europe,Jewish,Moss Landing,California,36.8044,-121.7869
A5090804923,Jean R. C. de Marignac,"California State University, Monterey Bay",US,3,M,FR,Europe,French,Seaside,NA,36.61106872558594,-121.85162353515624
A5103499514,Sun H. Kim,DePaul University,US,3,M,KR,Asia,Korean,Chicago,NA,41.85002899169922,-87.6500473022461
A5036402089,David González‐Solís,El Colegio de la Frontera Sur,MX,3,M,ES,Europe,Hispanic,Campeche,Campeche,19.84073,-90.51676
A5020212862,Lisa S. Rotenstein,"California State University, Northridge",US,3,F,AT,Europe,Jewish,Northridge,NA,34.22834014892578,-118.53675079345705
A5065061744,Debbie Farrer,Washington Department of Fish and Wildlife,US,3,F,GB,Europe,Irish,Olympia,NA,47.03786849975586,-122.90070343017578
A5007687266,Heather Welch,NOAA National Marine Fisheries Service Southwest Fisheries Science Center,US,3,F,GB,Europe,British,La Jolla,NA,32.84727096557617,-117.27420043945312
A5047920778,Kaitlin Gallagher,Bamfield Marine Sciences Centre,CA,3,F,IE,Europe,Irish,Ucluelet,British Columbia,48.83565902709961,-125.13549041748048
A5012393751,Kleyton M. Cantalice,Universidad Nacional Autónoma de México,MX,3,M,PT,Europe,Italian,Mexico City,Mexico City,19.42847,-99.12766
A5069957846,René Rosiles-Martínez,Universidad Nacional Autónoma de México,MX,3,M,ES,Europe,Hispanic,Mexico City,Mexico City,19.42847,-99.12766
A5112797639,Dennis A. Powers,Pacific University,US,3,M,IE,Europe,Irish,Forest Grove,NA,45.51984024047852,-123.11065673828124
A5091803399,Doménico Voltolina,Cultura,MX,3,M,IT,Europe,Italian,Mazatlán,NA,23.19548988342285,-106.42272186279295
A5048073547,Isabelle M. Côté,Simon Fraser University,CA,3,F,IE,Europe,French,Burnaby,British Columbia,49.26636,-122.95263
A5101773110,Taylor Smith,"California State University, Long Beach",US,3,M,GB,Europe,British,Long Beach,NA,33.76696014404297,-118.1892318725586
A5113136263,RJ Schallert,Pacific University,US,3,M,DE,Europe,German,Forest Grove,NA,45.51984024047852,-123.11065673828124
A5032056654,Kelly M. Zilliacus,"University of California, Santa Cruz",US,3,F,GR,Europe,NativeHawaiian,Santa Cruz,NA,36.97412109375,-122.03079986572266
A5086442992,John T. Kelly,"University of California, Davis",US,3,M,IE,Europe,Irish,Davis,California,38.54491,-121.74052
A5028598484,Anna B. Sellas,California Academy of Sciences,US,3,F,GR,Europe,Greek,San Francisco,NA,37.77492904663086,-122.41941833496094
A5069412724,D. Nick Weber,Texas A&M University – Corpus Christi,US,3,M,DE,Europe,Austrian,Corpus Christi,NA,27.80057907104492,-97.39637756347656
A5086535026,Eric D. Digel,Simon Fraser University,CA,3,M,CH,Europe,German,Burnaby,British Columbia,49.26636,-122.95263
A5065858252,John F. Mareska,Alabama Department of Conservation and Natural Resources,US,3,M,GR,Europe,Czech,Enterprise,NA,31.315170288085938,-85.85521697998047
A5022414949,Erick Rodríguez-Ibarra,Universidad Autónoma del Estado de Hidalgo,MX,3,M,ES,Europe,Hispanic,Pachuca,NA,20.12805557250977,-98.73444366455078
A5102794157,Michael J. Murray,Auburn University,US,3,M,IE,Europe,Irish,Auburn,Alabama,32.60986,-85.48078
A5113623025,Jeff Christiansen,Seattle Aquarium,US,3,M,DK,Europe,Danish,Seattle,Washington,47.607608795166016,-122.3422393798828
A5101764189,Michael Hofmann,University of Missouri–St. Louis,US,3,M,DE,Europe,German,St Louis,NA,38.62726974487305,-90.19789123535156
A5000525984,Lauren Simonitis,University of Washington,US,3,F,GB,Europe,Lithuanian,Seattle,Washington,47.60621,-122.33207
A5051558141,Berenice Adán-Torres,Universidad Nacional Autónoma de México,MX,3,F,FR,Europe,Portuguese,Mexico City,Mexico City,19.42847,-99.12766
A5091287571,Mary Ellen Blasius,"California State University, Long Beach",US,3,F,IE,Europe,German,Long Beach,NA,33.76696014404297,-118.1892318725586
A5068504550,Xavier Chiappa‐Carrara,Universidad Nacional Autónoma de México,MX,3,M,ES,Europe,Italian,Mexico City,Mexico City,19.42847,-99.12766
A5102733584,Jenifer E. Dugan,"University of California, Santa Barbara",US,3,F,IE,Europe,Irish,Santa Barbara,California,34.42083,-119.69819
A5028918808,Jeannine A. Ott,Texas A&M University,US,3,F,CH,Europe,Austrian,College Station,Texas,30.62798,-96.33441
A5054134645,Burney J. Le Bœuf,"University of California, Santa Cruz",US,3,M,GA,Africa,NativeHawaiian,Santa Cruz,NA,36.97412109375,-122.03079986572266
A5021049046,Satomi Kohno,St. Cloud State University,US,3,F,JP,Asia,Japanese,Saint Cloud,NA,45.56079864501953,-94.16249084472656
A5066475013,Ingvill Jensen,University of Arizona,US,3,F,NO,Europe,Danish,Tucson,Arizona,32.22174,-110.92648
A5066360531,George L. Shillinger,"California State University, Monterey Bay",US,3,M,IE,Europe,Austrian,Seaside,NA,36.61106872558594,-121.85162353515624
A5091309343,Janis Argeswara,Marine Megafauna Foundation,US,3,F,LV,Europe,Indonesian,Truckee,California,39.32731246948242,-120.2057876586914
A5037867415,Gerardo Pérez‐Ponce de León,Universidad Nacional Autónoma de México,MX,3,M,NA,Africa,Hispanic,Mexico City,Mexico City,19.42847,-99.12766
A5087325827,RT Graham,Rice University,US,3,M,GB,Europe,British,Houston,Texas,29.76328,-95.36327
A5028895333,Ryan N. Lehman,University of Southern Mississippi,US,3,M,IE,Europe,Jewish,Hattiesburg,NA,31.327119827270508,-89.29033660888672
A5113719320,Russell D. Vetter,NOAA National Marine Fisheries Service Southwest Fisheries Science Center,US,3,M,GB,Europe,Austrian,La Jolla,NA,32.84727096557617,-117.27420043945312
A5091337146,Pablo del Monte‐Luna,Instituto Politécnico Nacional,MX,3,M,ES,Europe,Hispanic,Mexico City,Mexico City,19.42847,-99.12766
A5114421481,Zachariah S. Merson,"California State University, Long Beach",US,3,M,IE,Europe,British,Long Beach,NA,33.76696014404297,-118.1892318725586
A5021465562,Naotaka Aburatani,Sphere Institute,US,3,M,JP,Asia,Japanese,Burlingame,California,37.590457916259766,-122.3414306640625
A5052729398,Steven Y. Litvin,Pacific University,US,3,M,TW,Asia,Ukrainian,Forest Grove,NA,45.51984024047852,-123.11065673828124
A5034653468,Christine R. Whitcraft,"California State University, Long Beach",US,3,F,GB,Europe,British,Long Beach,NA,33.76696014404297,-118.1892318725586
A5068707905,Rachel M. Aitchison,Moss Landing Marine Laboratories,US,3,F,GB,Europe,British,Moss Landing,California,36.8044,-121.7869
