year,technique_name,primary_discipline,paper_count,total_mentions,avg_mentions_per_paper
1950,STRUCTURE,GEN,3,46,6.571428571428571
1950,Parasitology,BIO,2,6,1.0
1950,Metabolic Rate,BIO,1,3,1.0
1951,STRUCTURE,GEN,4,20,4.0
1951,GAM,DATA,1,4,2.0
1952,STRUCTURE,GEN,7,36,4.0
1952,Parasitology,BIO,1,3,1.0
1953,STRUCTURE,GEN,5,17,2.8333333333333335
1953,GAM,DATA,2,6,1.5
1953,LAMP,GEN,1,2,1.0
1953,LIME,FISH,1,2,1.0
1953,Parasitology,BIO,1,4,2.0
1954,Body Measurements,BIO,1,6,2.0
1954,LIME,FISH,1,3,1.0
1955,STRUCTURE,GEN,2,12,6.0
1957,STRUCTURE,GEN,4,61,6.777777777777778
1957,Parasitology,BIO,2,5,1.0
1957,GAM,DATA,1,2,1.0
1957,LIME,FISH,1,3,1.0
1958,STRUCTURE,GEN,3,7,2.3333333333333335
1959,STRUCTURE,GEN,8,20,1.6666666666666667
1959,Parasitology,BIO,4,12,1.2
1960,STRUCTURE,GEN,4,154,17.11111111111111
1960,Parasitology,BIO,2,15,2.142857142857143
1960,LAMP,GEN,1,4,1.0
1960,Operant Conditioning,BEH,1,4,1.0
1961,STRUCTURE,GEN,7,103,9.363636363636363
1961,Parasitology,BIO,2,15,3.0
1961,LIME,FISH,1,3,1.0
1962,STRUCTURE,GEN,8,63,7.875
1962,Parasitology,BIO,2,6,1.5
1963,STRUCTURE,GEN,13,124,6.526315789473684
1963,Parasitology,BIO,4,52,4.7272727272727275
1963,Body Measurements,BIO,1,2,1.0
1963,LAMP,GEN,1,1,1.0
1964,STRUCTURE,GEN,9,40,4.444444444444445
1964,LAMP,GEN,1,1,1.0
1964,Parasitology,BIO,1,10,5.0
1965,STRUCTURE,GEN,9,33,3.0
1965,Body Measurements,BIO,1,3,1.0
1965,eDNA,GEN,1,1,1.0
1966,STRUCTURE,GEN,19,130,6.190476190476191
1966,Parasitology,BIO,2,36,7.2
1966,LAMP,GEN,1,1,1.0
1967,STRUCTURE,GEN,17,131,5.24
1967,ADMIXTURE,GEN,2,6,1.5
1967,Parasitology,BIO,2,27,4.5
1967,GLM,DATA,1,1,1.0
1967,LIME,FISH,1,3,1.0
1967,Stomach Content Analysis,TRO,1,2,1.0
1968,STRUCTURE,GEN,16,154,5.923076923076923
1968,Parasitology,BIO,6,41,2.411764705882353
1968,ADMIXTURE,GEN,1,2,1.0
1968,Body Measurements,BIO,1,2,1.0
1968,Morphometrics,BIO,1,2,1.0
1969,STRUCTURE,GEN,20,87,3.2222222222222223
1969,Parasitology,BIO,3,57,7.125
1969,GLM,DATA,2,4,1.0
1969,LAMP,GEN,1,1,1.0
1969,LIME,FISH,1,3,1.0
1969,Time Series,DATA,1,2,1.0
1970,STRUCTURE,GEN,20,89,3.869565217391304
1970,Parasitology,BIO,4,46,5.75
1970,ADMIXTURE,GEN,1,2,1.0
1970,LAMP,GEN,1,2,2.0
1970,LIME,FISH,1,3,1.0
1971,STRUCTURE,GEN,16,64,3.3684210526315788
1971,LAMP,GEN,2,3,1.5
1971,ADMIXTURE,GEN,1,2,1.0
1971,Parasitology,BIO,1,12,4.0
1972,STRUCTURE,GEN,32,151,3.973684210526316
1972,Parasitology,BIO,4,102,10.2
1972,Body Measurements,BIO,2,5,1.0
1972,GAM,DATA,1,3,1.0
1972,Metabolic Rate,BIO,1,2,1.0
1973,STRUCTURE,GEN,21,86,3.909090909090909
1973,LAMP,GEN,2,2,1.0
1973,Parasitology,BIO,2,35,7.0
1973,Body Measurements,BIO,1,4,2.0
1973,Fatty Acid Analysis,TRO,1,3,1.0
1973,LIME,FISH,1,2,1.0
1973,Neural Networks,DATA,1,2,1.0
1974,STRUCTURE,GEN,30,122,2.975609756097561
1974,Parasitology,BIO,5,63,4.5
1974,GAM,DATA,1,2,1.0
1974,LAMP,GEN,1,1,1.0
1974,LIME,FISH,1,3,1.0
1974,Metabolic Rate,BIO,1,2,1.0
1975,STRUCTURE,GEN,23,89,2.966666666666667
1975,Parasitology,BIO,4,41,4.555555555555555
1975,LIME,FISH,2,9,1.8
1975,Time Series,DATA,2,39,13.0
1975,Length-Frequency Analysis,BIO,1,3,1.0
1975,Metabolic Rate,BIO,1,2,1.0
1976,STRUCTURE,GEN,22,105,4.375
1976,Parasitology,BIO,2,23,4.6
1976,Body Measurements,BIO,1,4,2.0
1977,STRUCTURE,GEN,26,165,4.714285714285714
1977,Metabolic Rate,BIO,3,7,1.0
1977,Parasitology,BIO,2,81,13.5
1977,ADMIXTURE,GEN,1,2,1.0
1977,Body Measurements,BIO,1,2,1.0
1977,LAMP,GEN,1,2,2.0
1977,LIME,FISH,1,3,1.0
1977,Length-Frequency Analysis,BIO,1,2,1.0
1977,Morphometrics,BIO,1,6,2.0
1977,Stock Assessment,FISH,1,1,1.0
1977,Stomach Content Analysis,TRO,1,18,6.0
1978,STRUCTURE,GEN,36,193,4.595238095238095
1978,Metabolic Rate,BIO,2,42,10.5
1978,Parasitology,BIO,2,24,4.8
1978,ARIMA,DATA,1,4,2.0
1978,Body Measurements,BIO,1,3,1.0
1978,Stomach Content Analysis,TRO,1,2,1.0
1978,Time Series,DATA,1,44,22.0
1979,STRUCTURE,GEN,20,132,4.888888888888889
1979,LAMP,GEN,2,6,3.0
1979,Stock Assessment,FISH,2,8,1.6
1979,LIME,FISH,1,3,1.0
1979,Metabolic Rate,BIO,1,2,1.0
1979,Parasitology,BIO,1,45,15.0
1979,Yield per Recruit,FISH,1,12,4.0
1980,STRUCTURE,GEN,43,335,6.4423076923076925
1980,LIME,FISH,2,5,1.0
1980,Morphometrics,BIO,2,5,1.0
1980,Connectivity,MOV,1,1,1.0
1980,Diet Analysis,TRO,1,8,2.0
1980,Energy Flow,TRO,1,3,1.0
1980,Metabolic Rate,BIO,1,2,1.0
1980,Stock Assessment,FISH,1,4,1.0
1981,STRUCTURE,GEN,33,199,5.378378378378378
1981,Operant Conditioning,BEH,1,6,2.0
1981,Parasitology,BIO,1,3,1.0
1981,Tourism,CON,1,1,1.0
1982,STRUCTURE,GEN,33,437,7.945454545454545
1982,LIME,FISH,5,21,1.75
1982,Metabolic Rate,BIO,4,30,1.5789473684210527
1982,Connectivity,MOV,3,61,3.588235294117647
1982,DNA Barcoding,GEN,3,54,3.375
1982,Conservation Genetics,GEN,2,108,7.2
1982,Genomics,GEN,2,54,3.6
1982,Morphometrics,BIO,2,51,5.666666666666667
1982,Parasitology,BIO,2,309,20.6
1982,Population Genetics,GEN,2,23,1.5333333333333334
1982,Stable Isotope Analysis,TRO,2,36,2.4
1982,Comparative Genomics,GEN,1,24,3.0
1982,Computer Vision,DATA,1,8,1.0
1982,Dominance hierarchy,BEH,1,8,1.0
1982,Fatty Acid Analysis,TRO,1,14,2.0
1982,Foraging Behavior,TRO,1,7,1.0
1982,Habitat Modeling,MOV,1,8,1.0
1982,LAMP,GEN,1,1,1.0
1982,Length-Frequency Analysis,BIO,1,3,1.0
1982,Network Analysis,MOV,1,28,4.0
1982,Niche Partitioning,TRO,1,8,1.0
1982,Phylogenetics,GEN,1,32,4.0
1982,Post-Release Mortality,FISH,1,14,2.0
1982,Post-Release Survival,FISH,1,7,1.0
1982,SNPs,GEN,1,7,1.0
1982,Social Network Analysis,BEH,1,7,1.0
1982,Stock Assessment,FISH,1,8,1.0
1982,Stomach Content Analysis,TRO,1,16,2.0
1982,Tourism,CON,1,40,5.0
1982,Yield per Recruit,FISH,1,3,1.0
1983,STRUCTURE,GEN,52,299,4.53030303030303
1983,LIME,FISH,4,8,1.0
1983,Connectivity,MOV,3,5,1.0
1983,Parasitology,BIO,3,30,3.75
1983,Body Measurements,BIO,2,8,1.6
1983,LAMP,GEN,2,3,1.5
1983,Stock Assessment,FISH,2,5,1.0
1983,BORIS,BEH,1,4,1.0
1983,GAM,DATA,1,3,1.0
1983,Length-Frequency Analysis,BIO,1,12,3.0
1983,Metabolic Rate,BIO,1,9,3.0
1983,Stomach Content Analysis,TRO,1,4,1.0
1984,STRUCTURE,GEN,40,217,3.9454545454545453
1984,Parasitology,BIO,5,45,3.4615384615384617
1984,Metabolic Rate,BIO,3,13,1.8571428571428572
1984,Yield per Recruit,FISH,3,17,2.125
1984,Stock Assessment,FISH,2,7,1.75
1984,ADMIXTURE,GEN,1,2,1.0
1984,Body Measurements,BIO,1,2,1.0
1984,Connectivity,MOV,1,10,5.0
1984,Fatty Acid Analysis,TRO,1,1,1.0
1984,LAMP,GEN,1,1,1.0
1984,Operant Conditioning,BEH,1,2,1.0
1984,Stomach Content Analysis,TRO,1,3,1.0
1984,Time Series,DATA,1,3,1.0
1985,STRUCTURE,GEN,56,287,3.776315789473684
1985,Parasitology,BIO,4,54,4.909090909090909
1985,Metabolic Rate,BIO,3,17,2.125
1985,Body Measurements,BIO,2,5,1.0
1985,Connectivity,MOV,1,2,1.0
1985,Dominance hierarchy,BEH,1,6,2.0
1985,Genetic relatedness,GEN,1,2,1.0
1985,LAMP,GEN,1,1,1.0
1985,LIME,FISH,1,3,1.0
1985,Morphometrics,BIO,1,6,3.0
1985,Population Genetics,GEN,1,1,1.0
1985,Prey Selection,TRO,1,3,1.0
1986,STRUCTURE,GEN,44,263,4.781818181818182
1986,Parasitology,BIO,6,355,20.88235294117647
1986,LAMP,GEN,3,14,1.75
1986,Body Measurements,BIO,1,2,1.0
1986,LIME,FISH,1,4,1.0
1986,Metabolic Rate,BIO,1,2,1.0
1986,Prey Selection,TRO,1,9,3.0
1986,Yield per Recruit,FISH,1,3,1.0
1987,STRUCTURE,GEN,49,212,3.1641791044776117
1987,Parasitology,BIO,10,205,6.833333333333333
1987,Metabolic Rate,BIO,2,4,1.0
1987,Connectivity,MOV,1,2,1.0
1987,Energy Flow,TRO,1,4,1.0
1987,LAMP,GEN,1,9,3.0
1987,Morphometrics,BIO,1,6,2.0
1987,Phylogenetics,GEN,1,1,1.0
1987,Prey Selection,TRO,1,4,1.0
1987,Stomach Content Analysis,TRO,1,1,1.0
1987,Time Series,DATA,1,8,4.0
1987,Yield per Recruit,FISH,1,2,1.0
1987,eDNA,GEN,1,1,1.0
1988,STRUCTURE,GEN,46,387,5.863636363636363
1988,Metabolic Rate,BIO,8,81,4.05
1988,Parasitology,BIO,5,24,1.8461538461538463
1988,Connectivity,MOV,3,8,1.0
1988,LAMP,GEN,3,5,1.0
1988,Body Measurements,BIO,1,2,1.0
1988,GAM,DATA,1,4,4.0
1988,LIME,FISH,1,3,1.0
1988,Operant Conditioning,BEH,1,4,1.0
1988,Population Genetics,GEN,1,2,2.0
1988,Stock Assessment,FISH,1,2,1.0
1988,Time Series,DATA,1,2,1.0
1989,STRUCTURE,GEN,46,258,4.777777777777778
1989,Parasitology,BIO,8,81,4.5
1989,Metabolic Rate,BIO,2,7,1.4
1989,Population Genetics,GEN,2,13,6.5
1989,BORIS,BEH,1,2,1.0
1989,Body Measurements,BIO,1,2,1.0
1989,Morphometrics,BIO,1,3,1.0
1989,Multispecies Models,FISH,1,1,1.0
1989,Prey Selection,TRO,1,2,1.0
1989,eDNA,GEN,1,4,4.0
1990,STRUCTURE,GEN,58,369,4.1
1990,Parasitology,BIO,14,223,6.027027027027027
1990,LIME,FISH,3,15,1.6666666666666667
1990,Metabolic Rate,BIO,2,35,7.0
1990,Morphometrics,BIO,2,6,1.5
1990,Body Measurements,BIO,1,9,3.0
1990,Connectivity,MOV,1,4,2.0
1990,Diet Analysis,TRO,1,3,1.0
1990,Energy Flow,TRO,1,9,3.0
1990,LAMP,GEN,1,1,1.0
1990,Phylogenetics,GEN,1,1,1.0
1990,Stock Assessment,FISH,1,2,1.0
1990,Stomach Content Analysis,TRO,1,6,2.0
1990,Tourism,CON,1,1,1.0
1990,Yield per Recruit,FISH,1,2,1.0
1991,STRUCTURE,GEN,56,335,3.681318681318681
1991,Parasitology,BIO,6,96,5.333333333333333
1991,Morphometrics,BIO,3,19,1.9
1991,Connectivity,MOV,2,8,2.0
1991,LIME,FISH,2,5,1.0
1991,Phylogenetics,GEN,2,3,1.0
1991,Stock Assessment,FISH,2,6,1.0
1991,Time Series,DATA,2,4,1.0
1991,Body Measurements,BIO,1,3,1.0
1991,Dominance hierarchy,BEH,1,12,4.0
1991,Fatty Acid Analysis,TRO,1,2,1.0
1991,GLM,DATA,1,2,1.0
1991,LAMP,GEN,1,1,1.0
1991,Metabolic Rate,BIO,1,3,1.0
1991,Population Genetics,GEN,1,3,3.0
1991,Prey Selection,TRO,1,3,1.0
1991,Stomach Content Analysis,TRO,1,2,1.0
1991,Yield per Recruit,FISH,1,42,14.0
1991,eDNA,GEN,1,3,3.0
1992,STRUCTURE,GEN,64,524,5.887640449438202
1992,Parasitology,BIO,7,123,6.833333333333333
1992,Metabolic Rate,BIO,4,13,1.4444444444444444
1992,Morphometrics,BIO,4,39,3.25
1992,Population Genetics,GEN,4,7,1.1666666666666667
1992,Length-Frequency Analysis,BIO,3,10,1.4285714285714286
1992,Phylogenetics,GEN,3,8,1.6
1992,Stock Assessment,FISH,3,9,1.2857142857142858
1992,GLM,DATA,2,5,1.0
1992,LIME,FISH,2,5,1.0
1992,Stomach Content Analysis,TRO,2,4,1.0
1992,Time Series,DATA,2,3,1.0
1992,Connectivity,MOV,1,2,1.0
1992,Diet Analysis,TRO,1,3,1.0
1992,LAMP,GEN,1,3,3.0
1992,Tourism,CON,1,1,1.0
1993,STRUCTURE,GEN,69,337,3.7444444444444445
1993,Metabolic Rate,BIO,6,31,1.631578947368421
1993,Parasitology,BIO,6,46,2.875
1993,Connectivity,MOV,2,4,1.0
1993,Stock Assessment,FISH,2,5,1.6666666666666667
1993,ARIMA,DATA,1,3,3.0
1993,Dominance hierarchy,BEH,1,10,2.0
1993,Foraging Behavior,TRO,1,5,1.0
1993,LAMP,GEN,1,1,1.0
1993,LIME,FISH,1,2,1.0
1993,Length-Based Methods,FISH,1,2,1.0
1993,Morphometrics,BIO,1,3,1.0
1993,Operant Conditioning,BEH,1,15,3.0
1993,Optimal Foraging Theory,TRO,1,3,1.0
1993,Prey Selection,TRO,1,10,2.0
1993,Stomach Content Analysis,TRO,1,1,1.0
1993,Video Analysis,BEH,1,3,1.0
1994,STRUCTURE,GEN,50,261,4.142857142857143
1994,Parasitology,BIO,4,204,20.4
1994,Metabolic Rate,BIO,3,52,6.5
1994,Connectivity,MOV,2,10,2.5
1994,Phylogenetics,GEN,2,2,1.0
1994,Population Genetics,GEN,2,3,1.0
1994,Stock Assessment,FISH,2,3,1.0
1994,Energy Flow,TRO,1,3,1.0
1994,LAMP,GEN,1,2,2.0
1994,LIME,FISH,1,9,3.0
1994,Morphometrics,BIO,1,2,1.0
1994,Multispecies Models,FISH,1,1,1.0
1994,Stomach Content Analysis,TRO,1,1,1.0
1994,Video Analysis,BEH,1,3,1.0
1994,eDNA,GEN,1,2,2.0
1995,STRUCTURE,GEN,55,225,2.960526315789474
1995,Parasitology,BIO,3,42,4.666666666666667
1995,GLM,DATA,2,3,1.0
1995,Stock Assessment,FISH,2,3,1.0
1995,Time Series,DATA,2,5,1.0
1995,Tourism,CON,2,8,1.6
1995,Connectivity,MOV,1,2,1.0
1995,GAM,DATA,1,2,1.0
1995,LIME,FISH,1,3,1.0
1995,Morphometrics,BIO,1,9,3.0
1995,Neural Networks,DATA,1,2,1.0
1995,Population Genetics,GEN,1,3,1.0
1995,Video Analysis,BEH,1,3,1.0
1995,eDNA,GEN,1,1,1.0
1996,STRUCTURE,GEN,52,357,4.958333333333333
1996,Parasitology,BIO,8,110,5.5
1996,Connectivity,MOV,3,23,3.2857142857142856
1996,Foraging Behavior,TRO,2,4,1.0
1996,LAMP,GEN,2,3,1.5
1996,Metabolic Rate,BIO,2,19,3.8
1996,Phylogenetics,GEN,2,4,1.0
1996,Stock Assessment,FISH,2,4,1.0
1996,Yield per Recruit,FISH,2,4,1.0
1996,eDNA,GEN,2,4,1.0
1996,ARIMA,DATA,1,2,1.0
1996,Energy Flow,TRO,1,3,1.0
1996,LBB,FISH,1,3,1.0
1996,LIME,FISH,1,4,1.0
1996,Length-Converted Catch Curves,FISH,1,2,1.0
1996,Population Genetics,GEN,1,3,3.0
1996,Prey Selection,TRO,1,3,1.0
1996,Stomach Content Analysis,TRO,1,1,1.0
1996,Tourism,CON,1,1,1.0
1996,mtDNA,GEN,1,18,18.0
1997,STRUCTURE,GEN,53,411,4.516483516483516
1997,Parasitology,BIO,7,137,6.85
1997,Metabolic Rate,BIO,5,53,3.7857142857142856
1997,Stock Assessment,FISH,4,42,4.666666666666667
1997,Yield per Recruit,FISH,4,55,4.230769230769231
1997,Age-Structured Models,FISH,3,16,1.6
1997,Time Series,DATA,3,17,1.7
1997,Body Measurements,BIO,2,9,1.5
1997,Diet Analysis,TRO,2,9,1.5
1997,Stomach Content Analysis,TRO,2,6,1.0
1997,Tourism,CON,2,66,22.0
1997,Connectivity,MOV,1,1,1.0
1997,Fatty Acid Analysis,TRO,1,4,2.0
1997,Genomics,GEN,1,1,1.0
1997,LIME,FISH,1,4,1.0
1997,Length-Frequency Analysis,BIO,1,3,1.0
1997,Morphometrics,BIO,1,4,1.0
1997,Population Genetics,GEN,1,3,1.0
1997,Post-Release Survival,FISH,1,3,1.0
1997,Video Analysis,BEH,1,8,2.0
1997,mtDNA,GEN,1,1,1.0
1998,STRUCTURE,GEN,76,452,3.7049180327868854
1998,Stock Assessment,FISH,17,140,4.0
1998,Parasitology,BIO,14,224,6.054054054054054
1998,Time Series,DATA,7,19,1.1176470588235294
1998,Morphometrics,BIO,5,27,1.8
1998,Yield per Recruit,FISH,5,39,3.0
1998,Metabolic Rate,BIO,3,28,4.0
1998,Age-Structured Models,FISH,2,5,1.0
1998,GLM,DATA,2,8,2.0
1998,Connectivity,MOV,1,2,1.0
1998,Critical Habitat,MOV,1,3,1.0
1998,Discard Mortality,FISH,1,6,2.0
1998,Length-Based Methods,FISH,1,3,1.0
1998,Length-Converted Catch Curves,FISH,1,2,1.0
1998,Length-Frequency Analysis,BIO,1,2,1.0
1998,Meta-Analysis,DATA,1,3,1.0
1998,Phylogenetics,GEN,1,2,1.0
1998,Population Genetics,GEN,1,4,2.0
1998,Prey Selection,TRO,1,2,1.0
1998,Stomach Content Analysis,TRO,1,1,1.0
1998,Tourism,CON,1,3,1.0
1998,eDNA,GEN,1,2,2.0
1998,mtDNA,GEN,1,46,23.0
1999,STRUCTURE,GEN,59,459,5.7375
1999,Parasitology,BIO,5,330,23.571428571428573
1999,Stock Assessment,FISH,4,35,3.1818181818181817
1999,Metabolic Rate,BIO,2,4,1.0
1999,Time Series,DATA,2,60,10.0
1999,Yield per Recruit,FISH,2,6,1.0
1999,Age-Structured Models,FISH,1,6,2.0
1999,Body Measurements,BIO,1,4,2.0
1999,Connectivity,MOV,1,6,3.0
1999,GAM,DATA,1,150,50.0
1999,GLM,DATA,1,45,15.0
1999,LIME,FISH,1,6,2.0
1999,Morphometrics,BIO,1,9,3.0
1999,Niche Partitioning,TRO,1,2,1.0
1999,Stomach Content Analysis,TRO,1,2,1.0
2000,STRUCTURE,GEN,62,569,5.524271844660194
2000,Parasitology,BIO,11,199,6.633333333333334
2000,Stock Assessment,FISH,9,85,3.8636363636363638
2000,Time Series,DATA,6,27,1.588235294117647
2000,Metabolic Rate,BIO,4,29,2.9
2000,Morphometrics,BIO,4,22,2.2
2000,Yield per Recruit,FISH,4,14,1.2727272727272727
2000,Diet Analysis,TRO,2,6,1.0
2000,GLM,DATA,2,69,11.5
2000,Meta-Analysis,DATA,2,4,1.0
2000,Population Genetics,GEN,2,8,2.0
2000,Tourism,CON,2,8,1.0
2000,ADMIXTURE,GEN,1,2,1.0
2000,ARIMA,DATA,1,1,1.0
2000,Body Measurements,BIO,1,4,1.0
2000,Ecosystem Models,FISH,1,2,1.0
2000,Fatty Acid Analysis,TRO,1,1,1.0
2000,Maturity Ogive,BIO,1,8,2.0
2000,Phylogenetics,GEN,1,3,1.0
2000,Prey Selection,TRO,1,18,6.0
2000,Stomach Content Analysis,TRO,1,1,1.0
2000,Video Analysis,BEH,1,2,1.0
2000,Virtual Population Analysis,FISH,1,3,1.0
2000,mtDNA,GEN,1,3,1.0
2001,STRUCTURE,GEN,86,525,4.133858267716535
2001,Parasitology,BIO,14,290,8.529411764705882
2001,Metabolic Rate,BIO,9,105,4.375
2001,Time Series,DATA,8,20,1.1111111111111112
2001,Stock Assessment,FISH,7,36,1.894736842105263
2001,Phylogenetics,GEN,5,10,1.0
2001,Foraging Behavior,TRO,4,12,1.2
2001,Genomics,GEN,3,8,1.6
2001,Population Genetics,GEN,3,5,1.6666666666666667
2001,Connectivity,MOV,2,4,1.0
2001,Dominance hierarchy,BEH,2,14,2.3333333333333335
2001,LIME,FISH,2,7,1.4
2001,Stomach Content Analysis,TRO,2,9,1.5
2001,Tourism,CON,2,24,4.8
2001,mtDNA,GEN,2,8,2.0
2001,Ancient DNA,GEN,1,1,1.0
2001,BORIS,BEH,1,4,1.0
2001,Body Measurements,BIO,1,4,2.0
2001,Conservation Genetics,GEN,1,1,1.0
2001,Critical Habitat,MOV,1,4,1.0
2001,Cross-Validation,DATA,1,10,5.0
2001,FST Analysis,GEN,1,2,1.0
2001,Fecundity Estimation,BIO,1,5,1.0
2001,GAM,DATA,1,102,51.0
2001,GLM,DATA,1,1,1.0
2001,Genetic relatedness,GEN,1,4,1.0
2001,LAMP,GEN,1,4,4.0
2001,Length-Frequency Analysis,BIO,1,4,1.0
2001,Maturity Ogive,BIO,1,4,1.0
2001,Morphometrics,BIO,1,18,6.0
2001,Prey Selection,TRO,1,3,1.0
2001,Yield per Recruit,FISH,1,3,1.0
2002,STRUCTURE,GEN,105,704,4.4
2002,Parasitology,BIO,14,418,11.297297297297296
2002,Metabolic Rate,BIO,12,100,2.9411764705882355
2002,Stock Assessment,FISH,12,65,2.5
2002,Time Series,DATA,7,21,1.4
2002,Diet Analysis,TRO,4,13,1.0
2002,Foraging Behavior,TRO,4,9,1.0
2002,GLM,DATA,3,59,8.428571428571429
2002,Population Genetics,GEN,3,7,1.75
2002,Yield per Recruit,FISH,3,9,1.0
2002,Morphometrics,BIO,2,11,2.2
2002,Phylogenetics,GEN,2,34,8.5
2002,Conservation Genetics,GEN,1,1,1.0
2002,Cross-Validation,DATA,1,6,3.0
2002,Energy Flow,TRO,1,4,1.0
2002,GAM,DATA,1,162,81.0
2002,Genomics,GEN,1,1,1.0
2002,LAMP,GEN,1,1,1.0
2002,Maturity Ogive,BIO,1,3,1.0
2002,Meta-Analysis,DATA,1,8,4.0
2002,Minimum Convex Polygon,MOV,1,12,3.0
2002,Post-Release Mortality,FISH,1,5,1.0
2002,Stomach Content Analysis,TRO,1,2,1.0
2002,Surplus Production Models,FISH,1,3,1.0
2002,Tourism,CON,1,2,1.0
2002,Virtual Population Analysis,FISH,1,4,2.0
2002,eDNA,GEN,1,3,1.0
2002,mtDNA,GEN,1,9,3.0
2003,STRUCTURE,GEN,83,429,3.4878048780487805
2003,Parasitology,BIO,10,158,6.076923076923077
2003,Metabolic Rate,BIO,9,65,2.6
2003,Stock Assessment,FISH,6,11,1.1
2003,Genomics,GEN,4,9,1.5
2003,Prey Selection,TRO,4,19,1.3571428571428572
2003,Phylogenetics,GEN,3,54,7.714285714285714
2003,mtDNA,GEN,3,30,6.0
2003,Comparative Genomics,GEN,2,3,1.5
2003,Conservation Genetics,GEN,2,2,1.0
2003,Home Range Analysis,MOV,2,4,1.0
2003,LAMP,GEN,2,6,3.0
2003,Morphometrics,BIO,2,8,2.0
2003,Time Series,DATA,2,6,1.0
2003,Video Analysis,BEH,2,5,1.0
2003,ARIMA,DATA,1,5,1.0
2003,BORIS,BEH,1,3,1.0
2003,Connectivity,MOV,1,10,2.0
2003,Diet Analysis,TRO,1,3,1.0
2003,Discard Mortality,FISH,1,4,2.0
2003,Fatty Acid Analysis,TRO,1,2,1.0
2003,Foraging Behavior,TRO,1,4,1.0
2003,GLM,DATA,1,1,1.0
2003,Genetic relatedness,GEN,1,2,1.0
2003,LIME,FISH,1,6,2.0
2003,Minimum Convex Polygon,MOV,1,2,1.0
2003,Neural Networks,DATA,1,2,1.0
2003,Optimal Foraging Theory,TRO,1,4,1.0
2003,Population Genetics,GEN,1,3,3.0
2003,Post-Release Mortality,FISH,1,2,1.0
2003,Post-Release Survival,FISH,1,15,3.0
2003,Stable Isotope Analysis,TRO,1,9,3.0
2003,Stomach Content Analysis,TRO,1,2,1.0
2003,Tourism,CON,1,1,1.0
2003,Yield per Recruit,FISH,1,2,1.0
2004,STRUCTURE,GEN,76,509,4.241666666666666
2004,Parasitology,BIO,11,245,8.166666666666666
2004,Metabolic Rate,BIO,8,42,2.0
2004,Stock Assessment,FISH,8,20,1.1764705882352942
2004,Morphometrics,BIO,6,28,1.6470588235294117
2004,Phylogenetics,GEN,5,60,5.454545454545454
2004,Genomics,GEN,4,13,3.25
2004,Population Genetics,GEN,3,13,1.8571428571428572
2004,mtDNA,GEN,3,30,3.3333333333333335
2004,Comparative Genomics,GEN,2,2,1.0
2004,Diet Analysis,TRO,2,5,1.0
2004,Fatty Acid Analysis,TRO,2,3,1.0
2004,Prey Selection,TRO,2,5,1.0
2004,Stomach Content Analysis,TRO,2,3,1.0
2004,Tourism,CON,2,80,40.0
2004,BORIS,BEH,1,3,1.0
2004,Conservation Genetics,GEN,1,1,1.0
2004,Critical Habitat,MOV,1,3,1.0
2004,Ecosystem Roles,TRO,1,6,2.0
2004,Foraging Behavior,TRO,1,1,1.0
2004,Genetic relatedness,GEN,1,3,1.0
2004,LIME,FISH,1,3,1.0
2004,Meta-Analysis,DATA,1,2,1.0
2004,Minimum Convex Polygon,MOV,1,4,2.0
2004,NMDS,TRO,1,9,3.0
2004,Neural Networks,DATA,1,1,1.0
2004,Post-Release Survival,FISH,1,12,6.0
2004,Stable Isotope Analysis,TRO,1,4,1.0
2004,Time Series,DATA,1,3,1.0
2004,Whole Genome Sequencing,GEN,1,1,1.0
2004,Yield per Recruit,FISH,1,2,1.0
2005,STRUCTURE,GEN,123,1016,4.535714285714286
2005,Stock Assessment,FISH,19,118,2.1454545454545455
2005,Parasitology,BIO,18,311,6.479166666666667
2005,Morphometrics,BIO,8,82,3.28
2005,Time Series,DATA,8,34,1.8888888888888888
2005,Tourism,CON,7,27,1.588235294117647
2005,Metabolic Rate,BIO,6,69,3.2857142857142856
2005,mtDNA,GEN,5,54,10.8
2005,Maturity Ogive,BIO,4,23,1.5333333333333334
2005,Minimum Convex Polygon,MOV,4,37,2.8461538461538463
2005,Phylogenetics,GEN,4,22,3.142857142857143
2005,Stomach Content Analysis,TRO,4,42,3.5
2005,Body Measurements,BIO,3,8,1.0
2005,Conservation Genetics,GEN,3,9,1.0
2005,Foraging Behavior,TRO,3,7,1.0
2005,GLM,DATA,3,17,2.4285714285714284
2005,Genomics,GEN,3,3,1.0
2005,LIME,FISH,3,14,1.75
2005,Population Genetics,GEN,3,31,5.166666666666667
2005,Stable Isotope Analysis,TRO,3,40,5.714285714285714
2005,Connectivity,MOV,2,6,1.0
2005,Critical Habitat,MOV,2,10,1.6666666666666667
2005,Diet Analysis,TRO,2,6,1.0
2005,Discard Mortality,FISH,2,7,1.0
2005,Meta-Analysis,DATA,2,7,1.75
2005,Niche Partitioning,TRO,2,16,2.0
2005,Prey Selection,TRO,2,7,1.0
2005,ARIMA,DATA,1,2,1.0
2005,Bycatch Assessment,FISH,1,3,1.0
2005,Catch Curve Analysis,FISH,1,3,1.0
2005,DNA Barcoding,GEN,1,6,6.0
2005,DNA Forensics,GEN,1,3,1.0
2005,Home Range Analysis,MOV,1,4,1.0
2005,LAMP,GEN,1,1,1.0
2005,MPA Design,MOV,1,2,1.0
2005,Video Analysis,BEH,1,3,1.0
2005,Yield per Recruit,FISH,1,3,1.0
2006,STRUCTURE,GEN,133,1366,5.377952755905512
2006,Parasitology,BIO,23,459,7.403225806451613
2006,Stock Assessment,FISH,19,152,3.04
2006,Morphometrics,BIO,11,105,2.763157894736842
2006,Metabolic Rate,BIO,10,53,2.0384615384615383
2006,Time Series,DATA,10,69,2.5555555555555554
2006,Foraging Behavior,TRO,8,18,1.0
2006,Tourism,CON,8,34,1.619047619047619
2006,mtDNA,GEN,7,88,5.866666666666666
2006,Connectivity,MOV,6,23,1.6428571428571428
2006,Conservation Genetics,GEN,6,13,1.3
2006,LAMP,GEN,6,20,1.25
2006,Population Genetics,GEN,5,15,1.5
2006,GLM,DATA,3,11,1.375
2006,Maturity Ogive,BIO,3,33,3.6666666666666665
2006,Phylogenetics,GEN,3,22,5.5
2006,ADMIXTURE,GEN,2,5,1.0
2006,Age-Structured Models,FISH,2,6,1.0
2006,Bayesian Methods,DATA,2,6,1.0
2006,Critical Habitat,MOV,2,25,2.272727272727273
2006,Genomics,GEN,2,28,14.0
2006,LIME,FISH,2,6,1.0
2006,Markov Chain Monte Carlo,DATA,2,5,1.0
2006,NMDS,TRO,2,5,1.0
2006,Prey Selection,TRO,2,14,2.8
2006,Stomach Content Analysis,TRO,2,19,1.5833333333333333
2006,Yield per Recruit,FISH,2,27,3.857142857142857
2006,Body Measurements,BIO,1,7,1.0
2006,Comparative Genomics,GEN,1,3,3.0
2006,Cross-Validation,DATA,1,6,3.0
2006,DNA Barcoding,GEN,1,12,6.0
2006,DNA Forensics,GEN,1,1,1.0
2006,Depletion Methods,FISH,1,4,1.0
2006,Diet Analysis,TRO,1,14,2.0
2006,Dominance hierarchy,BEH,1,4,1.0
2006,Ecosystem Models,FISH,1,6,2.0
2006,Energy Flow,TRO,1,2,1.0
2006,Fecundity Estimation,BIO,1,5,1.0
2006,GAM,DATA,1,10,5.0
2006,IUCN Red List Assessment,CON,1,3,1.0
2006,Length-Frequency Analysis,BIO,1,3,1.0
2006,MPA Design,MOV,1,3,1.0
2006,Meta-Analysis,DATA,1,2,1.0
2006,Niche Partitioning,TRO,1,2,1.0
2006,Operant Conditioning,BEH,1,3,1.0
2006,Optimal Foraging Theory,TRO,1,4,1.0
2006,Post-Release Mortality,FISH,1,42,14.0
2006,SNPs,GEN,1,1,1.0
2006,Stable Isotope Analysis,TRO,1,4,2.0
2006,Surplus Production Models,FISH,1,12,3.0
2007,STRUCTURE,GEN,180,1354,4.078313253012048
2007,Stock Assessment,FISH,25,154,2.3692307692307693
2007,Parasitology,BIO,18,566,11.551020408163266
2007,Tourism,CON,18,179,4.068181818181818
2007,Morphometrics,BIO,14,66,1.6097560975609757
2007,Phylogenetics,GEN,12,54,2.7
2007,Time Series,DATA,11,45,1.7307692307692308
2007,Genomics,GEN,10,31,2.8181818181818183
2007,Metabolic Rate,BIO,10,88,2.933333333333333
2007,mtDNA,GEN,10,135,6.75
2007,Connectivity,MOV,9,45,1.7307692307692308
2007,Foraging Behavior,TRO,9,53,2.65
2007,GLM,DATA,8,80,3.3333333333333335
2007,Meta-Analysis,DATA,8,25,1.1363636363636365
2007,Population Genetics,GEN,8,30,1.7647058823529411
2007,Diet Analysis,TRO,6,26,1.3
2007,Ecosystem Models,FISH,6,25,1.7857142857142858
2007,Stomach Content Analysis,TRO,6,27,1.588235294117647
2007,Conservation Genetics,GEN,4,8,1.6
2007,Prey Selection,TRO,4,12,1.0
2007,Maturity Ogive,BIO,3,52,4.333333333333333
2007,Yield per Recruit,FISH,3,9,1.0
2007,ADMIXTURE,GEN,2,8,1.6
2007,Critical Habitat,MOV,2,14,1.5555555555555556
2007,Energy Flow,TRO,2,13,1.625
2007,LAMP,GEN,2,2,1.0
2007,Minimum Convex Polygon,MOV,2,6,1.0
2007,Niche Partitioning,TRO,2,11,1.5714285714285714
2007,Post-Release Mortality,FISH,2,8,1.6
2007,Post-Release Survival,FISH,2,9,1.5
2007,Stable Isotope Analysis,TRO,2,4,1.3333333333333333
2007,BORIS,BEH,1,3,1.0
2007,Behavioural Observation,BEH,1,4,1.0
2007,Body Measurements,BIO,1,3,1.0
2007,Bycatch Assessment,FISH,1,4,1.0
2007,CPUE Standardization,FISH,1,3,1.0
2007,Comparative Genomics,GEN,1,1,1.0
2007,Contingent Valuation,CON,1,4,2.0
2007,Discard Mortality,FISH,1,40,20.0
2007,Fatty Acid Analysis,TRO,1,2,1.0
2007,Fisher Interviews,FISH,1,6,3.0
2007,Food Web Models,TRO,1,3,1.0
2007,GAM,DATA,1,24,8.0
2007,Genetic relatedness,GEN,1,3,1.0
2007,IUCN Red List Assessment,CON,1,20,5.0
2007,LIME,FISH,1,9,3.0
2007,Markov Chain Monte Carlo,DATA,1,2,1.0
2007,Network Analysis,MOV,1,16,4.0
2007,Neural Networks,DATA,1,10,2.0
2007,Optimal Foraging Theory,TRO,1,2,1.0
2007,Reproductive observations,BIO,1,3,1.0
2007,SNPs,GEN,1,1,1.0
2007,Video Analysis,BEH,1,4,1.0
2008,STRUCTURE,GEN,148,1315,4.488054607508532
2008,Stock Assessment,FISH,24,154,2.610169491525424
2008,Time Series,DATA,20,250,4.237288135593221
2008,mtDNA,GEN,14,160,6.153846153846154
2008,GLM,DATA,13,134,4.1875
2008,Parasitology,BIO,13,311,8.885714285714286
2008,Connectivity,MOV,10,42,1.75
2008,Morphometrics,BIO,10,49,1.5806451612903225
2008,Population Genetics,GEN,10,33,1.5
2008,Genomics,GEN,9,20,1.6666666666666667
2008,Metabolic Rate,BIO,9,69,2.5555555555555554
2008,Phylogenetics,GEN,9,26,1.8571428571428572
2008,Tourism,CON,8,118,4.068965517241379
2008,Conservation Genetics,GEN,7,19,1.1176470588235294
2008,Foraging Behavior,TRO,6,16,1.0
2008,Meta-Analysis,DATA,6,39,2.2941176470588234
2008,Ecosystem Models,FISH,5,51,2.3181818181818183
2008,Prey Selection,TRO,5,57,3.8
2008,Critical Habitat,MOV,4,12,1.0
2008,DNA Barcoding,GEN,4,51,7.285714285714286
2008,Discard Mortality,FISH,4,14,1.4
2008,Comparative Genomics,GEN,3,8,2.0
2008,Stomach Content Analysis,TRO,3,20,2.2222222222222223
2008,BORIS,BEH,2,9,1.0
2008,Body Measurements,BIO,2,6,1.0
2008,Food Web Models,TRO,2,11,1.0
2008,Maturity Ogive,BIO,2,5,1.0
2008,NMDS,TRO,2,45,5.0
2008,Network Analysis,MOV,2,10,1.0
2008,Post-Release Survival,FISH,2,6,1.5
2008,Stable Isotope Analysis,TRO,2,13,3.25
2008,Whole Genome Sequencing,GEN,2,2,1.0
2008,Yield per Recruit,FISH,2,6,1.0
2008,ADMIXTURE,GEN,1,2,1.0
2008,ARIMA,DATA,1,3,3.0
2008,Age-Structured Models,FISH,1,3,1.0
2008,Ancient DNA,GEN,1,1,1.0
2008,Bayesian Methods,DATA,1,6,2.0
2008,Catch Curve Analysis,FISH,1,3,1.0
2008,Cross-Validation,DATA,1,2,1.0
2008,DNA Forensics,GEN,1,1,1.0
2008,Diet Analysis,TRO,1,3,1.0
2008,Fecundity Estimation,BIO,1,6,2.0
2008,GAM,DATA,1,2,1.0
2008,INLA,DATA,1,4,1.0
2008,LAMP,GEN,1,4,2.0
2008,LBB,FISH,1,8,2.0
2008,LIME,FISH,1,6,2.0
2008,Markov Chain Monte Carlo,DATA,1,6,2.0
2008,Mean-position algorithm,MOV,1,3,1.0
2008,Minimum Convex Polygon,MOV,1,6,2.0
2008,Niche Partitioning,TRO,1,4,1.0
2008,Optimal Foraging Theory,TRO,1,9,3.0
2008,Post-Release Mortality,FISH,1,2,1.0
2008,State-Space Models,MOV,1,4,1.0
2008,Statistical Catch-at-Age,FISH,1,3,1.0
2008,Stock Synthesis,FISH,1,9,3.0
2008,Video Analysis,BEH,1,3,1.0
2008,Virtual Population Analysis,FISH,1,4,1.0
2009,STRUCTURE,GEN,234,2521,5.307368421052631
2009,Stock Assessment,FISH,40,228,1.9487179487179487
2009,Parasitology,BIO,25,481,7.4
2009,Time Series,DATA,25,291,4.098591549295775
2009,Morphometrics,BIO,23,129,1.8970588235294117
2009,Metabolic Rate,BIO,19,69,1.1694915254237288
2009,Population Genetics,GEN,17,60,1.6216216216216217
2009,Connectivity,MOV,16,89,1.5892857142857142
2009,GLM,DATA,16,160,3.3333333333333335
2009,Phylogenetics,GEN,15,153,5.464285714285714
2009,Tourism,CON,15,229,4.978260869565218
2009,Genomics,GEN,13,60,3.5294117647058822
2009,mtDNA,GEN,13,364,11.741935483870968
2009,Prey Selection,TRO,9,33,1.32
2009,Yield per Recruit,FISH,9,89,2.966666666666667
2009,Conservation Genetics,GEN,8,27,1.2857142857142858
2009,DNA Barcoding,GEN,8,54,4.153846153846154
2009,Discard Mortality,FISH,8,70,2.6923076923076925
2009,Optimal Foraging Theory,TRO,7,22,1.0
2009,LAMP,GEN,6,13,1.0833333333333333
2009,Meta-Analysis,DATA,6,24,1.263157894736842
2009,Comparative Genomics,GEN,5,8,1.6
2009,Critical Habitat,MOV,5,15,1.0
2009,Diet Analysis,TRO,5,18,1.0
2009,Markov Chain Monte Carlo,DATA,5,26,1.7333333333333334
2009,NMDS,TRO,5,63,4.2
2009,GAM,DATA,4,54,5.4
2009,Maturity Ogive,BIO,4,19,1.4615384615384615
2009,Niche Partitioning,TRO,4,21,1.2352941176470589
2009,Stable Isotope Analysis,TRO,4,14,1.4
2009,Cross-Validation,DATA,3,24,3.4285714285714284
2009,Foraging Behavior,TRO,3,19,1.4615384615384615
2009,Neural Networks,DATA,3,12,1.5
2009,Post-Release Mortality,FISH,3,21,2.3333333333333335
2009,Stomach Content Analysis,TRO,3,13,1.625
2009,Video Analysis,BEH,3,14,1.75
2009,Virtual Population Analysis,FISH,3,21,2.3333333333333335
2009,ADMIXTURE,GEN,2,24,4.0
2009,BORIS,BEH,2,9,1.0
2009,Body Measurements,BIO,2,9,1.0
2009,LIME,FISH,2,7,1.4
2009,Post-Release Survival,FISH,2,5,1.0
2009,State-Space Models,MOV,2,8,1.0
2009,Ancient DNA,GEN,1,3,3.0
2009,Bayesian Methods,DATA,1,4,1.0
2009,Catch Curve Analysis,FISH,1,3,1.0
2009,Delay-Difference Models,FISH,1,4,1.0
2009,Dominance hierarchy,BEH,1,3,1.0
2009,Ecosystem Models,FISH,1,3,1.0
2009,Ecosystem Roles,TRO,1,20,4.0
2009,Education & Outreach,CON,1,2,1.0
2009,Fecundity Estimation,BIO,1,6,2.0
2009,GAMM,DATA,1,12,3.0
2009,IUCN Red List Assessment,CON,1,4,1.0
2009,Learning Experiments,BEH,1,18,3.0
2009,Length-Based Methods,FISH,1,4,1.0
2009,Length-Converted Catch Curves,FISH,1,6,2.0
2009,MPA Design,MOV,1,4,1.0
2009,Minimum Convex Polygon,MOV,1,4,1.0
2009,Network Analysis,MOV,1,6,1.0
2009,Operant Conditioning,BEH,1,36,6.0
2009,Spawning Stock Biomass per Recruit,FISH,1,3,1.0
2009,Species Distribution Model,MOV,1,4,1.0
2009,Statistical Catch-at-Age,FISH,1,3,1.0
2009,Stock Synthesis,FISH,1,18,6.0
2009,Transcriptomics,GEN,1,1,1.0
2009,Vulnerability Assessment,CON,1,3,1.0
2010,STRUCTURE,GEN,234,2145,4.593147751605995
2010,Parasitology,BIO,26,759,11.0
2010,Stock Assessment,FISH,26,184,2.4210526315789473
2010,Phylogenetics,GEN,25,151,2.9607843137254903
2010,Time Series,DATA,24,207,2.76
2010,Connectivity,MOV,23,209,2.863013698630137
2010,Morphometrics,BIO,22,196,3.0153846153846153
2010,Tourism,CON,19,804,17.866666666666667
2010,Metabolic Rate,BIO,18,92,1.6727272727272726
2010,mtDNA,GEN,18,293,7.7105263157894735
2010,Meta-Analysis,DATA,14,42,1.05
2010,Population Genetics,GEN,13,70,2.121212121212121
2010,DNA Barcoding,GEN,11,63,3.7058823529411766
2010,GLM,DATA,10,90,2.903225806451613
2010,Stomach Content Analysis,TRO,10,41,1.5185185185185186
2010,Discard Mortality,FISH,8,84,3.5
2010,Foraging Behavior,TRO,8,53,1.962962962962963
2010,Critical Habitat,MOV,7,64,3.3684210526315788
2010,Diet Analysis,TRO,7,19,1.0
2010,Genomics,GEN,7,24,2.4
2010,Prey Selection,TRO,7,23,1.2105263157894737
2010,Stable Isotope Analysis,TRO,7,48,2.6666666666666665
2010,Post-Release Survival,FISH,6,38,2.235294117647059
2010,Conservation Genetics,GEN,5,20,2.0
2010,Ecosystem Models,FISH,5,39,1.56
2010,IUCN Red List Assessment,CON,5,25,1.25
2010,NMDS,TRO,5,31,2.066666666666667
2010,Cross-Validation,DATA,4,12,1.2
2010,Markov Chain Monte Carlo,DATA,4,16,1.4545454545454546
2010,Optimal Foraging Theory,TRO,4,17,1.3076923076923077
2010,Post-Release Mortality,FISH,4,17,1.5454545454545454
2010,ADMIXTURE,GEN,3,42,3.8181818181818183
2010,BORIS,BEH,3,14,1.0
2010,Body Measurements,BIO,3,15,1.6666666666666667
2010,Comparative Genomics,GEN,3,7,1.1666666666666667
2010,GAM,DATA,3,25,3.5714285714285716
2010,Network Analysis,MOV,3,51,3.4
2010,Niche Partitioning,TRO,3,10,1.0
2010,Social Network Analysis,BEH,3,25,1.6666666666666667
2010,Virtual Population Analysis,FISH,3,36,3.272727272727273
2010,Yield per Recruit,FISH,3,12,1.0
2010,Age-Structured Models,FISH,2,29,3.2222222222222223
2010,Maturity Ogive,BIO,2,12,1.5
2010,Transcriptomics,GEN,2,6,1.0
2010,Behavioural Observation,BEH,1,3,1.0
2010,Dominance hierarchy,BEH,1,3,1.0
2010,Energy Flow,TRO,1,3,1.0
2010,Food Web Models,TRO,1,6,1.0
2010,Generalized Estimating Equations,DATA,1,3,1.0
2010,Genetic relatedness,GEN,1,5,1.0
2010,Home Range Analysis,MOV,1,1,1.0
2010,LAMP,GEN,1,13,13.0
2010,Learning Experiments,BEH,1,4,2.0
2010,Length-Frequency Analysis,BIO,1,4,1.0
2010,Marxan,MOV,1,4,1.0
2010,Minimum Convex Polygon,MOV,1,3,1.0
2010,Operant Conditioning,BEH,1,3,1.0
2010,SIAR,TRO,1,6,2.0
2010,Spawning Stock Biomass per Recruit,FISH,1,5,1.0
2010,State-Space Models,MOV,1,4,1.0
2010,Statistical Catch-at-Age,FISH,1,8,2.0
2010,Surplus Production Models,FISH,1,10,2.0
2010,Video Analysis,BEH,1,3,1.0
2010,eDNA,GEN,1,3,1.0
2011,STRUCTURE,GEN,265,2900,5.150976909413854
2011,Stock Assessment,FISH,43,271,2.185483870967742
2011,Tourism,CON,35,740,8.91566265060241
2011,Connectivity,MOV,34,236,2.088495575221239
2011,GLM,DATA,25,289,3.6582278481012658
2011,Population Genetics,GEN,25,92,1.7358490566037736
2011,Time Series,DATA,24,209,2.9857142857142858
2011,Metabolic Rate,BIO,23,184,2.1149425287356323
2011,Parasitology,BIO,22,859,14.316666666666666
2011,mtDNA,GEN,22,637,12.74
2011,Genomics,GEN,21,95,2.7941176470588234
2011,Phylogenetics,GEN,21,159,2.789473684210526
2011,DNA Barcoding,GEN,20,162,3.5217391304347827
2011,Stable Isotope Analysis,TRO,19,241,3.8253968253968256
2011,Foraging Behavior,TRO,16,84,1.5849056603773586
2011,Morphometrics,BIO,14,65,1.4444444444444444
2011,Conservation Genetics,GEN,12,76,2.0
2011,Markov Chain Monte Carlo,DATA,12,46,1.1794871794871795
2011,Meta-Analysis,DATA,12,44,1.1
2011,Stomach Content Analysis,TRO,12,142,2.8979591836734695
2011,Critical Habitat,MOV,10,60,2.0689655172413794
2011,Prey Selection,TRO,10,58,1.380952380952381
2011,Niche Partitioning,TRO,9,46,1.2432432432432432
2011,Discard Mortality,FISH,8,68,2.6153846153846154
2011,Comparative Genomics,GEN,7,15,1.0714285714285714
2011,Ecosystem Models,FISH,7,37,1.4230769230769231
2011,Cross-Validation,DATA,6,54,2.8421052631578947
2011,Post-Release Mortality,FISH,6,28,1.5555555555555556
2011,Diet Analysis,TRO,5,24,1.6
2011,Maturity Ogive,BIO,5,35,1.8421052631578947
2011,NMDS,TRO,5,82,4.555555555555555
2011,Post-Release Survival,FISH,5,21,1.1666666666666667
2011,ADMIXTURE,GEN,4,16,1.0
2011,LAMP,GEN,4,9,1.5
2011,Optimal Foraging Theory,TRO,4,14,1.0
2011,Transcriptomics,GEN,4,10,1.0
2011,Bayesian Methods,DATA,3,16,2.0
2011,Energy Flow,TRO,3,13,1.0
2011,GAM,DATA,3,17,2.4285714285714284
2011,CPUE Standardization,FISH,2,16,2.6666666666666665
2011,Catch Curve Analysis,FISH,2,7,1.0
2011,Contingent Valuation,CON,2,8,1.6
2011,Food Web Models,TRO,2,11,1.0
2011,Length-Frequency Analysis,BIO,2,36,4.5
2011,Minimum Convex Polygon,MOV,2,8,1.6
2011,Network Analysis,MOV,2,7,1.0
2011,State-Space Models,MOV,2,11,1.0
2011,Video Analysis,BEH,2,7,1.0
2011,Age-Structured Models,FISH,1,9,3.0
2011,Ancient DNA,GEN,1,1,1.0
2011,BORIS,BEH,1,4,1.0
2011,Body Measurements,BIO,1,4,1.0
2011,Bycatch Assessment,FISH,1,3,1.0
2011,Catch Data Analysis,FISH,1,5,1.0
2011,Data-Poor Assessment,FISH,1,4,1.0
2011,Dominance hierarchy,BEH,1,4,1.0
2011,Fatty Acid Analysis,TRO,1,3,1.0
2011,Fisher Interviews,FISH,1,15,5.0
2011,Genetic relatedness,GEN,1,3,1.0
2011,Hidden Markov Models,MOV,1,3,1.0
2011,IUCN Red List Assessment,CON,1,2,1.0
2011,LIME,FISH,1,3,1.0
2011,Length-Converted Catch Curves,FISH,1,4,1.0
2011,Mean-position algorithm,MOV,1,2,1.0
2011,Multispecies Models,FISH,1,6,3.0
2011,Operant Conditioning,BEH,1,7,1.0
2011,SIAR,TRO,1,27,9.0
2011,SNPs,GEN,1,1,1.0
2011,Statistical Catch-at-Age,FISH,1,4,2.0
2011,Surplus Production Models,FISH,1,20,5.0
2011,Trophic Level Estimation,TRO,1,3,1.0
2011,Virtual Population Analysis,FISH,1,6,2.0
2011,Yield per Recruit,FISH,1,3,1.0
2012,STRUCTURE,GEN,317,4800,6.694560669456067
2012,Stock Assessment,FISH,42,350,2.229299363057325
2012,Phylogenetics,GEN,36,368,4.329411764705882
2012,Tourism,CON,36,727,5.549618320610687
2012,Morphometrics,BIO,34,162,1.4862385321100917
2012,Parasitology,BIO,34,805,7.5233644859813085
2012,Connectivity,MOV,31,440,3.8596491228070176
2012,Metabolic Rate,BIO,31,200,1.8018018018018018
2012,Time Series,DATA,30,346,3.5670103092783507
2012,GLM,DATA,28,487,5.7976190476190474
2012,Population Genetics,GEN,28,162,2.050632911392405
2012,Stable Isotope Analysis,TRO,25,484,5.204301075268817
2012,Genomics,GEN,22,232,4.64
2012,mtDNA,GEN,22,988,17.03448275862069
2012,DNA Barcoding,GEN,19,258,5.48936170212766
2012,Conservation Genetics,GEN,18,269,4.637931034482759
2012,Stomach Content Analysis,TRO,18,137,2.140625
2012,Discard Mortality,FISH,17,119,2.3333333333333335
2012,Foraging Behavior,TRO,14,67,1.6341463414634145
2012,Critical Habitat,MOV,11,50,1.1627906976744187
2012,Prey Selection,TRO,11,45,1.2162162162162162
2012,NMDS,TRO,10,170,4.473684210526316
2012,Post-Release Survival,FISH,10,39,1.4444444444444444
2012,Diet Analysis,TRO,9,50,1.6666666666666667
2012,Markov Chain Monte Carlo,DATA,9,28,1.0769230769230769
2012,Meta-Analysis,DATA,9,53,1.4324324324324325
2012,Post-Release Mortality,FISH,8,46,1.9166666666666667
2012,Ecosystem Models,FISH,6,42,1.6153846153846154
2012,Cross-Validation,DATA,5,43,3.0714285714285716
2012,GAM,DATA,5,76,5.846153846153846
2012,Comparative Genomics,GEN,4,35,2.1875
2012,Fatty Acid Analysis,TRO,4,8,1.0
2012,Maturity Ogive,BIO,4,32,2.0
2012,Network Analysis,MOV,4,118,6.2105263157894735
2012,Niche Partitioning,TRO,4,18,1.0
2012,SIAR,TRO,4,54,2.8421052631578947
2012,Social Network Analysis,BEH,4,51,2.6842105263157894
2012,ADMIXTURE,GEN,3,31,4.428571428571429
2012,Energy Flow,TRO,3,18,1.5
2012,Food Web Models,TRO,3,19,1.3571428571428572
2012,LAMP,GEN,3,9,1.0
2012,MaxEnt,MOV,3,145,20.714285714285715
2012,SNPs,GEN,3,134,16.75
2012,Video Analysis,BEH,3,13,1.0
2012,ARIMA,DATA,2,11,1.375
2012,Body Measurements,BIO,2,11,2.2
2012,Bycatch Assessment,FISH,2,8,1.6
2012,Dominance hierarchy,BEH,2,18,1.3846153846153846
2012,GAMM,DATA,2,24,3.0
2012,IUCN Red List Assessment,CON,2,10,1.0
2012,Kernel Density Estimation,MOV,2,6,1.0
2012,LIME,FISH,2,7,1.0
2012,MPA Design,MOV,2,14,1.4
2012,Marxan,MOV,2,8,1.0
2012,Minimum Convex Polygon,MOV,2,22,2.2
2012,Neural Networks,DATA,2,8,1.0
2012,Reproductive observations,BIO,2,6,1.0
2012,Vulnerability Assessment,CON,2,8,1.0
2012,Yield per Recruit,FISH,2,11,1.5714285714285714
2012,Approximate Bayesian Computation,DATA,1,5,1.0
2012,BORIS,BEH,1,2,1.0
2012,Bayesian Methods,DATA,1,2,1.0
2012,Behavioural Observation,BEH,1,4,1.0
2012,Catch Data Analysis,FISH,1,3,1.0
2012,Computer Vision,DATA,1,8,1.0
2012,DNA Forensics,GEN,1,1,1.0
2012,Ecosystem Roles,TRO,1,6,1.0
2012,Genetic relatedness,GEN,1,5,1.0
2012,Habitat Modeling,MOV,1,8,1.0
2012,Health Indices,BIO,1,4,1.0
2012,MPA Effectiveness,CON,1,16,4.0
2012,Machine Learning,DATA,1,2,1.0
2012,Operant Conditioning,BEH,1,6,1.0
2012,Optimal Foraging Theory,TRO,1,3,1.0
2012,Policy Evaluation,CON,1,3,1.0
2012,State-Space Models,MOV,1,4,1.0
2012,Transcriptomics,GEN,1,2,1.0
2012,Virtual Population Analysis,FISH,1,5,1.0
2013,STRUCTURE,GEN,295,3378,5.072072072072072
2013,Stock Assessment,FISH,44,557,4.125925925925926
2013,Time Series,DATA,39,602,4.894308943089431
2013,Parasitology,BIO,34,930,9.6875
2013,Connectivity,MOV,33,293,2.7383177570093458
2013,Tourism,CON,32,1202,12.787234042553191
2013,GLM,DATA,30,513,5.829545454545454
2013,Phylogenetics,GEN,29,159,2.23943661971831
2013,Morphometrics,BIO,22,124,1.631578947368421
2013,Stomach Content Analysis,TRO,22,115,1.796875
2013,Genomics,GEN,21,128,3.0476190476190474
2013,Stable Isotope Analysis,TRO,20,168,2.625
2013,mtDNA,GEN,19,192,4.682926829268292
2013,DNA Barcoding,GEN,17,160,4.102564102564102
2013,Metabolic Rate,BIO,17,146,2.433333333333333
2013,Conservation Genetics,GEN,16,123,2.86046511627907
2013,Population Genetics,GEN,16,70,1.75
2013,Diet Analysis,TRO,13,59,1.475
2013,Discard Mortality,FISH,13,237,5.780487804878049
2013,GAM,DATA,12,263,7.108108108108108
2013,Critical Habitat,MOV,11,143,3.3255813953488373
2013,Foraging Behavior,TRO,11,76,1.853658536585366
2013,Post-Release Mortality,FISH,11,100,2.6315789473684212
2013,Ecosystem Models,FISH,9,135,3.75
2013,Meta-Analysis,DATA,9,32,1.1428571428571428
2013,Post-Release Survival,FISH,9,70,2.5
2013,Prey Selection,TRO,9,29,1.0
2013,Food Web Models,TRO,8,55,1.6666666666666667
2013,Cross-Validation,DATA,7,33,1.8333333333333333
2013,LAMP,GEN,7,18,1.2857142857142858
2013,Niche Partitioning,TRO,5,32,1.4545454545454546
2013,Markov Chain Monte Carlo,DATA,4,12,1.2
2013,Maturity Ogive,BIO,4,70,5.0
2013,BORIS,BEH,3,40,2.6666666666666665
2013,Distance Sampling,FISH,3,32,3.2
2013,Fatty Acid Analysis,TRO,3,14,1.2727272727272727
2013,GAMM,DATA,3,88,7.333333333333333
2013,NMDS,TRO,3,27,3.0
2013,Operant Conditioning,BEH,3,13,1.3
2013,State-Space Models,MOV,3,19,1.7272727272727273
2013,Video Analysis,BEH,3,18,1.6363636363636365
2013,ADMIXTURE,GEN,2,5,1.0
2013,Bayesian Methods,DATA,2,5,1.0
2013,CPUE Standardization,FISH,2,45,7.5
2013,Comparative Genomics,GEN,2,5,1.0
2013,Energy Flow,TRO,2,9,1.0
2013,Habitat Modeling,MOV,2,14,1.75
2013,Kernel Density Estimation,MOV,2,9,1.2857142857142858
2013,LIME,FISH,2,10,1.4285714285714286
2013,Minimum Convex Polygon,MOV,2,6,1.0
2013,Multispecies Models,FISH,2,5,1.0
2013,SIAR,TRO,2,36,6.0
2013,Statistical Catch-at-Age,FISH,2,7,1.0
2013,Stock Synthesis,FISH,2,50,7.142857142857143
2013,Virtual Population Analysis,FISH,2,11,1.375
2013,Vulnerability Assessment,CON,2,22,2.0
2013,ARIMA,DATA,1,2,2.0
2013,Age-Structured Models,FISH,1,2,1.0
2013,Body Measurements,BIO,1,2,1.0
2013,Bycatch Assessment,FISH,1,2,1.0
2013,DNA Forensics,GEN,1,4,1.0
2013,Data Integration,DATA,1,4,1.0
2013,Dominance hierarchy,BEH,1,3,1.0
2013,Ecosystem Roles,TRO,1,3,1.0
2013,Fecundity Estimation,BIO,1,4,1.0
2013,Generalized Estimating Equations,DATA,1,3,1.0
2013,Genetic relatedness,GEN,1,3,1.0
2013,Home Range Analysis,MOV,1,3,1.0
2013,INLA,DATA,1,28,14.0
2013,IUCN Red List Assessment,CON,1,3,1.0
2013,MPA Design,MOV,1,3,1.0
2013,Machine Learning,DATA,1,2,2.0
2013,MaxEnt,MOV,1,12,4.0
2013,Mean-position algorithm,MOV,1,3,1.0
2013,Network Analysis,MOV,1,36,6.0
2013,Neural Networks,DATA,1,2,1.0
2013,Optimal Foraging Theory,TRO,1,1,1.0
2013,Random Forest,DATA,1,2,1.0
2013,Reproductive observations,BIO,1,5,1.0
2013,Stakeholder Engagement,CON,1,10,2.0
2013,Structural Equation Modeling,DATA,1,6,2.0
2013,Surplus Production Models,FISH,1,6,2.0
2014,STRUCTURE,GEN,306,4229,6.173722627737226
2014,Stock Assessment,FISH,45,475,3.2094594594594597
2014,Connectivity,MOV,44,698,4.684563758389261
2014,Parasitology,BIO,41,1219,9.830645161290322
2014,Tourism,CON,36,837,7.54054054054054
2014,Time Series,DATA,28,285,3.064516129032258
2014,Phylogenetics,GEN,27,152,2.0821917808219177
2014,Stable Isotope Analysis,TRO,26,267,3.216867469879518
2014,Genomics,GEN,24,103,2.019607843137255
2014,Morphometrics,BIO,23,202,2.6578947368421053
2014,Foraging Behavior,TRO,19,62,1.1272727272727272
2014,DNA Barcoding,GEN,18,132,2.75
2014,GLM,DATA,17,121,2.574468085106383
2014,mtDNA,GEN,17,513,9.0
2014,Population Genetics,GEN,16,171,3.2264150943396226
2014,Stomach Content Analysis,TRO,16,112,2.074074074074074
2014,Conservation Genetics,GEN,15,102,2.1702127659574466
2014,Metabolic Rate,BIO,14,72,1.3846153846153846
2014,Post-Release Mortality,FISH,12,141,3.4390243902439024
2014,Post-Release Survival,FISH,12,67,1.8108108108108107
2014,Meta-Analysis,DATA,11,80,2.5
2014,Critical Habitat,MOV,9,92,3.066666666666667
2014,Cross-Validation,DATA,9,45,1.5
2014,Discard Mortality,FISH,8,35,1.2962962962962963
2014,Ecosystem Models,FISH,8,26,1.0
2014,Markov Chain Monte Carlo,DATA,8,27,1.0
2014,Video Analysis,BEH,8,48,1.8461538461538463
2014,LAMP,GEN,7,23,1.4375
2014,Prey Selection,TRO,7,30,1.4285714285714286
2014,Food Web Models,TRO,6,55,1.9642857142857142
2014,GAM,DATA,6,256,12.19047619047619
2014,BORIS,BEH,5,17,1.0
2014,Comparative Genomics,GEN,5,13,1.625
2014,Diet Analysis,TRO,5,26,1.5294117647058822
2014,Energy Flow,TRO,5,24,1.3333333333333333
2014,LIME,FISH,5,31,1.9375
2014,NMDS,TRO,5,62,3.4444444444444446
2014,Niche Partitioning,TRO,5,26,1.4444444444444444
2014,ADMIXTURE,GEN,4,54,3.6
2014,Fatty Acid Analysis,TRO,4,12,1.3333333333333333
2014,SIAR,TRO,4,84,5.25
2014,Home Range Analysis,MOV,3,11,1.2222222222222223
2014,Maturity Ogive,BIO,3,17,1.8888888888888888
2014,Network Analysis,MOV,3,98,7.538461538461538
2014,Neural Networks,DATA,3,10,1.0
2014,State-Space Models,MOV,3,16,1.6
2014,Age-Structured Models,FISH,2,4,1.0
2014,Bayesian Methods,DATA,2,10,1.6666666666666667
2014,DAPC,GEN,2,21,2.3333333333333335
2014,Data Integration,DATA,2,6,1.0
2014,Distance Sampling,FISH,2,11,2.2
2014,GAMM,DATA,2,27,3.375
2014,Genetic relatedness,GEN,2,6,1.5
2014,Habitat Modeling,MOV,2,22,2.0
2014,MaxEnt,MOV,2,52,6.5
2014,Operant Conditioning,BEH,2,12,2.0
2014,Optimal Foraging Theory,TRO,2,9,1.5
2014,Social Network Analysis,BEH,2,57,6.333333333333333
2014,Statistical Catch-at-Age,FISH,2,7,1.0
2014,Vulnerability Assessment,CON,2,27,3.857142857142857
2014,ARIMA,DATA,1,4,2.0
2014,Approximate Bayesian Computation,DATA,1,8,2.0
2014,Body Measurements,BIO,1,9,3.0
2014,Brownian Bridge,MOV,1,30,10.0
2014,Brownian Bridge Movement Model,MOV,1,18,6.0
2014,Bycatch Assessment,FISH,1,6,1.0
2014,CPUE Standardization,FISH,1,21,7.0
2014,Computer Vision,DATA,1,4,1.0
2014,Contingent Valuation,CON,1,26,13.0
2014,Dominance hierarchy,BEH,1,3,1.0
2014,Fecundity Estimation,BIO,1,9,3.0
2014,Fisher Interviews,FISH,1,24,4.0
2014,Focal Sampling,BEH,1,4,1.0
2014,Learning Experiments,BEH,1,6,2.0
2014,Length-Frequency Analysis,BIO,1,5,1.0
2014,Machine Learning,DATA,1,2,1.0
2014,Minimum Convex Polygon,MOV,1,3,1.0
2014,Random Forest,DATA,1,10,5.0
2014,SNPs,GEN,1,2,2.0
2014,Socioeconomic Analysis,CON,1,2,1.0
2014,Surplus Production Models,FISH,1,5,1.0
2014,Transcriptomics,GEN,1,1,1.0
2014,Yield per Recruit,FISH,1,4,1.0
2014,eDNA,GEN,1,6,1.0
2015,STRUCTURE,GEN,355,5757,6.878136200716846
2015,Stock Assessment,FISH,63,740,3.7755102040816326
2015,Connectivity,MOV,57,833,4.316062176165803
2015,Time Series,DATA,42,233,1.9098360655737705
2015,Tourism,CON,40,1382,12.017391304347827
2015,Parasitology,BIO,37,575,5.043859649122807
2015,Population Genetics,GEN,36,288,2.5945945945945947
2015,Phylogenetics,GEN,35,281,3.087912087912088
2015,DNA Barcoding,GEN,32,331,3.9404761904761907
2015,Stable Isotope Analysis,TRO,32,298,3.1702127659574466
2015,mtDNA,GEN,32,1337,15.367816091954023
2015,Morphometrics,BIO,31,280,2.8
2015,Conservation Genetics,GEN,27,204,2.914285714285714
2015,Meta-Analysis,DATA,27,119,1.5866666666666667
2015,GLM,DATA,25,156,1.9746835443037976
2015,Metabolic Rate,BIO,25,391,4.393258426966292
2015,Genomics,GEN,19,189,3.857142857142857
2015,Critical Habitat,MOV,17,70,1.320754716981132
2015,Discard Mortality,FISH,17,246,4.823529411764706
2015,Markov Chain Monte Carlo,DATA,17,64,1.1428571428571428
2015,Post-Release Mortality,FISH,17,242,4.4
2015,Foraging Behavior,TRO,16,56,1.1428571428571428
2015,Post-Release Survival,FISH,15,143,3.0425531914893615
2015,ADMIXTURE,GEN,13,83,2.075
2015,Stomach Content Analysis,TRO,13,80,1.8604651162790697
2015,GAM,DATA,11,122,3.4857142857142858
2015,Prey Selection,TRO,9,89,2.5428571428571427
2015,Network Analysis,MOV,8,155,5.344827586206897
2015,Video Analysis,BEH,7,28,1.12
2015,Food Web Models,TRO,6,22,1.0
2015,Maturity Ogive,BIO,6,37,1.85
2015,Niche Partitioning,TRO,6,24,1.2
2015,Optimal Foraging Theory,TRO,6,18,1.2
2015,SNPs,GEN,6,215,12.647058823529411
2015,Bayesian Methods,DATA,5,19,1.0
2015,Body Measurements,BIO,5,20,1.3333333333333333
2015,Comparative Genomics,GEN,5,16,1.4545454545454546
2015,Cross-Validation,DATA,5,20,1.4285714285714286
2015,Diet Analysis,TRO,5,16,1.0
2015,NMDS,TRO,5,84,4.2
2015,SIAR,TRO,5,28,1.75
2015,Age-Structured Models,FISH,4,13,1.0
2015,Ecosystem Models,FISH,4,42,2.625
2015,Kernel Density Estimation,MOV,4,33,2.2
2015,MPA Design,MOV,4,17,1.0
2015,Machine Learning,DATA,4,16,1.3333333333333333
2015,MaxEnt,MOV,4,100,7.142857142857143
2015,DAPC,GEN,3,27,3.857142857142857
2015,Dominance hierarchy,BEH,3,13,1.1818181818181819
2015,GAMM,DATA,3,35,3.5
2015,Generalized Estimating Equations,DATA,3,16,2.0
2015,Habitat Modeling,MOV,3,9,1.0
2015,LAMP,GEN,3,5,1.0
2015,State-Space Models,MOV,3,17,1.5454545454545454
2015,Statistical Catch-at-Age,FISH,3,42,3.5
2015,Yield per Recruit,FISH,3,9,1.0
2015,Ancient DNA,GEN,2,23,2.875
2015,BORIS,BEH,2,14,2.0
2015,Catch Curve Analysis,FISH,2,10,2.5
2015,Distance Sampling,FISH,2,6,1.0
2015,Energy Flow,TRO,2,7,1.0
2015,IUCN Red List Assessment,CON,2,7,1.4
2015,LIME,FISH,2,8,1.6
2015,Learning Experiments,BEH,2,7,1.0
2015,Marxan,MOV,2,48,6.0
2015,Social Network Analysis,BEH,2,8,1.0
2015,Species Distribution Model,MOV,2,6,1.0
2015,Stock Synthesis,FISH,2,14,2.0
2015,Vulnerability Assessment,CON,2,9,1.0
2015,Whole Genome Sequencing,GEN,2,4,1.0
2015,ARIMA,DATA,1,2,1.0
2015,Approximate Bayesian Computation,DATA,1,5,1.0
2015,Bycatch Assessment,FISH,1,2,1.0
2015,CPUE Standardization,FISH,1,24,6.0
2015,FST Analysis,GEN,1,5,1.0
2015,Fatty Acid Analysis,TRO,1,9,3.0
2015,Genetic relatedness,GEN,1,8,2.0
2015,Hidden Markov Models,MOV,1,3,1.0
2015,Home Range Analysis,MOV,1,2,1.0
2015,INLA,DATA,1,148,37.0
2015,Length-Frequency Analysis,BIO,1,3,1.0
2015,Minimum Convex Polygon,MOV,1,12,4.0
2015,Natural Mortality Estimators,BIO,1,3,1.0
2015,Operant Conditioning,BEH,1,8,2.0
2015,Random Forest,DATA,1,8,4.0
2015,Spawning Stock Biomass per Recruit,FISH,1,3,1.0
2015,Stakeholder Engagement,CON,1,3,1.0
2015,Transcriptomics,GEN,1,4,1.0
2016,STRUCTURE,GEN,372,4089,5.004895960832314
2016,Parasitology,BIO,56,661,4.030487804878049
2016,Phylogenetics,GEN,52,210,1.721311475409836
2016,Stock Assessment,FISH,51,565,3.4451219512195124
2016,Connectivity,MOV,47,433,2.6564417177914113
2016,Time Series,DATA,38,609,5.205128205128205
2016,Tourism,CON,36,740,5.6923076923076925
2016,mtDNA,GEN,34,624,8.210526315789474
2016,Genomics,GEN,33,123,1.618421052631579
2016,Morphometrics,BIO,31,210,2.1875
2016,Stable Isotope Analysis,TRO,30,299,2.9603960396039604
2016,Meta-Analysis,DATA,28,121,1.5512820512820513
2016,GLM,DATA,27,165,2.0625
2016,DNA Barcoding,GEN,26,268,3.9411764705882355
2016,Metabolic Rate,BIO,23,617,8.569444444444445
2016,Population Genetics,GEN,22,110,1.896551724137931
2016,Post-Release Mortality,FISH,18,426,6.983606557377049
2016,Foraging Behavior,TRO,16,85,1.6037735849056605
2016,Conservation Genetics,GEN,14,55,1.5277777777777777
2016,Post-Release Survival,FISH,14,115,2.6744186046511627
2016,GAM,DATA,13,93,2.8181818181818183
2016,Stomach Content Analysis,TRO,13,100,2.127659574468085
2016,Critical Habitat,MOV,10,66,2.129032258064516
2016,Cross-Validation,DATA,10,56,2.074074074074074
2016,Discard Mortality,FISH,10,140,4.827586206896552
2016,Markov Chain Monte Carlo,DATA,9,31,1.1071428571428572
2016,SNPs,GEN,9,70,2.8
2016,Body Measurements,BIO,8,25,1.0
2016,Ecosystem Models,FISH,8,31,1.0
2016,Maturity Ogive,BIO,7,50,1.9230769230769231
2016,NMDS,TRO,6,100,4.545454545454546
2016,Network Analysis,MOV,6,94,3.76
2016,Food Web Models,TRO,5,30,1.5
2016,GAMM,DATA,5,160,8.421052631578947
2016,LIME,FISH,5,15,1.0
2016,ADMIXTURE,GEN,4,31,2.2142857142857144
2016,Age-Structured Models,FISH,4,17,1.2142857142857142
2016,BORIS,BEH,4,17,1.0
2016,CPUE Standardization,FISH,4,26,2.3636363636363638
2016,Diet Analysis,TRO,4,26,1.7333333333333334
2016,Fatty Acid Analysis,TRO,4,12,1.2
2016,LAMP,GEN,4,11,1.1
2016,Prey Selection,TRO,4,17,1.2142857142857142
2016,Ancient DNA,GEN,3,7,1.0
2016,Energy Flow,TRO,3,14,1.2727272727272727
2016,Hidden Markov Models,MOV,3,62,5.166666666666667
2016,Minimum Convex Polygon,MOV,3,13,1.3
2016,Random Forest,DATA,3,51,5.666666666666667
2016,SIAR,TRO,3,13,1.3
2016,Stock Synthesis,FISH,3,19,1.9
2016,Video Analysis,BEH,3,14,1.4
2016,Vulnerability Assessment,CON,3,14,1.2727272727272727
2016,Yield per Recruit,FISH,3,13,1.3
2016,eDNA,GEN,3,534,89.0
2016,ARIMA,DATA,2,7,1.4
2016,Approximate Bayesian Computation,DATA,2,20,2.857142857142857
2016,Bayesian Methods,DATA,2,8,1.0
2016,Comparative Genomics,GEN,2,5,1.25
2016,Home Range Analysis,MOV,2,8,1.0
2016,Length-Frequency Analysis,BIO,2,7,1.0
2016,Movement Modeling,MOV,2,8,1.0
2016,Niche Partitioning,TRO,2,9,1.0
2016,Reproductive observations,BIO,2,9,1.5
2016,Social Network Analysis,BEH,2,25,2.5
2016,State-Space Models,MOV,2,8,1.0
2016,Statistical Catch-at-Age,FISH,2,7,1.0
2016,Catch Data Analysis,FISH,1,3,1.0
2016,Computer Vision,DATA,1,2,1.0
2016,DAPC,GEN,1,8,2.0
2016,DNA Metabarcoding,TRO,1,15,5.0
2016,Data Integration,DATA,1,3,1.0
2016,Dominance hierarchy,BEH,1,3,1.0
2016,Ensemble Models,MOV,1,2,1.0
2016,FST Analysis,GEN,1,6,2.0
2016,Genetic relatedness,GEN,1,4,1.0
2016,Habitat Modeling,MOV,1,8,2.0
2016,INLA,DATA,1,4,1.0
2016,IUCN Red List Assessment,CON,1,4,1.0
2016,Integrated Models,FISH,1,8,2.0
2016,LBB,FISH,1,8,2.0
2016,MPA Design,MOV,1,12,4.0
2016,MPA Effectiveness,CON,1,18,3.0
2016,Metabarcoding,GEN,1,42,14.0
2016,Natural Mortality Estimators,BIO,1,3,1.0
2016,Neural Networks,DATA,1,4,1.0
2016,Residence Indices,MOV,1,32,8.0
2016,Spawning Stock Biomass per Recruit,FISH,1,9,3.0
2016,Species Distribution Model,MOV,1,4,1.0
2016,Structural Equation Modeling,DATA,1,2,1.0
2016,Surplus Production Models,FISH,1,3,1.0
2016,Virtual Population Analysis,FISH,1,3,1.0
2016,eDNA Metabarcoding,GEN,1,15,5.0
2017,STRUCTURE,GEN,371,4965,5.281914893617022
2017,Connectivity,MOV,70,567,2.3048780487804876
2017,Stock Assessment,FISH,64,676,3.1296296296296298
2017,Phylogenetics,GEN,49,198,1.596774193548387
2017,Parasitology,BIO,46,976,6.594594594594595
2017,Tourism,CON,46,2085,12.713414634146341
2017,Time Series,DATA,42,358,2.613138686131387
2017,GLM,DATA,36,315,3.0
2017,Morphometrics,BIO,34,277,2.347457627118644
2017,Genomics,GEN,32,359,4.786666666666667
2017,Metabolic Rate,BIO,32,794,6.6722689075630255
2017,Stable Isotope Analysis,TRO,31,606,5.611111111111111
2017,DNA Barcoding,GEN,27,316,5.180327868852459
2017,Foraging Behavior,TRO,26,125,1.3297872340425532
2017,Population Genetics,GEN,25,162,2.1315789473684212
2017,Post-Release Mortality,FISH,25,297,3.453488372093023
2017,Stomach Content Analysis,TRO,24,187,1.9893617021276595
2017,Meta-Analysis,DATA,23,113,1.547945205479452
2017,Post-Release Survival,FISH,23,231,2.817073170731707
2017,mtDNA,GEN,20,440,8.148148148148149
2017,Markov Chain Monte Carlo,DATA,17,58,1.288888888888889
2017,Conservation Genetics,GEN,16,181,3.9347826086956523
2017,Critical Habitat,MOV,14,103,2.1914893617021276
2017,Niche Partitioning,TRO,13,65,1.3265306122448979
2017,Discard Mortality,FISH,12,133,2.891304347826087
2017,GAM,DATA,12,143,3.6666666666666665
2017,Ecosystem Models,FISH,11,104,1.9622641509433962
2017,Diet Analysis,TRO,10,40,1.0
2017,Network Analysis,MOV,10,102,2.372093023255814
2017,Prey Selection,TRO,8,33,1.1379310344827587
2017,SIAR,TRO,8,76,2.375
2017,SNPs,GEN,8,167,7.590909090909091
2017,GAMM,DATA,7,88,4.190476190476191
2017,NMDS,TRO,7,143,4.931034482758621
2017,eDNA,GEN,7,317,13.782608695652174
2017,Food Web Models,TRO,6,36,1.3846153846153846
2017,Machine Learning,DATA,6,49,2.7222222222222223
2017,Stock Synthesis,FISH,6,31,1.631578947368421
2017,ADMIXTURE,GEN,5,77,5.5
2017,Comparative Genomics,GEN,5,14,1.2727272727272727
2017,Cross-Validation,DATA,5,19,1.1176470588235294
2017,Video Analysis,BEH,5,25,1.1904761904761905
2017,Energy Flow,TRO,4,32,1.7777777777777777
2017,Habitat Modeling,MOV,4,15,1.0
2017,IUCN Red List Assessment,CON,4,30,1.7647058823529411
2017,LAMP,GEN,4,14,1.2727272727272727
2017,LIME,FISH,4,14,1.2727272727272727
2017,Marxan,MOV,4,28,3.5
2017,MaxEnt,MOV,4,98,7.538461538461538
2017,Kernel Density Estimation,MOV,3,29,2.6363636363636362
2017,MPA Design,MOV,3,29,2.6363636363636362
2017,MPA Effectiveness,CON,3,20,1.6666666666666667
2017,Maturity Ogive,BIO,3,12,1.0
2017,Natural Mortality Estimators,BIO,3,13,1.0
2017,Neural Networks,DATA,3,31,4.428571428571429
2017,State-Space Models,MOV,3,24,1.7142857142857142
2017,Transcriptomics,GEN,3,22,2.75
2017,Age-Structured Models,FISH,2,9,1.0
2017,Ancient DNA,GEN,2,4,1.0
2017,Bayesian Methods,DATA,2,8,1.0
2017,Body Measurements,BIO,2,13,1.8571428571428572
2017,DNA Forensics,GEN,2,5,1.0
2017,DNA Metabarcoding,TRO,2,34,5.666666666666667
2017,Data-Poor Assessment,FISH,2,8,1.0
2017,Metabarcoding,GEN,2,122,20.333333333333332
2017,Minimum Convex Polygon,MOV,2,11,1.375
2017,Movement Modeling,MOV,2,10,1.0
2017,Multispecies Models,FISH,2,10,1.0
2017,Optimal Foraging Theory,TRO,2,8,1.0
2017,Random Forest,DATA,2,62,10.333333333333334
2017,Social Network Analysis,BEH,2,24,2.6666666666666665
2017,Species Distribution Model,MOV,2,8,1.0
2017,Stakeholder Engagement,CON,2,9,1.0
2017,Surplus Production Models,FISH,2,60,7.5
2017,Vulnerability Assessment,CON,2,6,1.0
2017,Yield per Recruit,FISH,2,8,1.0
2017,ARIMA,DATA,1,4,2.0
2017,Approximate Bayesian Computation,DATA,1,5,1.0
2017,BORIS,BEH,1,3,1.0
2017,Behavioural Observation,BEH,1,2,1.0
2017,Bycatch Assessment,FISH,1,3,1.0
2017,Catch-MSY,FISH,1,8,2.0
2017,Computer Vision,DATA,1,36,18.0
2017,DAPC,GEN,1,20,5.0
2017,Data Integration,DATA,1,3,1.0
2017,Delay-Difference Models,FISH,1,3,1.0
2017,Dynamic Energy Budget,TRO,1,12,4.0
2017,Ecosystem Roles,TRO,1,3,1.0
2017,Fatty Acid Analysis,TRO,1,2,1.0
2017,Hidden Markov Models,MOV,1,3,1.0
2017,Integrated Models,FISH,1,8,2.0
2017,Joint Species Distribution Model,MOV,1,4,1.0
2017,LBB,FISH,1,90,30.0
2017,Length-Based Methods,FISH,1,3,1.0
2017,Mean-position algorithm,MOV,1,3,1.0
2017,Policy Evaluation,CON,1,3,1.0
2017,Residence Indices,MOV,1,9,3.0
2017,Scan Sampling,BEH,1,3,1.0
2017,Spatial Prioritization,MOV,1,12,3.0
2017,Statistical Catch-at-Age,FISH,1,5,1.0
2017,Trophic Level Estimation,TRO,1,6,2.0
2017,Virtual Population Analysis,FISH,1,5,1.0
2017,eDNA Metabarcoding,GEN,1,52,13.0
2018,STRUCTURE,GEN,361,4990,5.371367061356297
2018,Connectivity,MOV,73,1057,4.034351145038168
2018,Stock Assessment,FISH,65,620,2.8703703703703702
2018,Parasitology,BIO,48,858,5.644736842105263
2018,Tourism,CON,48,1921,11.713414634146341
2018,Phylogenetics,GEN,41,238,2.2884615384615383
2018,Metabolic Rate,BIO,38,436,3.1142857142857143
2018,Time Series,DATA,38,364,2.7786259541984735
2018,DNA Barcoding,GEN,34,292,3.2808988764044944
2018,Population Genetics,GEN,32,215,2.3626373626373627
2018,Stable Isotope Analysis,TRO,32,398,3.2892561983471076
2018,Genomics,GEN,31,166,2.634920634920635
2018,Meta-Analysis,DATA,29,150,1.6853932584269662
2018,Morphometrics,BIO,27,164,1.7263157894736842
2018,GLM,DATA,25,307,3.8375
2018,Post-Release Mortality,FISH,23,180,2.278481012658228
2018,mtDNA,GEN,22,920,14.153846153846153
2018,Network Analysis,MOV,19,119,1.5256410256410255
2018,Markov Chain Monte Carlo,DATA,17,53,1.0
2018,Stomach Content Analysis,TRO,17,121,1.9516129032258065
2018,Post-Release Survival,FISH,16,145,2.7358490566037736
2018,Foraging Behavior,TRO,14,73,1.280701754385965
2018,Conservation Genetics,GEN,13,184,5.257142857142857
2018,Discard Mortality,FISH,13,127,3.5277777777777777
2018,GAM,DATA,13,143,2.9183673469387754
2018,GAMM,DATA,12,212,4.416666666666667
2018,Critical Habitat,MOV,11,115,2.738095238095238
2018,ADMIXTURE,GEN,10,74,2.466666666666667
2018,Diet Analysis,TRO,10,44,1.2222222222222223
2018,Food Web Models,TRO,9,35,1.0
2018,Prey Selection,TRO,9,35,1.0
2018,Video Analysis,BEH,9,36,1.0909090909090908
2018,Ecosystem Models,FISH,8,44,1.2571428571428571
2018,Cross-Validation,DATA,7,60,2.608695652173913
2018,LIME,FISH,7,49,2.0416666666666665
2018,Machine Learning,DATA,7,70,2.413793103448276
2018,SNPs,GEN,7,211,14.066666666666666
2018,NMDS,TRO,6,61,2.772727272727273
2018,SIAR,TRO,6,113,5.65
2018,Genetic relatedness,GEN,5,18,1.0
2018,Niche Partitioning,TRO,5,23,1.15
2018,Stock Synthesis,FISH,5,59,3.1052631578947367
2018,Body Measurements,BIO,4,29,1.8125
2018,Comparative Genomics,GEN,4,6,1.0
2018,Dominance hierarchy,BEH,4,54,3.857142857142857
2018,Fatty Acid Analysis,TRO,4,23,1.2105263157894737
2018,Hidden Markov Models,MOV,4,50,2.6315789473684212
2018,IUCN Red List Assessment,CON,4,18,1.0
2018,Kernel Density Estimation,MOV,4,28,1.75
2018,Maturity Ogive,BIO,4,36,2.25
2018,Transcriptomics,GEN,4,9,1.2857142857142858
2018,BORIS,BEH,3,18,1.2857142857142858
2018,Bycatch Assessment,FISH,3,11,1.0
2018,CPUE Standardization,FISH,3,13,1.3
2018,Energy Flow,TRO,3,21,2.1
2018,INLA,DATA,3,22,2.0
2018,LAMP,GEN,3,7,1.4
2018,Learning Experiments,BEH,3,19,1.4615384615384615
2018,Minimum Convex Polygon,MOV,3,16,1.6
2018,Natural Mortality Estimators,BIO,3,13,1.0
2018,Neural Networks,DATA,3,22,1.375
2018,Operant Conditioning,BEH,3,24,2.1818181818181817
2018,Social Network Analysis,BEH,3,14,1.0
2018,State-Space Models,MOV,3,11,1.0
2018,Vulnerability Assessment,CON,3,15,1.3636363636363635
2018,Metabarcoding,GEN,2,7,2.3333333333333335
2018,Optimal Foraging Theory,TRO,2,9,1.5
2018,Random Forest,DATA,2,64,8.0
2018,Surplus Production Models,FISH,2,11,1.5714285714285714
2018,Trophic Level Estimation,TRO,2,8,1.3333333333333333
2018,Whole Genome Sequencing,GEN,2,5,1.6666666666666667
2018,Yield per Recruit,FISH,2,7,1.0
2018,eDNA,GEN,2,4,1.0
2018,ARIMA,DATA,1,2,1.0
2018,Age-Structured Models,FISH,1,6,2.0
2018,Ancient DNA,GEN,1,4,1.0
2018,Approximate Bayesian Computation,DATA,1,8,2.0
2018,Bayesian Methods,DATA,1,15,3.0
2018,Brownian Bridge,MOV,1,5,1.0
2018,Brownian Bridge Movement Model,MOV,1,5,1.0
2018,Close-Kin Mark-Recapture,FISH,1,20,5.0
2018,Computer Vision,DATA,1,4,1.0
2018,Contingent Valuation,CON,1,27,9.0
2018,DAPC,GEN,1,21,7.0
2018,DNA Metabarcoding,TRO,1,2,1.0
2018,Data Integration,DATA,1,4,1.0
2018,Data-Poor Assessment,FISH,1,4,1.0
2018,Deep Learning,DATA,1,6,1.0
2018,Ensemble Learning,DATA,1,12,2.0
2018,FST Analysis,GEN,1,3,1.0
2018,Fisher Interviews,FISH,1,3,1.0
2018,Habitat Modeling,MOV,1,8,2.0
2018,Integrated Models,FISH,1,4,1.0
2018,MPA Design,MOV,1,3,1.0
2018,Movement Modeling,MOV,1,4,1.0
2018,Policy Evaluation,CON,1,3,1.0
2018,SARIMA,DATA,1,1,1.0
2018,Structural Equation Modeling,DATA,1,3,1.0
2018,Support Vector Machines,DATA,1,6,1.0
2019,STRUCTURE,GEN,372,6607,6.825413223140496
2019,Connectivity,MOV,86,1049,3.4735099337748343
2019,Parasitology,BIO,61,809,4.396739130434782
2019,Tourism,CON,58,2186,11.566137566137566
2019,Phylogenetics,GEN,52,367,2.6594202898550723
2019,Stock Assessment,FISH,51,469,2.576923076923077
2019,Time Series,DATA,46,520,3.466666666666667
2019,Stable Isotope Analysis,TRO,41,425,2.910958904109589
2019,Genomics,GEN,39,398,3.685185185185185
2019,Morphometrics,BIO,37,289,2.3495934959349594
2019,Population Genetics,GEN,37,324,2.8421052631578947
2019,mtDNA,GEN,35,1016,9.584905660377359
2019,Conservation Genetics,GEN,33,357,3.797872340425532
2019,DNA Barcoding,GEN,31,340,4.358974358974359
2019,Metabolic Rate,BIO,31,372,2.7761194029850746
2019,GLM,DATA,29,297,3.0618556701030926
2019,Foraging Behavior,TRO,26,202,2.082474226804124
2019,Meta-Analysis,DATA,24,120,1.7142857142857142
2019,Post-Release Survival,FISH,23,162,2.189189189189189
2019,Post-Release Mortality,FISH,21,159,2.12
2019,Markov Chain Monte Carlo,DATA,19,85,1.3709677419354838
2019,Niche Partitioning,TRO,19,116,1.6111111111111112
2019,Critical Habitat,MOV,18,133,2.2542372881355934
2019,Stomach Content Analysis,TRO,18,121,2.1228070175438596
2019,ADMIXTURE,GEN,17,193,3.5090909090909093
2019,Discard Mortality,FISH,17,141,2.4310344827586206
2019,Network Analysis,MOV,17,197,3.078125
2019,SNPs,GEN,17,464,8.754716981132075
2019,eDNA,GEN,13,531,13.615384615384615
2019,Prey Selection,TRO,11,91,2.3333333333333335
2019,Cross-Validation,DATA,10,53,1.606060606060606
2019,NMDS,TRO,10,115,3.026315789473684
2019,Machine Learning,DATA,9,40,1.1764705882352942
2019,Video Analysis,BEH,9,103,2.861111111111111
2019,Diet Analysis,TRO,8,27,1.0
2019,GAM,DATA,8,123,4.730769230769231
2019,DAPC,GEN,7,91,3.7916666666666665
2019,Ecosystem Models,FISH,7,33,1.0
2019,SIAR,TRO,7,33,1.2692307692307692
2019,BORIS,BEH,6,48,1.8461538461538463
2019,Food Web Models,TRO,6,26,1.0
2019,State-Space Models,MOV,6,40,1.6
2019,Fatty Acid Analysis,TRO,5,24,1.2
2019,Metabarcoding,GEN,5,184,15.333333333333334
2019,Transcriptomics,GEN,5,23,2.090909090909091
2019,Yield per Recruit,FISH,5,36,1.8
2019,Bayesian Methods,DATA,4,19,1.4615384615384615
2019,Body Measurements,BIO,4,13,1.1818181818181819
2019,DNA Forensics,GEN,4,9,1.0
2019,Genetic relatedness,GEN,4,23,1.2777777777777777
2019,Hidden Markov Models,MOV,4,20,1.1764705882352942
2019,LAMP,GEN,4,6,1.2
2019,Social Network Analysis,BEH,4,28,1.5555555555555556
2019,Vulnerability Assessment,CON,4,17,1.0
2019,CPUE Standardization,FISH,3,34,3.4
2019,Comparative Genomics,GEN,3,8,1.0
2019,Data Integration,DATA,3,12,1.0
2019,Energy Flow,TRO,3,9,1.0
2019,Habitat Modeling,MOV,3,15,1.25
2019,INLA,DATA,3,48,5.333333333333333
2019,Maturity Ogive,BIO,3,25,2.5
2019,Multispecies Models,FISH,3,13,1.0
2019,Neural Networks,DATA,3,14,1.2727272727272727
2019,Optimal Foraging Theory,TRO,3,14,1.2727272727272727
2019,Random Forest,DATA,3,46,4.6
2019,Stakeholder Engagement,CON,3,16,2.0
2019,Stock Synthesis,FISH,3,17,1.2142857142857142
2019,eDNA Metabarcoding,GEN,3,27,4.5
2019,ARIMA,DATA,2,7,1.4
2019,Age-Structured Models,FISH,2,11,1.375
2019,Approximate Bayesian Computation,DATA,2,17,2.4285714285714284
2019,Contingent Valuation,CON,2,31,4.428571428571429
2019,DNA Metabarcoding,TRO,2,80,10.0
2019,GAMM,DATA,2,24,4.8
2019,IUCN Red List Assessment,CON,2,11,1.0
2019,Kernel Density Estimation,MOV,2,12,1.5
2019,MPA Design,MOV,2,8,1.0
2019,Natural Mortality Estimators,BIO,2,8,1.0
2019,Spawning Stock Biomass per Recruit,FISH,2,7,1.0
2019,Virtual Population Analysis,FISH,2,65,7.222222222222222
2019,Bycatch Assessment,FISH,1,2,1.0
2019,Computer Vision,DATA,1,6,2.0
2019,Data-Poor Assessment,FISH,1,10,2.0
2019,Deep Learning,DATA,1,3,1.0
2019,Distance Sampling,FISH,1,3,1.0
2019,Dominance hierarchy,BEH,1,5,1.0
2019,Dynamic Energy Budget,TRO,1,4,1.0
2019,Fisher Interviews,FISH,1,4,1.0
2019,Genome Skimming,GEN,1,44,11.0
2019,LBSPR,FISH,1,8,2.0
2019,LIME,FISH,1,3,1.0
2019,Marxan,MOV,1,104,26.0
2019,MaxEnt,MOV,1,4,1.0
2019,Mini-Barcoding,GEN,1,13,13.0
2019,Minimum Convex Polygon,MOV,1,4,1.0
2019,Movement Modeling,MOV,1,4,1.0
2019,N-Mixture Models,DATA,1,4,1.0
2019,Reproductive observations,BIO,1,4,1.0
2019,Spatial Prioritization,MOV,1,8,2.0
2019,Statistical Catch-at-Age,FISH,1,5,1.0
2019,Structural Equation Modeling,DATA,1,3,1.0
2019,Support Vector Machines,DATA,1,4,2.0
2019,Trophic Level Estimation,TRO,1,4,1.0
2019,Trophic Position Calculation,TRO,1,3,1.0
2019,Whole Genome Sequencing,GEN,1,4,1.0
2020,STRUCTURE,GEN,419,5946,5.347122302158273
2020,Connectivity,MOV,107,1121,2.8817480719794344
2020,Stock Assessment,FISH,76,759,2.8641509433962264
2020,Tourism,CON,67,1504,7.127962085308057
2020,Parasitology,BIO,51,915,5.579268292682927
2020,Phylogenetics,GEN,50,301,2.0616438356164384
2020,DNA Barcoding,GEN,47,387,3.3947368421052633
2020,Stable Isotope Analysis,TRO,45,601,3.687116564417178
2020,Time Series,DATA,45,431,2.835526315789474
2020,Morphometrics,BIO,41,344,2.5671641791044775
2020,Meta-Analysis,DATA,40,229,1.846774193548387
2020,Metabolic Rate,BIO,36,647,4.688405797101449
2020,Genomics,GEN,31,247,3.579710144927536
2020,mtDNA,GEN,27,361,4.878378378378378
2020,Foraging Behavior,TRO,26,127,1.4431818181818181
2020,Post-Release Survival,FISH,26,176,2.0
2020,Stomach Content Analysis,TRO,26,237,2.6043956043956045
2020,GLM,DATA,25,366,3.8526315789473684
2020,Post-Release Mortality,FISH,24,138,1.5862068965517242
2020,Conservation Genetics,GEN,23,156,2.2285714285714286
2020,Population Genetics,GEN,22,168,2.27027027027027
2020,Critical Habitat,MOV,20,111,1.6323529411764706
2020,Cross-Validation,DATA,20,153,2.0675675675675675
2020,GAM,DATA,16,178,3.423076923076923
2020,Discard Mortality,FISH,15,129,2.6875
2020,Markov Chain Monte Carlo,DATA,15,59,1.18
2020,MaxEnt,MOV,15,441,7.7368421052631575
2020,Network Analysis,MOV,14,78,1.56
2020,ADMIXTURE,GEN,13,191,3.9791666666666665
2020,NMDS,TRO,13,227,4.54
2020,Video Analysis,BEH,12,87,1.5818181818181818
2020,GAMM,DATA,11,126,2.739130434782609
2020,Genetic relatedness,GEN,11,40,1.0
2020,Machine Learning,DATA,11,163,5.09375
2020,Maturity Ogive,BIO,11,84,1.9534883720930232
2020,Metabarcoding,GEN,9,316,11.285714285714286
2020,Prey Selection,TRO,9,50,1.3888888888888888
2020,SNPs,GEN,9,491,16.93103448275862
2020,Ecosystem Models,FISH,8,35,1.09375
2020,Food Web Models,TRO,8,37,1.088235294117647
2020,Niche Partitioning,TRO,8,43,1.303030303030303
2020,eDNA,GEN,8,683,28.458333333333332
2020,Body Measurements,BIO,7,37,1.7619047619047619
2020,Diet Analysis,TRO,7,26,1.0
2020,Ancient DNA,GEN,6,28,1.6470588235294117
2020,DAPC,GEN,6,162,7.363636363636363
2020,LAMP,GEN,6,13,1.625
2020,LIME,FISH,6,27,1.8
2020,SIAR,TRO,6,44,1.76
2020,Bayesian Methods,DATA,5,22,1.375
2020,DNA Metabarcoding,TRO,5,54,3.0
2020,IUCN Red List Assessment,CON,5,53,3.3125
2020,Neural Networks,DATA,5,55,3.6666666666666665
2020,Vulnerability Assessment,CON,5,23,1.0
2020,Comparative Genomics,GEN,4,13,1.625
2020,MPA Design,MOV,4,15,1.0
2020,Social Network Analysis,BEH,4,21,1.2352941176470589
2020,Surplus Production Models,FISH,4,31,2.066666666666667
2020,Brownian Bridge,MOV,3,31,2.3846153846153846
2020,Dynamic Energy Budget,TRO,3,17,1.5454545454545454
2020,Energy Flow,TRO,3,13,1.0
2020,Fatty Acid Analysis,TRO,3,17,1.4166666666666667
2020,Fisher Interviews,FISH,3,27,2.4545454545454546
2020,Habitat Modeling,MOV,3,28,2.3333333333333335
2020,Kernel Density Estimation,MOV,3,36,3.0
2020,N-Mixture Models,DATA,3,22,2.2
2020,Random Forest,DATA,3,31,3.1
2020,Species Distribution Model,MOV,3,15,1.3636363636363635
2020,Stock Synthesis,FISH,3,48,4.8
2020,Transcriptomics,GEN,3,10,1.6666666666666667
2020,Whole Genome Sequencing,GEN,3,10,1.4285714285714286
2020,eDNA Metabarcoding,GEN,3,96,10.666666666666666
2020,ARIMA,DATA,2,4,1.0
2020,Age-Structured Models,FISH,2,12,1.5
2020,Approximate Bayesian Computation,DATA,2,16,2.0
2020,CPUE Standardization,FISH,2,8,1.0
2020,Computer Vision,DATA,2,5,1.0
2020,Data Integration,DATA,2,6,1.0
2020,Data-Poor Assessment,FISH,2,6,1.0
2020,Hidden Markov Models,MOV,2,45,4.5
2020,Length-Based Methods,FISH,2,13,1.4444444444444444
2020,Marxan,MOV,2,97,10.777777777777779
2020,Mini-Barcoding,GEN,2,4,1.0
2020,Minimum Convex Polygon,MOV,2,13,1.8571428571428572
2020,Stakeholder Engagement,CON,2,6,1.0
2020,State-Space Models,MOV,2,12,1.5
2020,Statistical Catch-at-Age,FISH,2,8,1.0
2020,BORIS,BEH,1,4,2.0
2020,Behavioural Observation,BEH,1,4,1.0
2020,Brownian Bridge Movement Model,MOV,1,5,1.0
2020,Bycatch Assessment,FISH,1,6,2.0
2020,Close-Kin Mark-Recapture,FISH,1,20,5.0
2020,Contingent Valuation,CON,1,2,1.0
2020,Distance Sampling,FISH,1,3,1.0
2020,Dominance hierarchy,BEH,1,4,1.0
2020,Ensemble Learning,DATA,1,5,1.0
2020,Fecundity Estimation,BIO,1,3,1.0
2020,Genome Skimming,GEN,1,1,1.0
2020,Health Indices,BIO,1,12,4.0
2020,Home Range Analysis,MOV,1,4,1.0
2020,INLA,DATA,1,12,3.0
2020,Integrated Models,FISH,1,3,1.0
2020,IsoSpace,TRO,1,4,1.0
2020,LBB,FISH,1,4,1.0
2020,Learning Experiments,BEH,1,10,5.0
2020,Length-Converted Catch Curves,FISH,1,4,1.0
2020,Movement Modeling,MOV,1,3,1.0
2020,Multispecies Models,FISH,1,3,1.0
2020,Natural Mortality Estimators,BIO,1,4,1.0
2020,Operant Conditioning,BEH,1,3,1.0
2020,Policy Evaluation,CON,1,6,1.0
2020,Reproductive observations,BIO,1,4,1.0
2020,Spatial Prioritization,MOV,1,12,3.0
2020,Trophic Level Estimation,TRO,1,4,1.0
2021,STRUCTURE,GEN,411,7260,6.199829205807003
2021,Connectivity,MOV,127,1631,3.3353783231083844
2021,Stock Assessment,FISH,87,931,2.9555555555555557
2021,Tourism,CON,64,2287,9.609243697478991
2021,Time Series,DATA,62,779,3.509009009009009
2021,DNA Barcoding,GEN,50,649,4.385135135135135
2021,Phylogenetics,GEN,50,227,1.6099290780141844
2021,Genomics,GEN,46,658,5.022900763358779
2021,Metabolic Rate,BIO,44,570,3.202247191011236
2021,Parasitology,BIO,44,631,4.206666666666667
2021,Morphometrics,BIO,43,340,2.4113475177304964
2021,Stable Isotope Analysis,TRO,39,476,3.3286713286713288
2021,Meta-Analysis,DATA,37,183,1.605263157894737
2021,Foraging Behavior,TRO,36,212,1.3766233766233766
2021,mtDNA,GEN,34,729,6.451327433628318
2021,Population Genetics,GEN,32,312,2.9714285714285715
2021,Stomach Content Analysis,TRO,31,239,2.1150442477876106
2021,GLM,DATA,30,224,1.8983050847457628
2021,Post-Release Mortality,FISH,30,295,2.4583333333333335
2021,Conservation Genetics,GEN,29,268,2.851063829787234
2021,Critical Habitat,MOV,28,176,1.89247311827957
2021,Post-Release Survival,FISH,25,177,1.84375
2021,Network Analysis,MOV,21,275,2.925531914893617
2021,Markov Chain Monte Carlo,DATA,20,79,1.0972222222222223
2021,GAM,DATA,18,161,2.596774193548387
2021,eDNA,GEN,15,1733,32.698113207547166
2021,Diet Analysis,TRO,14,76,1.2063492063492063
2021,Metabarcoding,GEN,14,704,12.8
2021,SNPs,GEN,13,195,3.75
2021,Cross-Validation,DATA,12,94,2.35
2021,IUCN Red List Assessment,CON,12,66,1.2452830188679245
2021,Machine Learning,DATA,12,132,2.64
2021,Prey Selection,TRO,12,45,1.0465116279069768
2021,NMDS,TRO,11,168,4.3076923076923075
2021,Discard Mortality,FISH,10,60,1.7142857142857142
2021,Niche Partitioning,TRO,10,50,1.3888888888888888
2021,Video Analysis,BEH,10,58,1.3488372093023255
2021,ADMIXTURE,GEN,9,61,1.967741935483871
2021,DNA Metabarcoding,TRO,9,119,3.1315789473684212
2021,Vulnerability Assessment,CON,9,120,3.1578947368421053
2021,Fatty Acid Analysis,TRO,8,75,2.4193548387096775
2021,Maturity Ogive,BIO,8,52,1.4444444444444444
2021,Transcriptomics,GEN,8,29,1.9333333333333333
2021,Comparative Genomics,GEN,7,14,1.0
2021,Food Web Models,TRO,7,70,2.2580645161290325
2021,GAMM,DATA,7,109,4.36
2021,Kernel Density Estimation,MOV,7,29,1.0
2021,Random Forest,DATA,7,81,3.0
2021,Social Network Analysis,BEH,7,119,3.051282051282051
2021,Ecosystem Models,FISH,6,42,1.5
2021,Bayesian Methods,DATA,5,20,1.25
2021,Genetic relatedness,GEN,5,30,1.3636363636363635
2021,LAMP,GEN,5,269,24.454545454545453
2021,MPA Design,MOV,5,21,1.0
2021,MaxEnt,MOV,5,188,9.4
2021,Optimal Foraging Theory,TRO,5,27,1.2272727272727273
2021,eDNA Metabarcoding,GEN,5,207,10.35
2021,BORIS,BEH,4,29,1.7058823529411764
2021,Body Measurements,BIO,4,17,1.1333333333333333
2021,Genome Skimming,GEN,4,19,1.9
2021,Hidden Markov Models,MOV,4,53,3.1176470588235294
2021,MPA Effectiveness,CON,4,19,1.0
2021,Species Distribution Model,MOV,4,22,1.2222222222222223
2021,State-Space Models,MOV,4,22,1.2222222222222223
2021,Whole Genome Sequencing,GEN,4,11,1.0
2021,Age-Structured Models,FISH,3,14,1.0
2021,Brownian Bridge,MOV,3,33,2.75
2021,Close-Kin Mark-Recapture,FISH,3,14,1.0
2021,Computer Vision,DATA,3,30,2.3076923076923075
2021,Data Integration,DATA,3,12,1.0
2021,Deep Learning,DATA,3,43,3.5833333333333335
2021,Fisher Interviews,FISH,3,28,2.1538461538461537
2021,Focal Sampling,BEH,3,20,1.6666666666666667
2021,LIME,FISH,3,9,1.0
2021,Mini-Barcoding,GEN,3,25,2.5
2021,Spawning Stock Biomass per Recruit,FISH,3,13,1.0
2021,Trophic Level Estimation,TRO,3,11,1.0
2021,Yield per Recruit,FISH,3,13,1.0
2021,Ancient DNA,GEN,2,18,2.25
2021,Bycatch Assessment,FISH,2,9,1.0
2021,Catch Curve Analysis,FISH,2,29,3.625
2021,DAPC,GEN,2,51,6.375
2021,Energy Flow,TRO,2,12,1.0
2021,Ensemble Models,MOV,2,24,3.0
2021,Habitat Modeling,MOV,2,8,1.0
2021,Neural Networks,DATA,2,9,1.0
2021,AMSY,FISH,1,42,14.0
2021,ARIMA,DATA,1,15,3.0
2021,Behavioural Observation,BEH,1,5,1.0
2021,CPUE Standardization,FISH,1,76,19.0
2021,DNA Forensics,GEN,1,2,1.0
2021,Dominance hierarchy,BEH,1,65,13.0
2021,Ecosystem Roles,TRO,1,3,1.0
2021,Home Range Analysis,MOV,1,5,1.0
2021,INLA,DATA,1,72,12.0
2021,IsoSpace,TRO,1,12,3.0
2021,LBB,FISH,1,3,1.0
2021,LBSPR,FISH,1,42,7.0
2021,Length-Based Methods,FISH,1,4,1.0
2021,Length-Frequency Analysis,BIO,1,8,2.0
2021,Minimum Convex Polygon,MOV,1,4,1.0
2021,Natural Mortality Estimators,BIO,1,4,1.0
2021,Operant Conditioning,BEH,1,7,1.0
2021,Resource Selection Functions,MOV,1,9,3.0
2021,SIAR,TRO,1,9,3.0
2021,Scan Sampling,BEH,1,8,2.0
2021,Stakeholder Engagement,CON,1,6,1.0
2021,Statistical Catch-at-Age,FISH,1,6,1.0
2021,Stock Synthesis,FISH,1,6,2.0
2021,Structural Equation Modeling,DATA,1,12,3.0
2021,Surplus Production Models,FISH,1,56,14.0
2021,Telomere Analysis,BIO,1,2,1.0
2021,Trophic Position Calculation,TRO,1,4,1.0
2022,STRUCTURE,GEN,322,5238,5.730853391684901
2022,Connectivity,MOV,113,1275,3.072289156626506
2022,Tourism,CON,68,1666,6.482490272373541
2022,Stock Assessment,FISH,54,709,3.635897435897436
2022,Time Series,DATA,52,1025,5.662983425414365
2022,Genomics,GEN,39,394,3.396551724137931
2022,Meta-Analysis,DATA,37,228,1.8387096774193548
2022,Phylogenetics,GEN,37,194,2.0208333333333335
2022,Foraging Behavior,TRO,36,275,1.7857142857142858
2022,Morphometrics,BIO,35,267,2.26271186440678
2022,Parasitology,BIO,34,789,6.520661157024794
2022,DNA Barcoding,GEN,33,337,3.5851063829787235
2022,Stable Isotope Analysis,TRO,29,225,2.142857142857143
2022,mtDNA,GEN,28,431,5.3875
2022,Population Genetics,GEN,26,160,1.797752808988764
2022,Metabolic Rate,BIO,25,281,2.8383838383838382
2022,Critical Habitat,MOV,24,106,1.2325581395348837
2022,Post-Release Mortality,FISH,24,133,1.4148936170212767
2022,GAM,DATA,18,296,4.352941176470588
2022,Machine Learning,DATA,17,260,3.8805970149253732
2022,Metabarcoding,GEN,17,574,12.478260869565217
2022,GLM,DATA,16,112,2.036363636363636
2022,SNPs,GEN,16,391,7.519230769230769
2022,Post-Release Survival,FISH,15,82,1.28125
2022,Stomach Content Analysis,TRO,15,79,1.6458333333333333
2022,eDNA,GEN,15,819,17.804347826086957
2022,Conservation Genetics,GEN,14,73,1.6590909090909092
2022,Cross-Validation,DATA,14,121,2.1228070175438596
2022,Video Analysis,BEH,14,109,1.7301587301587302
2022,Niche Partitioning,TRO,13,89,1.7450980392156863
2022,Markov Chain Monte Carlo,DATA,12,54,1.2
2022,NMDS,TRO,12,157,3.3404255319148937
2022,Discard Mortality,FISH,11,48,1.170731707317073
2022,GAMM,DATA,11,211,4.0576923076923075
2022,Hidden Markov Models,MOV,11,169,3.25
2022,Neural Networks,DATA,9,76,2.4516129032258065
2022,Random Forest,DATA,9,93,2.90625
2022,ADMIXTURE,GEN,8,79,2.5483870967741935
2022,Network Analysis,MOV,8,120,3.5294117647058822
2022,Prey Selection,TRO,8,32,1.103448275862069
2022,Species Distribution Model,MOV,8,48,1.4545454545454546
2022,BORIS,BEH,7,61,1.4878048780487805
2022,Vulnerability Assessment,CON,7,28,1.0
2022,Body Measurements,BIO,6,25,1.1363636363636365
2022,DNA Metabarcoding,TRO,6,74,3.3636363636363638
2022,Habitat Modeling,MOV,6,31,1.1923076923076923
2022,MaxEnt,MOV,6,155,6.2
2022,eDNA Metabarcoding,GEN,6,189,11.117647058823529
2022,Brownian Bridge,MOV,5,56,2.3333333333333335
2022,DAPC,GEN,5,140,7.0
2022,Diet Analysis,TRO,5,18,1.0
2022,Ecosystem Models,FISH,5,25,1.3888888888888888
2022,Energy Flow,TRO,5,32,1.4545454545454546
2022,Ensemble Models,MOV,5,25,1.0
2022,Food Web Models,TRO,5,20,1.1111111111111112
2022,Genome Skimming,GEN,5,97,5.705882352941177
2022,Natural Mortality Estimators,BIO,5,23,1.15
2022,Yield per Recruit,FISH,5,25,1.1904761904761905
2022,Ancient DNA,GEN,4,26,2.888888888888889
2022,Brownian Bridge Movement Model,MOV,4,27,1.5
2022,Comparative Genomics,GEN,4,19,1.9
2022,Data Integration,DATA,4,21,1.2352941176470589
2022,INLA,DATA,4,135,7.9411764705882355
2022,Kernel Density Estimation,MOV,4,24,1.5
2022,Optimal Foraging Theory,TRO,4,19,1.0
2022,Stakeholder Engagement,CON,4,26,1.7333333333333334
2022,Stock Synthesis,FISH,4,42,3.8181818181818183
2022,Surplus Production Models,FISH,4,33,2.2
2022,Transcriptomics,GEN,4,10,1.4285714285714286
2022,Approximate Bayesian Computation,DATA,3,25,2.5
2022,Bayesian Methods,DATA,3,12,1.0
2022,Bycatch Assessment,FISH,3,19,1.4615384615384615
2022,Genetic relatedness,GEN,3,14,1.0
2022,LBB,FISH,3,340,26.153846153846153
2022,LBSPR,FISH,3,587,45.15384615384615
2022,MPA Design,MOV,3,61,5.545454545454546
2022,Mini-Barcoding,GEN,3,6,1.0
2022,Spawning Stock Biomass per Recruit,FISH,3,13,1.0
2022,AMSY,FISH,2,72,9.0
2022,Distance Sampling,FISH,2,31,3.1
2022,Fatty Acid Analysis,TRO,2,20,2.5
2022,Fisher Interviews,FISH,2,6,1.0
2022,LIME,FISH,2,9,1.0
2022,Length-Based Methods,FISH,2,43,4.777777777777778
2022,Marxan,MOV,2,105,15.0
2022,Maturity Ogive,BIO,2,7,1.0
2022,Minimum Convex Polygon,MOV,2,8,1.3333333333333333
2022,Operant Conditioning,BEH,2,13,1.8571428571428572
2022,Resource Selection Functions,MOV,2,14,1.5555555555555556
2022,Spatial Prioritization,MOV,2,19,2.7142857142857144
2022,Virtual Population Analysis,FISH,2,8,1.0
2022,Whole Genome Sequencing,GEN,2,18,3.0
2022,AKDE,MOV,1,8,2.0
2022,Age-Structured Models,FISH,1,5,1.0
2022,Catch-MSY,FISH,1,6,2.0
2022,Computer Vision,DATA,1,24,8.0
2022,Convolutional Neural Networks,DATA,1,2,1.0
2022,Data Fusion,DATA,1,3,1.0
2022,Data-Poor Assessment,FISH,1,5,1.0
2022,Deep Learning,DATA,1,24,8.0
2022,Dominance hierarchy,BEH,1,2,1.0
2022,Dynamic Energy Budget,TRO,1,4,1.0
2022,Ecosystem Roles,TRO,1,4,1.0
2022,Ensemble Learning,DATA,1,3,1.0
2022,Home Range Analysis,MOV,1,4,1.0
2022,Joint Species Distribution Model,MOV,1,3,1.0
2022,Length-Frequency Analysis,BIO,1,4,1.0
2022,MPA Effectiveness,CON,1,12,3.0
2022,Refined shortest paths,MOV,1,4,1.0
2022,Reproductive observations,BIO,1,3,1.0
2022,Residence Indices,MOV,1,3,1.0
2022,SARIMA,DATA,1,35,5.0
2022,SIAR,TRO,1,8,2.0
2022,Social Network Analysis,BEH,1,75,15.0
2022,Socioeconomic Analysis,CON,1,2,1.0
2022,State-Space Models,MOV,1,4,1.0
2022,Support Vector Machines,DATA,1,4,1.0
2022,Trophic Position Calculation,TRO,1,9,3.0
2023,STRUCTURE,GEN,206,4269,7.223350253807107
2023,Connectivity,MOV,70,1193,4.451492537313433
2023,Tourism,CON,51,881,4.661375661375661
2023,Genomics,GEN,43,438,3.6198347107438016
2023,Morphometrics,BIO,31,351,3.375
2023,DNA Barcoding,GEN,28,420,5.384615384615385
2023,Meta-Analysis,DATA,28,158,1.7173913043478262
2023,Stock Assessment,FISH,28,370,3.5576923076923075
2023,Population Genetics,GEN,25,258,2.8351648351648353
2023,Phylogenetics,GEN,22,83,1.3833333333333333
2023,Time Series,DATA,22,399,5.050632911392405
2023,Network Analysis,MOV,21,210,2.282608695652174
2023,Stable Isotope Analysis,TRO,19,257,3.5205479452054793
2023,Metabolic Rate,BIO,18,257,3.2125
2023,Parasitology,BIO,18,486,7.967213114754099
2023,Post-Release Mortality,FISH,17,218,3.1594202898550723
2023,Conservation Genetics,GEN,16,118,2.0344827586206895
2023,Post-Release Survival,FISH,15,83,1.5660377358490567
2023,GAM,DATA,13,192,3.9183673469387754
2023,Critical Habitat,MOV,12,48,1.1428571428571428
2023,Foraging Behavior,TRO,12,61,1.1730769230769231
2023,GLM,DATA,12,144,3.789473684210526
2023,mtDNA,GEN,12,226,5.512195121951219
2023,SNPs,GEN,11,339,8.475
2023,Stomach Content Analysis,TRO,11,99,2.4146341463414633
2023,Discard Mortality,FISH,10,63,1.7027027027027026
2023,Metabarcoding,GEN,10,143,4.205882352941177
2023,eDNA,GEN,10,297,8.25
2023,ADMIXTURE,GEN,9,101,3.3666666666666667
2023,Comparative Genomics,GEN,7,19,1.1176470588235294
2023,Cross-Validation,DATA,7,33,1.5
2023,IUCN Red List Assessment,CON,7,59,1.9666666666666666
2023,Machine Learning,DATA,7,67,3.0454545454545454
2023,Markov Chain Monte Carlo,DATA,7,21,1.0
2023,Niche Partitioning,TRO,7,46,1.7692307692307692
2023,Video Analysis,BEH,6,34,1.36
2023,Body Measurements,BIO,5,22,1.375
2023,DAPC,GEN,5,104,6.117647058823529
2023,DNA Metabarcoding,TRO,5,32,1.5238095238095237
2023,Diet Analysis,TRO,5,17,1.0
2023,Energy Flow,TRO,5,23,1.0
2023,Food Web Models,TRO,5,19,1.0
2023,GAMM,DATA,5,45,2.8125
2023,NMDS,TRO,5,106,4.818181818181818
2023,eDNA Metabarcoding,GEN,5,42,2.3333333333333335
2023,Bycatch Assessment,FISH,4,17,1.0
2023,Deep Learning,DATA,4,28,1.75
2023,Ecosystem Models,FISH,4,92,4.842105263157895
2023,Fatty Acid Analysis,TRO,4,12,1.0
2023,Genetic relatedness,GEN,4,14,1.2727272727272727
2023,Neural Networks,DATA,4,16,1.2307692307692308
2023,Social Network Analysis,BEH,4,50,2.380952380952381
2023,Transcriptomics,GEN,4,82,6.833333333333333
2023,Vulnerability Assessment,CON,4,41,2.2777777777777777
2023,ARIMA,DATA,3,11,1.375
2023,Hidden Markov Models,MOV,3,50,3.5714285714285716
2023,MPA Design,MOV,3,13,1.0
2023,Prey Selection,TRO,3,13,1.0
2023,Stakeholder Engagement,CON,3,21,1.9090909090909092
2023,Stock Synthesis,FISH,3,12,1.0
2023,Yield per Recruit,FISH,3,18,1.3846153846153846
2023,Brownian Bridge,MOV,2,20,2.0
2023,Distance Sampling,FISH,2,32,4.0
2023,Dominance hierarchy,BEH,2,39,4.333333333333333
2023,FST Analysis,GEN,2,15,2.142857142857143
2023,Kernel Density Estimation,MOV,2,6,1.0
2023,LAMP,GEN,2,7,1.75
2023,LIME,FISH,2,20,4.0
2023,MaxEnt,MOV,2,44,5.5
2023,Mini-Barcoding,GEN,2,5,1.0
2023,Operant Conditioning,BEH,2,12,1.3333333333333333
2023,Optimal Foraging Theory,TRO,2,17,1.5454545454545454
2023,Random Forest,DATA,2,36,6.0
2023,Species Distribution Model,MOV,2,15,1.3636363636363635
2023,BORIS,BEH,1,3,1.0
2023,Bayesian Methods,DATA,1,12,3.0
2023,Behavioural Observation,BEH,1,6,1.0
2023,Brownian Bridge Movement Model,MOV,1,5,1.0
2023,CPUE Standardization,FISH,1,4,1.0
2023,Contingent Valuation,CON,1,3,1.0
2023,Data Integration,DATA,1,2,2.0
2023,Ecosystem Roles,TRO,1,5,1.0
2023,Fisher Interviews,FISH,1,4,1.0
2023,INLA,DATA,1,9,3.0
2023,MPA Effectiveness,CON,1,4,1.0
2023,Maturity Ogive,BIO,1,3,1.0
2023,Natural Mortality Estimators,BIO,1,6,1.0
2023,State-Space Models,MOV,1,4,1.0
2023,Statistical Catch-at-Age,FISH,1,5,1.0
2023,Surplus Production Models,FISH,1,3,1.0
2023,Virtual Population Analysis,FISH,1,20,4.0
2023,Whole Genome Sequencing,GEN,1,6,2.0
2024,STRUCTURE,GEN,195,3545,5.988175675675675
2024,Connectivity,MOV,67,915,3.8125
2024,Tourism,CON,43,966,6.232258064516129
2024,DNA Barcoding,GEN,32,306,2.9423076923076925
2024,Genomics,GEN,31,292,3.2808988764044944
2024,Parasitology,BIO,30,296,2.8461538461538463
2024,Morphometrics,BIO,29,334,3.34
2024,Time Series,DATA,26,212,2.617283950617284
2024,Meta-Analysis,DATA,25,158,1.9036144578313252
2024,Stable Isotope Analysis,TRO,25,556,5.673469387755102
2024,mtDNA,GEN,22,333,4.625
2024,Stock Assessment,FISH,21,133,1.821917808219178
2024,Population Genetics,GEN,20,123,1.8088235294117647
2024,Conservation Genetics,GEN,19,163,2.5076923076923077
2024,Metabarcoding,GEN,18,336,4.9411764705882355
2024,Machine Learning,DATA,17,182,2.935483870967742
2024,Critical Habitat,MOV,16,82,1.3015873015873016
2024,eDNA,GEN,16,740,14.509803921568627
2024,Foraging Behavior,TRO,15,68,1.2142857142857142
2024,Metabolic Rate,BIO,15,92,1.4838709677419355
2024,Niche Partitioning,TRO,15,202,2.927536231884058
2024,Phylogenetics,GEN,15,90,2.1951219512195124
2024,NMDS,TRO,14,305,5.865384615384615
2024,Stomach Content Analysis,TRO,14,118,2.269230769230769
2024,Post-Release Mortality,FISH,13,89,1.9777777777777779
2024,Network Analysis,MOV,12,173,3.46
2024,DNA Metabarcoding,TRO,11,78,1.7727272727272727
2024,GAM,DATA,11,122,2.9047619047619047
2024,GLM,DATA,10,105,2.8378378378378377
2024,Markov Chain Monte Carlo,DATA,10,52,1.368421052631579
2024,Post-Release Survival,FISH,9,39,1.21875
2024,ADMIXTURE,GEN,8,94,3.1333333333333333
2024,Body Measurements,BIO,8,32,1.28
2024,Cross-Validation,DATA,7,47,2.0434782608695654
2024,Discard Mortality,FISH,7,31,1.1071428571428572
2024,GAMM,DATA,7,81,3.1153846153846154
2024,eDNA Metabarcoding,GEN,7,118,4.214285714285714
2024,Deep Learning,DATA,6,110,6.470588235294118
2024,Ecosystem Models,FISH,6,29,1.2083333333333333
2024,SNPs,GEN,6,213,11.210526315789474
2024,Video Analysis,BEH,6,39,1.5
2024,Comparative Genomics,GEN,5,13,1.3
2024,Computer Vision,DATA,5,49,2.227272727272727
2024,Transcriptomics,GEN,5,9,1.125
2024,Energy Flow,TRO,4,22,1.5714285714285714
2024,Kernel Density Estimation,MOV,4,17,1.0
2024,LIME,FISH,4,18,1.8
2024,Neural Networks,DATA,4,24,2.0
2024,Social Network Analysis,BEH,4,43,2.15
2024,Bayesian Methods,DATA,3,18,2.0
2024,Brownian Bridge,MOV,3,69,4.6
2024,Diet Analysis,TRO,3,12,1.0
2024,Fisher Interviews,FISH,3,11,1.0
2024,Optimal Foraging Theory,TRO,3,12,1.0
2024,Support Vector Machines,DATA,3,9,1.0
2024,Age-Structured Models,FISH,2,8,1.0
2024,BORIS,BEH,2,34,3.7777777777777777
2024,Brownian Bridge Movement Model,MOV,2,18,1.6363636363636365
2024,Close-Kin Mark-Recapture,FISH,2,10,1.0
2024,Convolutional Neural Networks,DATA,2,16,2.2857142857142856
2024,Dominance hierarchy,BEH,2,12,1.0
2024,Ensemble Learning,DATA,2,7,1.0
2024,Ensemble Models,MOV,2,15,2.142857142857143
2024,Fatty Acid Analysis,TRO,2,28,3.5
2024,Food Web Models,TRO,2,6,1.0
2024,Hidden Markov Models,MOV,2,8,1.0
2024,IsoSpace,TRO,2,12,1.5
2024,LAMP,GEN,2,5,1.0
2024,MaxEnt,MOV,2,32,4.0
2024,Mini-Barcoding,GEN,2,9,1.5
2024,Prey Selection,TRO,2,8,1.0
2024,Random Forest,DATA,2,23,4.6
2024,SIAR,TRO,2,12,1.5
2024,Stock Synthesis,FISH,2,6,1.0
2024,Yield per Recruit,FISH,2,8,1.0
2024,Ancient DNA,GEN,1,2,2.0
2024,Behavioural Observation,BEH,1,5,1.0
2024,Bycatch Assessment,FISH,1,4,1.0
2024,DAPC,GEN,1,20,5.0
2024,Data Integration,DATA,1,2,1.0
2024,Ecosystem Roles,TRO,1,4,1.0
2024,Ethogram Development,BEH,1,4,1.0
2024,Genetic relatedness,GEN,1,4,1.0
2024,IUCN Red List Assessment,CON,1,3,1.0
2024,MPA Design,MOV,1,5,1.0
2024,Maturity Ogive,BIO,1,8,2.0
2024,N-Mixture Models,DATA,1,6,2.0
2024,Refined shortest paths,MOV,1,4,1.0
2024,Resource Selection Functions,MOV,1,4,1.0
2024,Species Distribution Model,MOV,1,3,1.0
2024,Stakeholder Engagement,CON,1,12,2.0
2024,State-Space Models,MOV,1,4,1.0
2024,Statistical Catch-at-Age,FISH,1,3,1.0
2024,Vulnerability Assessment,CON,1,6,1.0
2024,Whole Genome Sequencing,GEN,1,1,1.0
2025,STRUCTURE,GEN,142,3356,7.5415730337078655
2025,Connectivity,MOV,47,817,4.277486910994765
2025,Tourism,CON,32,669,4.919117647058823
2025,Genomics,GEN,29,205,2.5625
2025,Stock Assessment,FISH,25,445,4.836956521739131
2025,Meta-Analysis,DATA,23,111,1.4415584415584415
2025,Stable Isotope Analysis,TRO,23,347,3.7717391304347827
2025,Time Series,DATA,23,316,3.4347826086956523
2025,Foraging Behavior,TRO,20,140,1.7073170731707317
2025,Parasitology,BIO,16,131,2.0793650793650795
2025,DNA Barcoding,GEN,15,229,5.204545454545454
2025,Morphometrics,BIO,15,111,2.018181818181818
2025,GAM,DATA,13,179,3.6530612244897958
2025,Metabarcoding,GEN,12,94,2.611111111111111
2025,Phylogenetics,GEN,12,44,1.2941176470588236
2025,Post-Release Mortality,FISH,12,86,1.6226415094339623
2025,eDNA,GEN,12,393,10.916666666666666
2025,Metabolic Rate,BIO,11,69,1.6046511627906976
2025,Population Genetics,GEN,11,221,5.261904761904762
2025,mtDNA,GEN,11,159,4.542857142857143
2025,Network Analysis,MOV,10,60,1.25
2025,GLM,DATA,9,60,1.935483870967742
2025,SNPs,GEN,9,399,11.083333333333334
2025,Critical Habitat,MOV,8,63,1.96875
2025,Machine Learning,DATA,8,65,1.8571428571428572
2025,NMDS,TRO,8,167,5.21875
2025,GAMM,DATA,7,135,6.136363636363637
2025,Niche Partitioning,TRO,7,142,4.580645161290323
2025,Cross-Validation,DATA,6,59,2.8095238095238093
2025,Kernel Density Estimation,MOV,6,30,1.1111111111111112
2025,Post-Release Survival,FISH,6,70,2.5925925925925926
2025,Stomach Content Analysis,TRO,6,32,1.3333333333333333
2025,Vulnerability Assessment,CON,6,32,1.1851851851851851
2025,Conservation Genetics,GEN,5,80,3.8095238095238093
2025,DNA Metabarcoding,TRO,5,21,1.4
2025,Social Network Analysis,BEH,5,37,1.48
2025,ADMIXTURE,GEN,4,37,2.8461538461538463
2025,Discard Mortality,FISH,4,28,1.6470588235294117
2025,Energy Flow,TRO,4,16,1.0
2025,Species Distribution Model,MOV,4,25,1.4705882352941178
2025,State-Space Models,MOV,4,23,1.2777777777777777
2025,eDNA Metabarcoding,GEN,4,36,2.5714285714285716
2025,Body Measurements,BIO,3,9,1.0
2025,DAPC,GEN,3,146,13.272727272727273
2025,Fisher Interviews,FISH,3,15,1.0
2025,Markov Chain Monte Carlo,DATA,3,10,1.0
2025,MaxEnt,MOV,3,88,8.8
2025,Neural Networks,DATA,3,12,1.0
2025,Age-Structured Models,FISH,2,7,1.0
2025,BORIS,BEH,2,16,1.6
2025,Close-Kin Mark-Recapture,FISH,2,15,1.5
2025,Comparative Genomics,GEN,2,4,2.0
2025,Data Fusion,DATA,2,3,1.0
2025,Data-Poor Assessment,FISH,2,8,1.0
2025,Distance Sampling,FISH,2,11,1.375
2025,Genetic relatedness,GEN,2,65,6.5
2025,INLA,DATA,2,38,4.75
2025,Movement Modeling,MOV,2,10,1.0
2025,Prey Selection,TRO,2,8,1.0
2025,Random Forest,DATA,2,22,2.2
2025,Stakeholder Engagement,CON,2,9,1.0
2025,Surplus Production Models,FISH,2,7,1.0
2025,Whole Genome Sequencing,GEN,2,13,1.8571428571428572
2025,Yield per Recruit,FISH,2,25,3.5714285714285716
2025,AKDE,MOV,1,10,2.0
2025,Ancient DNA,GEN,1,8,8.0
2025,Bayesian Methods,DATA,1,4,1.0
2025,Brownian Bridge,MOV,1,24,4.0
2025,Brownian Bridge Movement Model,MOV,1,12,2.0
2025,Catch Curve Analysis,FISH,1,8,2.0
2025,Data Integration,DATA,1,4,1.0
2025,Deep Learning,DATA,1,5,1.0
2025,Diet Analysis,TRO,1,4,1.0
2025,Dominance hierarchy,BEH,1,5,1.0
2025,Ecosystem Models,FISH,1,4,1.0
2025,Fatty Acid Analysis,TRO,1,5,1.0
2025,Habitat Modeling,MOV,1,4,1.0
2025,Hidden Markov Models,MOV,1,5,1.0
2025,LAMP,GEN,1,1,1.0
2025,LBB,FISH,1,6,2.0
2025,MPA Effectiveness,CON,1,4,1.0
2025,Multispecies Models,FISH,1,4,1.0
2025,Optimal Foraging Theory,TRO,1,4,1.0
2025,Stock Synthesis,FISH,1,5,1.0
2025,Transcriptomics,GEN,1,2,2.0
