species_name,n_sharkipedia_traits,n_sharkipedia_trends,trait_classes_available
Acroteriobatus annulatus,0,0,
Acroteriobatus blochii,0,0,
Acroteriobatus leucospilus,0,0,
Acroteriobatus ocellatus,0,0,
Acroteriobatus omanensis,0,0,
Acroteriobatus salalah,0,0,
Acroteriobatus variegatus,0,0,
Acroteriobatus zanzibarensis,0,0,
Aculeola nigra,0,0,
Aetobatus flagellum,0,0,
Aetobatus laticeps,0,0,
Aetobatus narinari,12,0,Growth
Aetobatus narutobiei,0,0,
Aetobatus ocellatus,1,0,Length
Aetomylaeus asperrimus,0,0,
Aetomylaeus caeruleofasciatus,4,0,Length; Relationships
Aetomylaeus maculatus,0,0,
Aetomylaeus milvus,0,0,
Aetomylaeus nichofii,0,0,
Aetomylaeus vespertilio,0,0,
Alopias pelagicus,17,0,Growth; Length; Relationships; Reproduction
Alopias superciliosus,0,3,
Alopias vulpinus,17,3,Demography; Growth; Length; Reproduction
Amblyraja doellojuradoi,0,0,
Amblyraja frerichsi,0,0,
Amblyraja georgiana,0,0,
Amblyraja hyperborea,0,1,
Amblyraja jenseni,0,0,
Amblyraja radiata,0,29,
Amblyraja reversa,0,0,
Amblyraja taaf,0,0,
Anacanthobatis marmorata,0,0,
Anoxypristis cuspidata,18,0,Age; Growth; Length; Relationships; Reproduction
Apristurus albisoma,0,0,
Apristurus ampliceps,0,0,
Apristurus aphyodes,0,0,
Apristurus australis,0,0,
Apristurus breviventralis,0,0,
Apristurus brunneus,0,0,
Apristurus bucephalus,0,0,
Apristurus canutus,0,0,
Apristurus exsanguis,0,0,
Apristurus fedorovi,0,0,
Apristurus garricki,0,0,
Apristurus gibbosus,0,0,
Apristurus herklotsi,0,0,
Apristurus indicus,0,0,
Apristurus internatus,0,0,
Apristurus investigatoris,0,0,
Apristurus japonicus,0,0,
Apristurus kampae,0,0,
Apristurus laurussonii,0,0,
Apristurus longicephalus,0,0,
Apristurus macrorhynchus,0,0,
Apristurus macrostomus,0,0,
Apristurus manis,0,0,
Apristurus melanoasper,0,0,
Apristurus microps,0,0,
Apristurus micropterygeus,0,0,
Apristurus nakayai,0,0,
Apristurus nasutus,0,0,
Apristurus parvipinnis,0,0,
Apristurus pinguis,0,0,
Apristurus platyrhynchus,0,0,
Apristurus profundorum,0,0,
Apristurus riveri,0,0,
Apristurus saldanha,0,0,
Apristurus sibogae,0,0,
Apristurus sinensis,0,0,
Apristurus spongiceps,0,0,
Apristurus stenseni,0,0,
Aptychotrema rostrata,0,1,
Aptychotrema timorensis,0,0,
Aptychotrema vincentiana,0,0,
Arhynchobatis asperrimus,0,0,
Asymbolus analis,0,2,
Asymbolus funebris,0,0,
Asymbolus galacticus,0,0,
Asymbolus occiduus,0,0,
Asymbolus pallidus,0,0,
Asymbolus parvus,0,0,
Asymbolus rubiginosus,0,0,
Asymbolus submaculatus,0,0,
Asymbolus vincenti,0,0,
Atelomycterus baliensis,2,0,Length
Atelomycterus erdmanni,0,0,
Atelomycterus fasciatus,0,0,
Atelomycterus macleayi,0,0,
Atelomycterus marmoratus,4,0,Length
Atelomycterus marnkalha,0,0,
Atlantoraja castelnaui,0,0,
Atlantoraja cyclophora,0,0,
Atlantoraja platana,0,0,
Aulohalaelurus kanakorum,0,0,
Aulohalaelurus labiosus,0,0,
Bathyraja abyssicola,0,0,
Bathyraja aguja,0,0,
Bathyraja albomaculata,0,1,
Bathyraja aleutica,0,3,
Bathyraja andriashevi,0,0,
Bathyraja bergi,0,0,
Bathyraja brachyurops,0,1,
Bathyraja cousseauae,0,0,
Bathyraja diplotaenia,0,0,
Bathyraja eatonii,0,4,
Bathyraja fedorovi,0,0,
Bathyraja griseocauda,0,1,
Bathyraja hesperafricana,0,0,
Bathyraja interrupta,0,3,
Bathyraja irrasa,0,2,
Bathyraja ishiharai,0,0,
Bathyraja isotrachys,0,0,
Bathyraja kincaidii,0,0,
Bathyraja leucomelanos,0,0,
Bathyraja lindbergi,0,1,
Bathyraja longicauda,0,0,
Bathyraja maccaini,0,0,
Bathyraja maculata,0,2,
Bathyraja mariposa,0,0,
Bathyraja matsubarai,0,0,
Bathyraja meridionalis,0,0,
Bathyraja microtrachys,0,0,
Bathyraja minispinosa,0,1,
Bathyraja multispinis,0,1,
Bathyraja murrayi,0,2,
Bathyraja notoroensis,0,0,
Bathyraja pacifica,0,0,
Bathyraja pallida,0,0,
Bathyraja panthera,0,0,
Bathyraja papilionifera,0,0,
Bathyraja peruana,0,0,
Bathyraja richardsoni,0,0,
Bathyraja scaphiops,0,1,
Bathyraja schroederi,0,0,
Bathyraja shuntovi,0,0,
Bathyraja smithii,0,0,
Bathyraja spinicauda,0,1,
Bathyraja spinosissima,0,0,
Bathyraja trachouros,0,0,
Bathyraja trachura,0,1,
Bathyraja tunae,0,0,
Bathyraja tzinovskii,0,0,
Bathyraja violacea,0,0,
Bathytoshia brevicaudata,0,2,
Bathytoshia centroura,0,0,
Bathytoshia lata,0,2,
Benthobatis kreffti,0,0,
Benthobatis marcida,0,0,
Benthobatis moresbyi,0,0,
Benthobatis yangi,0,0,
Beringraja binoculata,0,0,
Beringraja pulchra,0,0,
Brachaelurus colcloughi,0,0,
Brachaelurus waddi,0,0,
Breviraja claramaculata,0,0,
Breviraja colesi,0,0,
Breviraja mouldi,0,0,
Breviraja nigriventralis,0,0,
Breviraja spinosa,0,0,
Brevitrygon heterura,0,0,
Brevitrygon imbricata,0,0,
Brevitrygon javaensis,0,0,
Brevitrygon walga,0,0,
Brochiraja aenigma,0,0,
Brochiraja albilabiata,0,0,
Brochiraja asperula,0,0,
Brochiraja heuresa,0,0,
Brochiraja leviveneta,0,0,
Brochiraja microspinifera,0,0,
Brochiraja spinifera,0,0,
Brochiraja vittacauda,0,0,
Bythaelurus alcockii,0,0,
Bythaelurus bachi,0,0,
Bythaelurus canescens,0,0,
Bythaelurus clevai,0,0,
Bythaelurus dawsoni,0,0,
Bythaelurus giddingsi,0,0,
Bythaelurus hispidus,15,0,Length; Relationships; Reproduction
Bythaelurus immaculatus,0,0,
Bythaelurus incanus,0,0,
Bythaelurus lutarius,0,0,
Bythaelurus naylori,0,0,
Bythaelurus tenuicephalus,0,0,
Bythaelurus vivaldii,0,0,
Callorhinchus callorynchus,0,0,
Callorhinchus capensis,0,0,
Callorhinchus milii,0,1,
Carcharhinus acronotus,37,5,Age; Length; Relationships; Reproduction
Carcharhinus albimarginatus,6,2,Length; Reproduction
Carcharhinus altimus,6,1,Length; Reproduction
Carcharhinus amblyrhynchoides,6,0,Length; Reproduction
Carcharhinus amblyrhynchos,11,2,Length; Relationships; Reproduction
Carcharhinus amboinensis,1,1,Length
Carcharhinus borneensis,8,0,Length; Reproduction
Carcharhinus brachyurus,103,2,Age; Growth; Length; Relationships; Reproduction
Carcharhinus brevipinna,108,3,Age; Growth; Length; Relationships; Reproduction
Carcharhinus cautus,0,0,
Carcharhinus cerdale,0,0,
Carcharhinus coatesi,3,0,Length; Relationships
Carcharhinus dussumieri,8,0,Length; Reproduction
Carcharhinus falciformis,144,14,Age; Demography; Growth; Length; Relationships; Reproduction
Carcharhinus fitzroyensis,1,0,Length
Carcharhinus galapagensis,23,2,Age; Length; Relationships; Reproduction
Carcharhinus hemiodon,0,0,
Carcharhinus humani,0,0,
Carcharhinus isodon,0,2,
Carcharhinus leiodon,0,0,
Carcharhinus leucas,70,6,Age; Growth; Length; Relationships; Reproduction
Carcharhinus limbatus,141,13,Age; Demography; Growth; Length; Relationships; Reproduction
Carcharhinus longimanus,43,16,Age; Growth; Length; Relationships; Reproduction
Carcharhinus macloti,6,0,Length; Reproduction
Carcharhinus melanopterus,19,2,Growth; Length; Reproduction
Carcharhinus obscurus,106,11,Age; Growth; Length; Relationships
Carcharhinus perezii,21,0,Growth; Length; Relationships; Reproduction
Carcharhinus plumbeus,58,13,Age; Growth; Length; Relationships; Reproduction
Carcharhinus porosus,4,0,Length; Relationships
Carcharhinus sealei,2,0,Length
Carcharhinus signatus,0,3,
Carcharhinus sorrah,71,2,Age; Growth; Length; Relationships; Reproduction
Carcharhinus tilstoni,60,0,Age; Growth; Length; Relationships; Reproduction
Carcharhinus tjutjot,0,0,
Carcharhinus wheeleri,0,0,
Carcharias taurus,0,5,
Carcharodon carcharias,0,11,
Centrophorus atromarginatus,0,0,
Centrophorus granulosus,0,0,
Centrophorus harrissoni,0,0,
Centrophorus isodon,0,0,
Centrophorus lusitanicus,0,0,
Centrophorus moluccensis,0,0,
Centrophorus seychellorum,0,0,
Centrophorus squamosus,0,4,
Centrophorus tessellatus,0,0,
Centrophorus uyato,0,0,
Centrophorus westraliensis,0,0,
Centroscyllium excelsum,0,0,
Centroscyllium fabricii,0,3,
Centroscyllium granulatum,0,0,
Centroscyllium kamoharai,0,0,
Centroscyllium nigrum,0,0,
Centroscyllium ornatum,0,0,
Centroscyllium ritteri,0,0,
Centroscymnus coelolepis,0,1,
Centroscymnus owstonii,0,3,
Centroselachus crepidater,0,4,
Cephaloscyllium albipinnum,0,2,
Cephaloscyllium cooki,0,0,
Cephaloscyllium fasciatum,0,0,
Cephaloscyllium formosanum,0,0,
Cephaloscyllium hiscosellum,0,0,
Cephaloscyllium laticeps,8,2,Length; Reproduction
Cephaloscyllium pictum,0,0,
Cephaloscyllium sarawakensis,0,0,
Cephaloscyllium signourum,0,0,
Cephaloscyllium silasi,2,0,Length; Reproduction
Cephaloscyllium speccum,2,0,Length
Cephaloscyllium stevensi,0,0,
Cephaloscyllium sufflans,0,0,
Cephaloscyllium umbratile,0,0,
Cephaloscyllium variegatum,0,0,
Cephaloscyllium ventriosum,0,0,
Cephaloscyllium zebrum,0,0,
Cephalurus cephalus,9,0,Length
Cetorhinus maximus,0,0,
Chaenogaleus macrostoma,11,0,Length; Relationships
Chiloscyllium arabicum,0,0,
Chiloscyllium burmensis,0,0,
Chiloscyllium caeruleopunctatum,0,0,
Chiloscyllium griseum,0,0,
Chiloscyllium hasseltii,0,0,
Chiloscyllium indicum,0,0,
Chiloscyllium plagiosum,0,0,
Chiloscyllium punctatum,3,0,Length; Relationships
Chimaera argiloba,8,0,Length
Chimaera bahamaensis,2,0,Length
Chimaera carophila,33,0,Length; Relationships; Reproduction
Chimaera cubana,6,0,Length; Reproduction
Chimaera fulva,6,1,Length
Chimaera jordani,0,0,
Chimaera lignaria,5,0,Length
Chimaera macrospina,6,0,Length
Chimaera monstrosa,27,1,Age; Growth; Length; Reproduction
Chimaera notafricana,2,0,Length
Chimaera obscura,2,0,Length
Chimaera ogilbyi,0,2,
Chimaera opalescens,5,0,Length
Chimaera orientalis,0,0,
Chimaera owstoni,0,0,
Chimaera panthera,0,0,
Chimaera phantasma,0,0,
Chlamydoselachus africana,4,0,Length; Reproduction
Chlamydoselachus anguineus,16,0,Length; Reproduction
Cirrhigaleus asper,0,0,
Cirrhigaleus australis,0,0,
Cirrhigaleus barbifer,0,0,
Cirrhoscyllium expolitum,0,0,
Cirrhoscyllium formosanum,0,0,
Cirrhoscyllium japonicum,0,0,
Cruriraja andamanica,0,0,
Cruriraja atlantis,0,0,
Cruriraja cadenati,0,0,
Cruriraja durbanensis,0,0,
Cruriraja hulleyi,0,0,
Cruriraja parcomaculata,0,0,
Cruriraja poeyi,0,0,
Cruriraja rugosa,0,0,
Ctenacis fehlmanni,0,0,
Dactylobatus armatus,0,0,
Dactylobatus clarkii,0,0,
Dalatias licha,9,8,Length; Relationships; Reproduction
Dasyatis chrysonota,0,0,
Dasyatis gigantea,0,0,
Dasyatis hastata,0,0,
Dasyatis hypostigma,0,0,
Dasyatis marmorata,0,0,
Dasyatis pastinaca,0,1,
Dasyatis tortonesei,0,0,
Deania profundorum,0,3,
Deania quadrispinosa,0,0,
Dentiraja australis,0,1,
Dentiraja cerva,0,0,
Dentiraja confusa,0,1,
Dentiraja endeavouri,0,0,
Dentiraja falloarga,0,0,
Dentiraja flindersi,0,0,
Dentiraja healdi,0,0,
Dentiraja lemprieri,0,0,
Dentiraja oculata,0,0,
Dentiraja polyommata,0,0,
Diplobatis colombiensis,0,0,
Diplobatis guamachensis,0,0,
Diplobatis ommata,0,0,
Diplobatis picta,0,0,
Dipturus acrobelus,0,0,
Dipturus amphispinus,0,0,
Dipturus apricus,0,0,
Dipturus batis,0,2,
Dipturus bullisi,0,0,
Dipturus campbelli,0,0,
Dipturus canutus,0,0,
Dipturus chinensis,0,0,
Dipturus crosnieri,0,0,
Dipturus doutrei,0,0,
Dipturus ecuadoriensis,0,0,
Dipturus garricki,0,0,
Dipturus gigas,0,0,
Dipturus grahami,0,0,
Dipturus gudgeri,0,1,
Dipturus innominatus,0,0,
Dipturus intermedius,0,0,
Dipturus johannisdavisi,0,0,
Dipturus kwangtungensis,0,0,
Dipturus laevis,0,3,
Dipturus lanceorostratus,0,0,
Dipturus melanospilus,0,0,
Dipturus mennii,0,0,
Dipturus nidarosiensis,0,2,
Dipturus olseni,0,1,
Dipturus oregoni,0,0,
Dipturus oxyrinchus,0,5,
Dipturus pullopunctatus,0,0,
Dipturus queenslandicus,0,0,
Dipturus springeri,0,0,
Dipturus stenorhynchus,0,0,
Dipturus teevani,0,0,
Dipturus tengu,0,0,
Dipturus wengi,0,0,
Dipturus wuhanlingi,0,0,
Discopyge castelloi,0,0,
Discopyge tschudii,0,0,
Echinorhinus brucus,12,0,Length; Reproduction
Echinorhinus cookei,0,0,
Electrolux addisoni,0,0,
Eridacnis barbouri,0,0,
Eridacnis radcliffei,19,0,Length; Relationships; Reproduction
Eridacnis sinuans,0,0,
Etmopterus alphus,0,0,
Etmopterus bigelowi,0,0,
Etmopterus brachyurus,0,0,
Etmopterus bullisi,0,0,
Etmopterus carteri,0,0,
Etmopterus caudistigmus,0,0,
Etmopterus compagnoi,0,0,
Etmopterus decacuspidatus,0,0,
Etmopterus dianthus,0,0,
Etmopterus dislineatus,0,0,
Etmopterus evansi,0,0,
Etmopterus fusus,0,0,
Etmopterus gracilispinis,0,0,
Etmopterus granulosus,0,2,
Etmopterus hillianus,0,0,
Etmopterus lailae,0,0,
Etmopterus litvinovi,0,0,
Etmopterus lucifer,0,0,
Etmopterus molleri,0,0,
Etmopterus perryi,0,0,
Etmopterus polli,0,0,
Etmopterus princeps,0,0,
Etmopterus pseudosqualiolus,0,0,
Etmopterus pusillus,0,2,
Etmopterus pycnolepis,0,0,
Etmopterus robinsi,0,0,
Etmopterus samadiae,0,0,
Etmopterus schmidti,0,0,
Etmopterus schultzi,0,0,
Etmopterus sculptus,0,0,
Etmopterus sentosus,0,0,
Etmopterus sheikoi,0,0,
Etmopterus spinax,13,18,Age; Growth
Etmopterus splendidus,0,0,
Etmopterus unicolor,0,0,
Etmopterus viator,0,0,
Etmopterus villosus,0,0,
Etmopterus virens,0,0,
Eucrossorhinus dasypogon,0,0,
Euprotomicroides zantedeschia,0,0,
Euprotomicrus bispinatus,0,0,
Eusphyra blochii,55,0,Age; Growth; Length; Relationships; Reproduction
Fenestraja atripinna,0,0,
Fenestraja cubensis,0,0,
Fenestraja ishiyamai,0,0,
Fenestraja maceachrani,0,0,
Fenestraja mamillidens,0,0,
Fenestraja plutonia,0,0,
Fenestraja sibogae,0,0,
Fenestraja sinusmexicanus,0,0,
Figaro boardmani,0,2,
Figaro striatus,0,0,
Fluvitrygon kittipongi,0,0,
Fluvitrygon oxyrhynchus,0,0,
Fluvitrygon signifer,0,0,
Fontitrygon colarensis,0,0,
Fontitrygon garouaensis,0,0,
Fontitrygon margarita,0,0,
Fontitrygon margaritella,0,0,
Fontitrygon ukpam,0,0,
Furgaleus macki,0,3,
Galeocerdo cuvier,31,20,Length; Relationships; Reproduction
Galeorhinus galeus,0,20,
Galeus antillensis,0,0,
Galeus arae,0,0,
Galeus atlanticus,0,6,
Galeus cadenati,0,0,
Galeus corriganae,0,0,
Galeus eastmani,0,0,
Galeus gracilis,0,0,
Galeus longirostris,0,0,
Galeus melastomus,0,17,
Galeus mincaronei,0,0,
Galeus murinus,0,0,
Galeus nipponensis,0,0,
Galeus piperatus,3,0,Length; Reproduction
Galeus polli,0,0,
Galeus priapus,0,0,
Galeus sauteri,0,0,
Galeus schultzi,0,0,
Galeus springeri,0,0,
Ginglymostoma cirratum,7,1,Length; Relationships
Ginglymostoma unami,0,0,
Glaucostegus cemiculus,0,0,
Glaucostegus granulatus,0,0,
Glaucostegus halavi,0,0,
Glaucostegus microphthalmus,0,0,
Glaucostegus obtusus,0,0,
Glaucostegus spinosus,0,0,
Glaucostegus thouin,0,0,
Glaucostegus typus,1,0,Length
Glyphis gangeticus,0,0,
Glyphis garricki,0,0,
Glyphis glyphis,0,0,
Gogolia filewoodi,0,0,
Gollum attenuatus,0,0,
Gollum suluensis,0,0,
Gurgesiella atlantica,0,0,
Gurgesiella dorsalifera,0,0,
Gurgesiella furvescens,0,0,
Gymnura afuerae,0,0,
Gymnura altavela,0,0,
Gymnura australis,5,0,Length; Relationships
Gymnura crebripunctata,0,0,
Gymnura hirundo,0,0,
Gymnura japonica,0,0,
Gymnura lessae,0,1,
Gymnura marmorata,69,0,Age; Growth; Length; Relationships; Reproduction
Gymnura micrura,9,0,Length; Reproduction
Gymnura natalensis,0,0,
Gymnura poecilura,0,0,
Gymnura tentaculata,0,0,
Halaelurus boesemani,0,0,
Halaelurus buergeri,0,0,
Halaelurus lineatus,0,0,
Halaelurus maculosus,7,0,Length; Reproduction
Halaelurus natalensis,0,0,
Halaelurus quagga,0,0,
Halaelurus sellus,0,0,
Haploblepharus edwardsii,0,0,
Haploblepharus fuscus,0,0,
Haploblepharus kistnasamyi,0,0,
Haploblepharus pictus,0,0,
Harriotta haeckeli,0,0,
Harriotta raleighana,37,2,Length; Relationships; Reproduction
Heliotrygon gomesi,0,0,
Heliotrygon rosai,0,0,
Hemigaleus australiensis,39,0,Length; Relationships; Reproduction
Hemigaleus microstoma,11,0,Length; Relationships; Reproduction
Hemipristis elongata,38,0,Growth; Length; Relationships; Reproduction
Hemiscyllium freycineti,0,0,
Hemiscyllium galei,0,0,
Hemiscyllium hallstromi,0,0,
Hemiscyllium halmahera,0,0,
Hemiscyllium henryi,0,0,
Hemiscyllium michaeli,0,0,
Hemiscyllium ocellatum,0,0,
Hemiscyllium strahani,0,0,
Hemiscyllium trispeculare,0,0,
Hemitriakis abdita,0,0,
Hemitriakis complicofasciata,0,0,
Hemitriakis falcata,0,0,
Hemitriakis indroyonoi,13,0,Length; Relationships; Reproduction
Hemitriakis japanica,0,0,
Hemitriakis leucoperiptera,0,0,
Hemitrygon akajei,0,0,
Hemitrygon fluviorum,0,0,
Hemitrygon izuensis,0,0,
Hemitrygon laevigata,0,0,
Hemitrygon laosensis,0,0,
Hemitrygon longicauda,3,0,Length; Relationships
Hemitrygon navarrae,0,0,
Hemitrygon parvonigra,0,0,
Hemitrygon sinensis,0,0,
Heptranchias perlo,0,0,
Heterodontus francisci,5,0,Length; Reproduction
Heterodontus galeatus,0,0,
Heterodontus japonicus,0,0,
Heterodontus mexicanus,0,0,
Heterodontus omanensis,0,0,
Heterodontus portusjacksoni,0,4,
Heterodontus quoyi,0,0,
Heterodontus ramalheira,0,0,
Heterodontus zebra,0,0,
Heteronarce bentuviai,0,0,
Heteronarce garmani,0,0,
Heteronarce mollis,0,0,
Heteroscymnoides marleyi,0,0,
Hexanchus griseus,0,3,
Hexanchus nakamurai,0,0,
Hexanchus vitulus,0,0,
Hexatrygon bickelli,0,0,
Himantura australis,3,0,Length; Relationships
Himantura leoparda,3,0,Length; Relationships
Himantura marginata,0,0,
Himantura uarnak,0,0,
Himantura undulata,0,0,
Holohalaelurus favus,0,0,
Holohalaelurus grennian,0,0,
Holohalaelurus melanostigma,0,0,
Holohalaelurus punctatus,0,0,
Holohalaelurus regani,0,2,
Hongeo koreana,0,0,
Hydrolagus affinis,0,0,
Hydrolagus africanus,5,0,Length
Hydrolagus alberti,0,0,
Hydrolagus alphus,4,0,Length
Hydrolagus barbouri,0,0,
Hydrolagus bemisi,4,0,Length
Hydrolagus colliei,0,1,
Hydrolagus deani,0,0,
Hydrolagus erithacus,6,0,Length; Reproduction
Hydrolagus homonycteris,0,0,
Hydrolagus lusitanicus,4,0,Length
Hydrolagus macrophthalmus,0,0,
Hydrolagus marmoratus,0,0,
Hydrolagus matallanasi,9,0,Length
Hydrolagus mccoskeri,3,0,Length
Hydrolagus melanophasma,18,0,Length; Reproduction
Hydrolagus mirabilis,0,0,
Hydrolagus mitsukurii,0,0,
Hydrolagus novaezealandiae,0,0,
Hydrolagus pallidus,0,0,
Hydrolagus purpurescens,0,0,
Hydrolagus trolli,0,0,
Hypanus americanus,36,1,Growth; Length; Relationships; Reproduction
Hypanus dipterurus,56,0,Growth; Length; Relationships; Reproduction
Hypanus guttatus,0,0,
Hypanus longus,8,0,Length; Relationships
Hypanus marianae,0,0,
Hypanus rudis,0,0,
Hypanus sabinus,0,0,
Hypanus say,0,1,
Hypnos monopterygius,0,0,
Hypogaleus hyugaensis,0,0,
Iago garricki,3,0,Length; Relationships
Iago omanensis,0,0,
Indobatis ori,0,0,
Insentiraja laxipella,0,0,
Insentiraja subtilispinosa,0,0,
Irolita waitii,0,0,
Irolita westraliensis,0,0,
Isistius brasiliensis,0,1,
Isistius plutodus,0,0,
Isurus oxyrinchus,30,21,Age; Growth; Length
Isurus paucus,0,0,
Lamiopsis temminckii,2,0,Length
Lamiopsis tephrodes,4,0,Length
Lamna ditropis,0,0,
Lamna nasus,0,7,
Leptocharias smithii,0,0,
Leucoraja circularis,0,3,
Leucoraja compagnoi,0,0,
Leucoraja fullonica,0,0,
Leucoraja garmani,0,1,
Leucoraja lentiginosa,0,0,
Leucoraja leucosticta,0,0,
Leucoraja melitensis,0,0,
Leucoraja naevus,0,22,
Leucoraja ocellata,0,8,
Leucoraja pristispina,0,0,
Leucoraja wallacei,0,0,
Leucoraja yucatanensis,0,0,
Loxodon macrorhinus,10,1,Length; Relationships; Reproduction
Maculabatis ambigua,0,0,
Maculabatis arabica,0,0,
Maculabatis astra,1,0,Length
Maculabatis bineeshi,0,0,
Maculabatis gerrardi,0,0,
Maculabatis macrura,0,0,
Maculabatis pastinacoides,0,0,
Maculabatis randalli,0,0,
Maculabatis toshi,0,0,
Makararaja chindwinensis,0,0,
Malacoraja kreffti,0,0,
Malacoraja obscura,0,0,
Malacoraja senta,0,9,
Malacoraja spinacidermis,0,0,
Megachasma pelagios,0,0,
Megatrygon microps,1,0,Length
Mitsukurina owstoni,6,0,Length
Mobula alfredi,1,1,Length
Mobula birostris,0,2,
Mobula hypostoma,0,0,
Mobula kuhlii,0,0,
Mobula mobular,0,0,
Mobula munkiana,12,0,Length; Relationships; Reproduction
Mobula tarapacana,0,0,
Mobula thurstoni,4,0,Length; Reproduction
Mollisquama parini,0,0,
Mustelus albipinnis,0,0,
Mustelus antarcticus,0,10,
Mustelus asterias,0,2,
Mustelus californicus,0,0,
Mustelus canis,0,3,
Mustelus dorsalis,0,0,
Mustelus fasciatus,0,0,
Mustelus griseus,0,0,
Mustelus henlei,44,0,Age; Growth; Length; Relationships; Reproduction
Mustelus higmani,0,0,
Mustelus lenticulatus,0,0,
Mustelus lunulatus,15,0,Growth; Relationships
Mustelus manazo,14,0,Length; Relationships; Reproduction
Mustelus mento,0,0,
Mustelus minicanis,0,0,
Mustelus mosis,0,0,
Mustelus mustelus,0,4,
Mustelus norrisi,0,0,
Mustelus palumbes,0,0,
Mustelus punctulatus,0,0,
Mustelus ravidus,0,0,
Mustelus schmitti,0,1,
Mustelus sinusmexicanus,0,0,
Mustelus stevensi,0,0,
Mustelus whitneyi,0,0,
Mustelus widodoi,3,0,Length
Myliobatis aquila,0,2,
Myliobatis chilensis,0,0,
Myliobatis freminvillei,0,0,
Myliobatis goodei,0,0,
Myliobatis hamlyni,0,0,
Myliobatis longirostris,5,0,Length; Relationships
Myliobatis ridens,0,0,
Myliobatis tobijei,0,0,
Narcine atzi,0,0,
Narcine baliensis,0,0,
Narcine bancroftii,0,4,
Narcine brasiliensis,0,0,
Narcine brevilabiata,0,0,
Narcine brunnea,0,0,
Narcine entemedor,31,0,Growth; Length; Relationships
Narcine insolita,0,0,
Narcine leoparda,0,0,
Narcine lingula,0,0,
Narcine maculata,0,0,
Narcine nigra,0,0,
Narcine oculifera,0,0,
Narcine prodorsalis,0,0,
Narcine rierai,0,0,
Narcine timlei,0,0,
Narcine vermiculata,0,0,
Narcinops lasti,0,0,
Narcinops nelsoni,0,0,
Narcinops ornata,0,0,
Narcinops tasmaniensis,0,1,
Narcinops westraliensis,0,0,
Narke capensis,0,0,
Narke dipterygia,0,0,
Narke japonica,0,0,
Nasolamia velox,19,0,Length; Relationships; Reproduction
Nebrius ferrugineus,0,0,
Negaprion acutidens,0,0,
Negaprion brevirostris,25,4,Age; Growth; Length; Relationships; Reproduction
Neoharriotta carri,5,0,Length
Neoharriotta pinnata,6,0,Length; Reproduction
Neoharriotta pumila,3,0,Length
Neoraja africana,0,0,
Neoraja caerulea,0,0,
Neoraja carolinensis,0,0,
Neoraja iberica,0,0,
Neoraja stehmanni,0,0,
Neotrygon annotata,3,0,Length; Relationships
Neotrygon australiae,0,0,
Neotrygon caeruleopunctata,0,0,
Neotrygon kuhlii,0,0,
Neotrygon leylandi,0,0,
Neotrygon ningalooensis,0,0,
Neotrygon picta,1,0,Length
Neotrygon trigonoides,0,0,
Neotrygon varidens,0,0,
Notoraja alisae,0,0,
Notoraja azurea,0,0,
Notoraja fijiensis,0,0,
Notoraja hirticauda,0,0,
Notoraja inusitata,0,0,
Notoraja lira,0,0,
Notoraja longiventralis,0,0,
Notoraja martinezi,0,0,
Notoraja ochroderma,0,0,
Notoraja sapphira,0,0,
Notoraja sereti,0,0,
Notoraja sticta,0,0,
Notoraja tobitukai,0,0,
Notorynchus cepedianus,0,1,
Odontaspis ferox,0,0,
Odontaspis noronhai,0,0,
Okamejei acutispina,0,0,
Okamejei arafurensis,0,0,
Okamejei boesemani,0,0,
Okamejei cairae,0,0,
Okamejei heemstrai,0,0,
Okamejei hollandi,0,0,
Okamejei kenojei,0,0,
Okamejei leptoura,0,0,
Okamejei meerdervoortii,0,0,
Okamejei mengae,0,0,
Okamejei ornata,0,0,
Okamejei schmidti,0,0,
Orbiraja jensenae,0,0,
Orbiraja philipi,0,0,
Orbiraja powelli,0,0,
Orectolobus floridus,0,0,
Orectolobus halei,0,0,
Orectolobus hutchinsi,0,0,
Orectolobus japonicus,0,0,
Orectolobus leptolineatus,0,0,
Orectolobus maculatus,0,0,
Orectolobus ornatus,0,0,
Orectolobus parvimaculatus,0,0,
Orectolobus reticulatus,0,0,
Orectolobus wardi,0,0,
Oxynotus bruniensis,27,0,Length; Reproduction
Oxynotus caribbaeus,2,0,Length
Oxynotus centrina,54,1,Length; Reproduction
Oxynotus japonicus,11,0,Length; Reproduction
Oxynotus paradoxus,5,0,Length; Reproduction
Paragaleus leucolomatus,0,0,
Paragaleus pectoralis,23,0,Length; Relationships; Reproduction
Paragaleus tengi,1,0,Length
Parascyllium collare,0,0,
Parascyllium elongatum,0,0,
Parascyllium ferrugineum,0,0,
Parascyllium sparsimaculatum,0,0,
Parascyllium variolatum,0,0,
Paratrygon aiereba,0,0,
Parmaturus albipenis,0,0,
Parmaturus campechiensis,0,0,
Parmaturus lanatus,0,0,
Parmaturus macmillani,0,0,
Parmaturus pilosus,0,0,
Parmaturus xaniurus,0,0,
Pastinachus ater,4,0,Length; Relationships
Pastinachus gracilicaudus,0,0,
Pastinachus sephen,0,0,
Pastinachus solocirostris,0,0,
Pastinachus stellurostris,0,0,
Pateobatis bleekeri,0,0,
Pateobatis fai,1,0,Length
Pateobatis hortlei,3,0,Length; Relationships
Pateobatis jenkinsii,0,0,
Pateobatis uarnacoides,0,0,
Pavoraja alleni,0,0,
Pavoraja arenaria,0,0,
Pavoraja mosaica,0,0,
Pavoraja nitida,0,1,
Pavoraja pseudonitida,0,0,
Pavoraja umbrosa,0,0,
Pentanchus profundicolus,0,0,
Planonasus parini,1,0,Length
Platyrhina hyugaensis,0,0,
Platyrhina psomadakisi,0,0,
Platyrhina sinensis,0,0,
Platyrhina tangi,0,0,
Platyrhinoidis triseriata,0,0,
Plesiobatis daviesi,3,0,Length
Plesiotrygon iwamae,0,0,
Plesiotrygon nana,0,0,
Pliotrema warreni,0,0,
Poroderma africanum,0,0,
Poroderma pantherinum,0,0,
Potamotrygon albimaculata,0,0,
Potamotrygon amandae,0,0,
Potamotrygon boesemani,0,0,
Potamotrygon brachyura,0,0,
Potamotrygon constellata,0,0,
Potamotrygon falkneri,0,0,
Potamotrygon henlei,0,0,
Potamotrygon histrix,0,0,
Potamotrygon humerosa,0,0,
Potamotrygon jabuti,0,0,
Potamotrygon leopoldi,0,0,
Potamotrygon limai,0,0,
Potamotrygon magdalenae,0,0,
Potamotrygon marinae,0,0,
Potamotrygon motoro,0,0,
Potamotrygon ocellata,0,0,
Potamotrygon orbignyi,0,0,
Potamotrygon pantanensis,0,0,
Potamotrygon rex,0,0,
Potamotrygon schroederi,0,0,
Potamotrygon schuhmacheri,0,0,
Potamotrygon scobina,0,0,
Potamotrygon signata,0,0,
Potamotrygon tatianae,0,0,
Potamotrygon tigrina,0,0,
Potamotrygon wallacei,0,0,
Potamotrygon yepezi,0,0,
Prionace glauca,142,31,Age; Growth; Length; Relationships; Reproduction
Pristiophorus cirratus,0,4,
Pristiophorus delicatus,0,0,
Pristiophorus japonicus,0,0,
Pristiophorus lanae,0,0,
Pristiophorus nancyae,0,0,
Pristiophorus nudipinnis,0,0,
Pristiophorus schroederi,0,0,
Pristis clavata,15,0,Age; Growth; Length; Relationships
Pristis pectinata,116,1,Age; Demography; Growth; Length; Reproduction
Pristis pristis,97,0,Age; Demography; Growth; Length; Relationships; Reproduction
Pristis zijsron,15,0,Age; Growth; Length; Relationships; Reproduction
Proscyllium habereri,0,0,
Psammobatis bergi,0,0,
Psammobatis extenta,0,0,
Psammobatis lentiginosa,0,0,
Psammobatis normani,0,0,
Psammobatis rudis,0,0,
Psammobatis rutrum,0,0,
Psammobatis scobina,0,0,
Pseudobatos horkelii,0,1,
Pseudobatos lentiginosus,0,0,
Pseudobatos leucorhynchus,11,0,Length; Reproduction
Pseudobatos percellens,0,0,
Pseudobatos planiceps,0,0,
Pseudobatos prahli,0,0,
Pseudobatos productus,65,0,Demography; Growth; Length; Relationships; Reproduction
Pseudocarcharias kamoharai,2,1,Length
Pseudoginglymostoma brevicaudatum,0,0,
Pseudoraja fischeri,0,0,
Pseudotriakis microdon,1,0,Length
Pteroplatytrygon violacea,3,1,Length
Raja asterias,0,1,
Raja brachyura,0,23,
Raja clavata,0,25,
Raja herwigi,0,0,
Raja maderensis,0,0,
Raja microocellata,0,2,
Raja miraletus,0,4,
Raja montagui,0,8,
Raja ocellifera,0,0,
Raja parva,0,0,
Raja polystigma,0,2,
Raja radula,0,2,
Raja straeleni,0,0,
Raja undulata,0,3,
Rajella annandalei,0,0,
Rajella barnardi,0,0,
Rajella bathyphila,0,0,
Rajella bigelowi,0,0,
Rajella caudaspinosa,0,0,
Rajella challengeri,0,0,
Rajella dissimilis,0,0,
Rajella eisenhardti,0,0,
Rajella fuliginea,0,0,
Rajella fyllae,0,3,
Rajella kukujevi,0,0,
Rajella lintea,0,1,
Rajella nigerrima,0,0,
Rajella paucispinosa,0,0,
Rajella purpuriventralis,0,0,
Rajella ravidula,0,0,
Rajella sadowskii,0,0,
Rhincodon typus,0,4,
Rhinobatos albomaculatus,0,0,
Rhinobatos annandalei,0,0,
Rhinobatos borneensis,0,0,
Rhinobatos holcorhynchus,0,0,
Rhinobatos hynnicephalus,0,0,
Rhinobatos irvinei,0,0,
Rhinobatos jimbaranensis,0,0,
Rhinobatos lionotus,0,0,
Rhinobatos manai,0,0,
Rhinobatos nudidorsalis,0,0,
Rhinobatos penggali,0,0,
Rhinobatos punctifer,0,0,
Rhinobatos rhinobatos,0,1,
Rhinobatos sainsburyi,0,0,
Rhinobatos schlegelii,0,0,
Rhinobatos whitei,0,0,
Rhinochimaera africana,8,0,Length
Rhinochimaera atlantica,0,0,
Rhinochimaera pacifica,26,0,Length; Relationships; Reproduction
Rhinoptera bonasus,12,3,Length; Reproduction
Rhinoptera brasiliensis,0,0,
Rhinoptera javanica,0,0,
Rhinoptera jayakari,0,0,
Rhinoptera marginata,0,0,
Rhinoptera neglecta,3,0,Length; Relationships
Rhinoptera peli,0,0,
Rhinoptera steindachneri,18,0,Length; Relationships; Reproduction
Rhinoraja kujiensis,0,0,
Rhinoraja longicauda,0,0,
Rhinoraja odai,0,0,
Rhizoprionodon acutus,16,1,Length; Relationships; Reproduction
Rhizoprionodon lalandii,20,0,Length; Relationships; Reproduction
Rhizoprionodon longurio,47,0,Age; Growth; Length; Relationships; Reproduction
Rhizoprionodon oligolinx,6,0,Length
Rhizoprionodon porosus,0,0,
Rhizoprionodon taylori,37,0,Age; Growth; Length; Relationships; Reproduction
Rhizoprionodon terraenovae,28,8,Demography; Growth; Length; Relationships; Reproduction
Rhynchobatus australiae,0,0,
Rhynchobatus cooki,0,0,
Rhynchobatus djiddensis,0,0,
Rhynchobatus immaculatus,0,0,
Rhynchobatus laevis,0,0,
Rhynchobatus luebberti,0,0,
Rhynchobatus palpebratus,4,0,Length; Relationships
Rhynchobatus springeri,0,0,
Rhynchorhina mauritaniensis,0,0,
Rioraja agassizii,0,0,
Rostroraja ackleyi,0,0,
Rostroraja alba,0,0,
Rostroraja bahamensis,0,0,
Rostroraja cervigoni,0,0,
Rostroraja eglanteria,0,1,
Rostroraja equatorialis,0,0,
Rostroraja texana,0,0,
Rostroraja velezi,5,0,Length; Reproduction
Schroederichthys bivius,0,0,
Schroederichthys chilensis,0,0,
Schroederichthys maculatus,0,0,
Schroederichthys saurisqualus,0,0,
Schroederichthys tenuis,0,0,
Schroederobatis americana,0,0,
Scoliodon laticaudus,2,0,Length
Scoliodon macrorhynchos,0,0,
Scyliorhinus boa,0,0,
Scyliorhinus cabofriensis,0,0,
Scyliorhinus canicula,0,19,
Scyliorhinus capensis,0,0,
Scyliorhinus cervigoni,0,0,
Scyliorhinus comoroensis,0,0,
Scyliorhinus garmani,0,0,
Scyliorhinus haeckelii,0,0,
Scyliorhinus hesperius,0,0,
Scyliorhinus meadi,0,0,
Scyliorhinus retifer,0,0,
Scyliorhinus stellaris,0,4,
Scyliorhinus torazame,0,0,
Scyliorhinus torrei,0,0,
Scylliogaleus quecketti,0,0,
Scymnodalatias albicauda,0,0,
Scymnodalatias garricki,0,0,
Scymnodalatias oligodon,0,0,
Scymnodalatias sherwoodi,0,0,
Scymnodon ichiharai,0,0,
Scymnodon macracanthus,0,0,
Scymnodon ringens,0,2,
Sinobatis andamanensis,0,0,
Sinobatis borneensis,0,0,
Sinobatis brevicauda,0,0,
Sinobatis bulbicauda,0,0,
Sinobatis caerulea,0,0,
Sinobatis filicauda,0,0,
Sinobatis kotlyari,0,0,
Sinobatis melanosoma,0,0,
Sinobatis stenosoma,0,0,
Somniosus antarcticus,0,0,
Somniosus longus,0,0,
Somniosus microcephalus,0,0,
Somniosus pacificus,0,4,
Somniosus rostratus,0,0,
Sphyrna corona,0,0,
Sphyrna gilberti,0,0,
Sphyrna lewini,264,7,Age; Demography; Growth; Length; Relationships; Reproduction
Sphyrna media,0,0,
Sphyrna mokarran,95,3,Age; Growth; Length; Relationships; Reproduction
Sphyrna tiburo,11,6,Length; Relationships; Reproduction
Sphyrna tudes,12,0,Length; Reproduction
Sphyrna zygaena,42,5,Growth; Length; Relationships; Reproduction
Spinilophus armatus,0,0,
Spiniraja whitleyi,0,3,
Springeria folirostris,0,0,
Springeria longirostris,0,0,
Squaliolus aliae,0,0,
Squaliolus laticaudus,18,0,Length; Relationships; Reproduction
Squalus acanthias,52,23,Age; Growth; Length; Relationships; Reproduction
Squalus acutipinnis,0,0,
Squalus albicaudus,0,0,
Squalus albifrons,0,0,
Squalus altipinnis,0,0,
Squalus bahiensis,0,0,
Squalus blainville,0,9,
Squalus brevirostris,0,0,
Squalus bucephalus,0,0,
Squalus chloroculus,0,0,
Squalus crassispinus,0,0,
Squalus cubensis,0,0,
Squalus edmundsi,0,0,
Squalus formosus,0,0,
Squalus grahami,0,0,
Squalus griffini,0,0,
Squalus hemipinnis,0,0,
Squalus japonicus,0,0,
Squalus lalannei,0,0,
Squalus lobularis,0,0,
Squalus mahia,0,0,
Squalus margaretsmithae,0,0,
Squalus megalops,0,4,
Squalus melanurus,0,0,
Squalus mitsukurii,0,3,
Squalus montalbani,0,0,
Squalus nasutus,0,0,
Squalus notocaudatus,0,0,
Squalus quasimodo,0,0,
Squalus raoulensis,0,0,
Squalus suckleyi,0,13,
Squatina aculeata,0,0,
Squatina africana,0,0,
Squatina albipunctata,0,0,
Squatina argentina,0,0,
Squatina armata,0,0,
Squatina australis,0,4,
Squatina caillieti,0,0,
Squatina californica,10,0,Length; Reproduction
Squatina david,0,0,
Squatina dumeril,0,1,
Squatina formosa,0,0,
Squatina guggenheim,0,0,
Squatina japonica,0,0,
Squatina legnota,0,0,
Squatina nebulosa,0,0,
Squatina occulta,0,0,
Squatina oculata,0,0,
Squatina pseudocellata,0,0,
Squatina squatina,0,1,
Squatina tergocellata,0,1,
Squatina tergocellatoides,0,0,
Styracura pacifica,0,0,
Styracura schmardae,0,0,
Sutorectus tentaculatus,0,0,
Sympterygia acuta,0,0,
Sympterygia bonapartii,0,0,
Sympterygia brevicaudata,0,0,
Sympterygia lima,0,0,
Taeniura lessoni,0,0,
Taeniura lymma,0,0,
Taeniurops grabatus,0,0,
Taeniurops meyeni,0,0,
Telatrygon acutirostra,0,0,
Telatrygon biasa,0,0,
Telatrygon crozieri,0,0,
Telatrygon zugei,0,0,
Temera hardwickii,0,0,
Tetronarce californica,0,0,
Tetronarce cowleyi,0,0,
Tetronarce formosa,0,0,
Tetronarce nobiliana,0,1,
Tetronarce occidentalis,0,0,
Tetronarce puelcha,0,0,
Tetronarce tremens,0,0,
Torpedo adenensis,0,0,
Torpedo alexandrinsis,0,0,
Torpedo andersoni,0,0,
Torpedo bauchotae,0,0,
Torpedo fuscomaculata,0,0,
Torpedo mackayana,0,0,
Torpedo marmorata,0,5,
Torpedo panthera,0,0,
Torpedo polleni,0,0,
Torpedo sinuspersici,0,0,
Torpedo suessii,0,0,
Torpedo torpedo,0,1,
Triaenodon obesus,28,1,Age; Length; Reproduction
Triakis acutipinna,0,0,
Triakis maculata,0,0,
Triakis megalopterus,0,0,
Triakis scyllium,0,0,
Triakis semifasciata,0,0,
Trigonognathus kabeyai,14,0,Length; Relationships; Reproduction
Trygonoptera galba,0,0,
Trygonoptera imitata,0,0,
Trygonoptera mucosa,0,0,
Trygonoptera ovalis,0,0,
Trygonoptera personata,0,0,
Trygonoptera testacea,0,1,
Trygonorrhina dumerilii,0,0,
Trygonorrhina fasciata,0,2,
Typhlonarke aysoni,0,0,
Urobatis concentricus,0,0,
Urobatis halleri,3,0,Length; Relationships
Urobatis jamaicensis,0,0,
Urobatis maculatus,0,0,
Urobatis marmoratus,0,0,
Urobatis pardalis,0,0,
Urobatis tumbesensis,0,0,
Urogymnus acanthobothrium,1,0,Length
Urogymnus asperrimus,0,0,
Urogymnus dalyensis,0,0,
Urogymnus granulatus,0,0,
Urogymnus lobistoma,0,0,
Urogymnus polylepis,0,0,
Urolophus aurantiacus,0,0,
Urolophus bucculentus,0,1,
Urolophus circularis,0,0,
Urolophus cruciatus,0,1,
Urolophus deforgesi,0,0,
Urolophus expansus,0,1,
Urolophus flavomosaicus,0,0,
Urolophus gigas,0,0,
Urolophus javanicus,0,0,
Urolophus kaianus,0,0,
Urolophus kapalensis,0,0,
Urolophus lobatus,0,0,
Urolophus mitosis,0,0,
Urolophus neocaledoniensis,0,0,
Urolophus orarius,0,0,
Urolophus papilio,0,0,
Urolophus paucimaculatus,0,1,
Urolophus piperatus,0,0,
Urolophus sufflavus,0,0,
Urolophus viridis,0,1,
Urolophus westraliensis,0,0,
Urotrygon aspidura,0,0,
Urotrygon chilensis,17,0,Length; Reproduction
Urotrygon cimar,0,0,
Urotrygon microphthalmum,0,0,
Urotrygon munda,0,0,
Urotrygon nana,8,0,Length; Reproduction
Urotrygon peruanus,0,0,
Urotrygon reticulata,0,0,
Urotrygon rogersi,0,0,
Urotrygon simulatrix,0,0,
Urotrygon venezuelae,0,0,
Zameus squamulosus,1,1,Length
Zanobatus maculatus,0,0,
Zanobatus schoenleinii,0,0,
Zapteryx brevirostris,0,0,
Zapteryx exasperata,42,0,Age; Growth; Length; Reproduction
Zapteryx xyster,0,0,
Zearaja chilensis,0,0,
Zearaja maugeana,0,0,
Zearaja nasuta,0,0,
