openalex_author_id,corrected_first_name,corrected_last_name,confidence,source,notes
A5005519696,Abdalla S.,Abdulla,HIGH,category-done: allcaps-both,NA
A5116283701,E. K.,Abhijith,HIGH,category-done: allcaps-last,NA
A5007491942,Ronan,Allain,HIGH,category-done: allcaps-last,NA
A5017114236,Neil K.,Allen,HIGH,category-done: allcaps-both,NA
A5068063989,Dietmar,Amon,HIGH,category-done: allcaps-both,NA
A5003575352,Dimitris,Anastasiadis,HIGH,category-done: allcaps-both,NA
A5019008868,Ö.,Aydogan,HIGH,category-done: allcaps-last,NA
A5111701047,Sayeda H.,Abdel‐Aziz,MED,category-done: surname-duplicated-in-middle,NA
A5113617689,Jafar,Abdul-Salam,MED,category-done: surname-duplicated-in-middle,NA
A5110101517,Alvaro Juan,Abella,HIGH,category-done: allcaps-first,NA
A5108637705,Ebrahim M.A.S.,Al-Ansari,HIGH,category-done: allcaps-first,NA
A5075373071,F. A.,Al-Hizab,MED,category-done: surname-duplicated-in-middle,NA
A5079112617,A I,Alayash,MED,category-done: surname-duplicated-in-middle,NA
A5055365322,Juan Luis,Alonso,MED,category-done: surname-duplicated-in-middle,NA
A5002763978,Laith A.J.,Al‐Hassan,MED,category-done: surname-duplicated-in-middle,NA
A5043072130,Cesar,Amaral,HIGH,category-done: allcaps-first,NA
A5022567848,Aldo,Annunziatellis,HIGH,category-done: allcaps-first,NA
A5079201191,Desi,Arianti,MED,category-done: surname-duplicated-in-middle,NA
A5077799918,Maxim S.,Arkhangelsky,HIGH,category-done: allcaps-first,NA
A5108081324,Ursula,Askensten,HIGH,category-done: allcaps-first,NA
A5109312321,Julia Peláez,Avila,MED,category-done: surname-duplicated-in-middle,NA
A5113486842,Anthony M.,Ayling,HIGH,category-done: allcaps-first,NA
A5053070369,Ali,Badreddine,HIGH,category-done: allcaps-both,NA
A5072970431,Nathalie,Bardet,HIGH,category-done: allcaps-last,NA
A5106300232,Monica,Barone,HIGH,category-done: allcaps-both,NA
A5008733613,Giusto,Batista,HIGH,category-done: allcaps-both,NA
A5058643629,Angel,Belmonte-Gallegos,HIGH,category-done: allcaps-both,NA
A5092765634,Chaima,Ben-Grira,HIGH,category-done: allcaps-both,NA
A5012276007,Tucksaorn,Bhummakasikara,HIGH,category-done: allcaps-both,NA
A5073393686,Jeroen,Van Boeckel,MED,category-done: allcaps-both,NA
A5113076994,Sergey V.,Bogorodsky,HIGH,category-done: allcaps-both,NA
A5068974037,M.J. Biscoglio,De Jimenez Bonino,MED,category-done: allcaps-both,NA
A5010475190,Anne K.,Borander,HIGH,category-done: allcaps-both,NA
A5092578365,Geert,De Borger,MED,category-done: allcaps-last,NA
A5111980481,F. M. S.,Braga,HIGH,category-done: allcaps-last,NA
A5010147405,M. A.,Burkart,HIGH,category-done: allcaps-last,NA
A5109079656,Julian,Badcock,HIGH,category-done: allcaps-first,NA
A5111975275,Richard J.,Balment,HIGH,category-done: allcaps-first,NA
A5064164449,Anne Louise,Barnes,HIGH,category-done: allcaps-first,NA
A5005445708,Patricia,Bellamy,HIGH,category-done: allcaps-first,NA
A5043399482,R.,Benabdallah,MED,category-done: surname-duplicated-in-middle,NA
A5078609684,Svend Erik,Bendix-Almgreen,MED,category-done: surname-duplicated-in-middle,NA
A5113625396,Bjorn,Berland,HIGH,category-done: allcaps-first,NA
A5047902272,Christine,Blenkinsop,HIGH,category-done: allcaps-first,NA
A5111884877,Gerard,Bogé,MED,category-done: surname-duplicated-in-middle,NA
A5014137007,Sjoerd L.,Bonting,HIGH,category-done: allcaps-first,NA
A5111651202,Jie,Bosco,HIGH,category-done: allcaps-first,NA
A5024597816,Burkhart,Bromm,HIGH,category-done: allcaps-first,NA
A5090577740,J. H.,Brown,MED,category-done: surname-duplicated-in-middle,NA
A5075089792,Michael D. B.,Burt,HIGH,category-done: allcaps-first,NA
A5110761321,Cheikh Tidaine,Bâ,MED,category-done: surname-duplicated-in-middle,NA
A5080996840,Serenella,Cabiddu,HIGH,category-done: allcaps-last,NA
A5042742302,Federica,Camisa,HIGH,category-done: allcaps-both,NA
A5056484150,Laurent,Candoni,HIGH,category-done: allcaps-both,NA
A5083008804,Daniela,Caracciolo,HIGH,category-done: allcaps-both,NA
A5049861972,S.,Carden-Noad,HIGH,category-done: allcaps-last,NA
A5056104589,Daniela Gurgel,Cavalcante,HIGH,category-done: allcaps-last,NA
A5106309063,Graziella,Cavlan,HIGH,category-done: allcaps-both,NA
A5084739237,Daniel,Cebrian-Menchero,HIGH,category-done: allcaps-both,NA
A5046192039,Luis Germán,Cedeño-Figueroa,HIGH,category-done: allcaps-last,NA
A5112527603,Charilaou,Charis,HIGH,category-done: allcaps-both,NA
A5110110073,Rou-Rong,CHEN,HIGH,category-done: allcaps-both,NA
A5111611255,Wei-Ke,CHEN,HIGH,category-done: allcaps-last,NA
A5049962583,A.,Cilia,HIGH,category-done: allcaps-last,NA
A5052794265,V.,Circosta,HIGH,category-done: allcaps-last,NA
A5023437774,Fabrizio,Coppola,HIGH,category-done: allcaps-both,NA
A5022001055,A. Maria,Cornthwaite,HIGH,category-done: allcaps-both,NA
A5024002153,Richard L.,Coulton,HIGH,category-done: allcaps-both,NA
A5104331401,Valentina,Crobe,HIGH,category-done: allcaps-both,NA
A5108793784,H Waters,CROW,HIGH,category-done: allcaps-last,NA
A5029885732,Vanessa Paes,Da CRUZ,MED,category-done: allcaps-both,NA
A5017353366,Yunchen,Cui,HIGH,category-done: allcaps-last,NA
A5026938601,Letizia,Calegari,HIGH,category-done: allcaps-first,NA
A5112145794,R.,De La Camera,MED,category-done: surname-duplicated-in-middle,NA
A5081397381,Cornelis JAN,Camphuysen,HIGH,category-done: allcaps-first,NA
A5103438633,AVM,Canario,HIGH,category-done: allcaps-first,NA
A5059091010,Andrea,Cardinali,HIGH,category-done: allcaps-first,NA
A5060764520,Nestor J.,Carlisky,HIGH,category-done: allcaps-first,NA
A5016682993,PHA Ormonde,Do Carmo,MED,category-done: allcaps-first,NA
A5108827220,Vitale,Carratore,HIGH,category-done: allcaps-first,NA
A5111769501,Arland,Carsten,HIGH,category-done: allcaps-first,NA
A5112813386,Vadappuram P.,Chacko,HIGH,category-done: allcaps-first,NA
A5111821767,Suzanne,Chanteau,HIGH,category-done: allcaps-first,NA
A5019080113,M.A,Chebotareva,MED,category-done: surname-duplicated-in-middle,NA
A5103710899,Paul J.,Cheung,HIGH,category-done: allcaps-first,NA
A5069967391,Margaret,Clements,HIGH,category-done: allcaps-first,NA
A5012182062,M. JOHN,Cookson,HIGH,category-done: allcaps-first,NA
A5000978834,Nancy A.,Curtin,HIGH,category-done: allcaps-first,NA
A5110352993,JOHN F.,Cutfield,HIGH,category-done: allcaps-first,NA
A5025494477,Mauro,D'Antonio,MED,category-done: surname-duplicated-in-middle,NA
A5013442261,B.,Davidov,HIGH,category-done: allcaps-last,NA
A5086817536,Ertan,Dağli,HIGH,category-done: allcaps-both,NA
A5109518411,Egemen,DEMİR,HIGH,category-done: allcaps-both,NA
A5020334933,Branco,Dragičević,HIGH,category-done: allcaps-both,NA
A5016563443,Branko,Dragičević,HIGH,category-done: allcaps-both,NA
A5089539101,DON,Dumale,HIGH,category-done: allcaps-both,NA
A5031464265,Andrea,Dall’asta,MED,category-done: surname-duplicated-in-middle,NA
A5032284869,Brian W.,Darvell,HIGH,category-done: allcaps-first,NA
A5026800066,Bruno Alexandre,De-Franco,MED,category-done: surname-duplicated-in-middle,NA
A5113538057,Pierre,Dejours,HIGH,category-done: allcaps-first,NA
A5079076680,Catherine,Delbende,HIGH,category-done: allcaps-first,NA
A5087040042,Gabriela,Delpiani,HIGH,category-done: allcaps-first,NA
A5000944510,NA,Dharmadi,MED,category-done: surname-duplicated-in-middle,NA
A5073756480,Ariel,Diamant,HIGH,category-done: allcaps-first,NA
A5111456851,ROD,Dimaline,HIGH,category-done: allcaps-first,NA
A5108736490,Vivien,Dimitrov,HIGH,category-done: allcaps-first,NA
A5103173500,E. Aníbal,Disalvo,MED,category-done: surname-duplicated-in-middle,NA
A5046003572,Omar,Domínguez,MED,category-done: surname-duplicated-in-middle,NA
A5113609560,Mike J.,Dowdall,HIGH,category-done: allcaps-first,NA
A5035012130,NA,Dávid,MED,category-done: surname-duplicated-in-middle,NA
A5112842616,M‐L,Edwards,HIGH,category-done: allcaps-last,NA
A5022427770,Irina,Eidus,HIGH,category-done: allcaps-both,NA
A5078366518,Samira,Enajjar,HIGH,category-done: allcaps-both,NA
A5032714126,MARY Grace,Ereguero,HIGH,category-done: allcaps-both,NA
A5014281173,José Félix,Estupiñán-Ortiz,HIGH,category-done: allcaps-last,NA
A5077608816,Georg M.,Eisenbach,HIGH,category-done: allcaps-first,NA
A5109375673,Gebely A.M.M.,Abu El-Kheir,MED,category-done: allcaps-first,NA
A5050540653,JIM,Ellis,HIGH,category-done: allcaps-first,NA
A5023349583,Mohamed,El‐Hacen,MED,category-done: surname-duplicated-in-middle,NA
A5014124284,Fawzy,El‐Nady,MED,category-done: surname-duplicated-in-middle,NA
A5111660190,Lajos,Erdélyi,MED,category-done: surname-duplicated-in-middle,NA
A5105705788,Amaya,Everett,HIGH,category-done: allcaps-first,NA
A5011858031,Julio C.C.,Fernandez,HIGH,category-done: allcaps-both,NA
A5108273716,Kerstin,Forsberg,HIGH,category-done: allcaps-both,NA
A5067477629,NA,Fahmi,MED,category-done: surname-duplicated-in-middle,NA
A5010363266,Lourdes,Fernández-Peralta,MED,category-done: surname-duplicated-in-middle,NA
A5012807485,D.,Fitzpatrick,MED,category-done: surname-duplicated-in-middle,NA
A5078578222,D G,Fleishman,MED,category-done: surname-duplicated-in-middle,NA
A5112902369,Brian K.,Follett,HIGH,category-done: allcaps-first,NA
A5000852921,Jeffrey S.,Forman,HIGH,category-done: allcaps-first,NA
A5065519096,Conceicao Juana,Fortes,HIGH,category-done: allcaps-first,NA
A5113520274,P,Foà,MED,category-done: surname-duplicated-in-middle,NA
A5046727701,Caroline,Fuery,HIGH,category-done: allcaps-first,NA
A5110442798,Tomotaka,Fujikawa,HIGH,category-done: allcaps-first,NA
A5069695532,Otto F. B.,Gadig,HIGH,category-done: allcaps-both,NA
A5069349995,M.,Galanidi,HIGH,category-done: allcaps-last,NA
A5019061221,Mohamad Younis,Galiya,HIGH,category-done: allcaps-both,NA
A5041732046,Madalena,Gaspar,HIGH,category-done: allcaps-last,NA
A5030073960,Bert,Gijsen,HIGH,category-done: allcaps-last,NA
A5003634254,P. C.,Gillikin,HIGH,category-done: allcaps-last,NA
A5012269630,Valentina,Giussani,HIGH,category-done: allcaps-both,NA
A5038249416,Courtney,Goecker,HIGH,category-done: allcaps-both,NA
A5039089346,Tyler,Greenfield,HIGH,category-done: allcaps-both,NA
A5039012796,Javier,Guallart,HIGH,category-done: allcaps-both,NA
A5110212440,OBF.,Gadig,HIGH,category-done: allcaps-first,NA
A5101654619,David,Galloway,HIGH,category-done: allcaps-first,NA
A5056116310,Blanca,García-Cortés,MED,category-done: surname-duplicated-in-middle,NA
A5055900062,M. Carmen,García-Martínez,MED,category-done: surname-duplicated-in-middle,NA
A5085575277,Felipe,García-Tenorio,MED,category-done: surname-duplicated-in-middle,NA
A5022363556,Caleb,Gardner,HIGH,category-done: allcaps-first,NA
A5012967253,Robert R.,Gatten,HIGH,category-done: allcaps-first,NA
A5014259630,Roberto,Giacominelli-Stuffler,HIGH,category-done: allcaps-first,NA
A5073288192,Pathakota,Gireesh-Babu,MED,category-done: surname-duplicated-in-middle,NA
A5081198641,George,Gitau,HIGH,category-done: allcaps-first,NA
A5007300089,Margarito A.,González,MED,category-done: surname-duplicated-in-middle,NA
A5112233521,Maria,González-Ramos,MED,category-done: surname-duplicated-in-middle,NA
A5082731885,C. Muñiz,González‐Pola,MED,category-done: surname-duplicated-in-middle,NA
A5101854103,A.,Gopalakrishnan,MED,category-done: allcaps-first,NA
A5028738674,Herbert,Gottfried,HIGH,category-done: allcaps-first,NA
A5032672449,Anesh,Govender,HIGH,category-done: allcaps-first,NA
A5030559862,Joaquín,Goyache,HIGH,category-done: allcaps-first,NA
A5110185078,Jack A.,Grant‐Mackie,MED,category-done: surname-duplicated-in-middle,NA
A5015902028,Rainer,Greger,HIGH,category-done: allcaps-first,NA
A5054033341,Barbara,Grytner-Zięcina,MED,category-done: surname-duplicated-in-middle,NA
A5030497657,L.,Gualà,MED,category-done: surname-duplicated-in-middle,NA
A5067264145,Jose Luis,Gutiérrez-Zabala,MED,category-done: surname-duplicated-in-middle,NA
A5058868443,Gilberto Rafael Borges,Guzman,MED,category-done: surname-duplicated-in-middle,NA
A5048603161,Gizem,Gündeğer,HIGH,category-done: allcaps-both,NA
A5071637699,Jean,Gérard,MED,category-done: surname-duplicated-in-middle,NA
A5056312215,M.,Gómez-Ballesteros,MED,category-done: surname-duplicated-in-middle,NA
A5025649823,A. R.,Hamdy,HIGH,category-done: allcaps-last,NA
A5114007004,David J.,Hanson,HIGH,category-done: allcaps-both,NA
A5044972589,Alistair V.,Harry,HIGH,category-done: allcaps-both,NA
A5073572068,Deniz,Hasbek,HIGH,category-done: allcaps-both,NA
A5113607722,Ammara,Hasnain,HIGH,category-done: allcaps-last,NA
A5003880373,Michiel,Van Herck,MED,category-done: allcaps-both,NA
A5082181866,RAZY,Hoffman,HIGH,category-done: allcaps-both,NA
A5104665147,Jana,Hua‐Monclús,HIGH,category-done: allcaps-last,NA
A5081415030,Álvaro García,De Los Ríos Y Los Huertos,MED,category-done: allcaps-both,NA
A5034500535,David W.,Halton,HIGH,category-done: allcaps-first,NA
A5109183248,Duco I.,Hamasaki,HIGH,category-done: allcaps-first,NA
A5112169616,Harold T.,Hammel,HIGH,category-done: allcaps-first,NA
A5111936217,CM,Hammerschlag‐Peyer,MED,category-done: surname-duplicated-in-middle,NA
A5100321758,NA,Han,MED,category-done: surname-duplicated-in-middle,NA
A5112244880,JACK,Harris,HIGH,category-done: allcaps-first,NA
A5005470406,MDE,Haywood,HIGH,category-done: allcaps-first,NA
A5109121375,Toshihiro,Hayáshida,MED,category-done: surname-duplicated-in-middle,NA
A5034668230,Ernst,Hegner,HIGH,category-done: allcaps-first,NA
A5112249216,NA,Herman,MED,category-done: surname-duplicated-in-middle,NA
A5033935278,Carlos,Hernández-González,MED,category-done: surname-duplicated-in-middle,NA
A5083033887,M.D.,Hernández‐Pascual,MED,category-done: surname-duplicated-in-middle,NA
A5109924026,Maria,Del Valle Hernández‐Pérez,MED,category-done: surname-duplicated-in-middle,NA
A5113459672,Jacqueline M.,Hill,HIGH,category-done: allcaps-first,NA
A5070947958,Kristin R.,Hinds,HIGH,category-done: allcaps-first,NA
A5087468171,P. Mike,Hine,HIGH,category-done: allcaps-first,NA
A5043383170,Richard W.,Horsley,HIGH,category-done: allcaps-first,NA
A5110057336,Laszo,Horváth,MED,category-done: surname-duplicated-in-middle,NA
A5035072444,DIRK C.,Hovestadt,HIGH,category-done: allcaps-first,NA
A5108565990,Shizunori,Ikeda,HIGH,category-done: allcaps-last,NA
A5109072329,Zia-Ul,Islam,HIGH,category-done: allcaps-both,NA
A5070341841,Nanami,Ito,HIGH,category-done: allcaps-both,NA
A5015893349,David R.,Idler,HIGH,category-done: allcaps-first,NA
A5112789917,Patricia,Ingleton,HIGH,category-done: allcaps-first,NA
A5109056989,NIN,Ismail,HIGH,category-done: allcaps-first,NA
A5043473933,Elsa Martínez,Jiménez,HIGH,category-done: allcaps-both,NA
A5104185700,CAL C.,Johnson,HIGH,category-done: allcaps-both,NA
A5098886272,Armelle,JUNG,HIGH,category-done: allcaps-both,NA
A5011560199,Carlos D.,Jurado,HIGH,category-done: allcaps-both,NA
A5112420093,Tea,Juretić,HIGH,category-done: allcaps-both,NA
A5113030855,Ian P.,Jacobsen,HIGH,category-done: allcaps-first,NA
A5109891355,B. G. M.,Jamieson,MED,category-done: surname-duplicated-in-middle,NA
A5021347321,Dayong,Jiang,HIGH,category-done: allcaps-first,NA
A5085094501,F. J.,Jiménez-Espejo,MED,category-done: surname-duplicated-in-middle,NA
A5108430528,Colin F,Johnston,HIGH,category-done: allcaps-first,NA
A5085608574,Barnet,Joseph,HIGH,category-done: allcaps-first,NA
A5082034978,Chalil George,Joshy,HIGH,category-done: allcaps-first,NA
A5084041660,Adla,Kahrić,HIGH,category-done: allcaps-both,NA
A5042573553,Argyrios,Kallianotis,HIGH,category-done: allcaps-both,NA
A5113257579,Masahiko,Kaneko,HIGH,category-done: allcaps-both,NA
A5062290105,Johann,Kirchhauser,HIGH,category-done: allcaps-both,NA
A5109412597,A. Peter,Klimley,HIGH,category-done: allcaps-both,NA
A5052611662,James D. S.,Knuckey,HIGH,category-done: allcaps-both,NA
A5014835957,Naoya,Koshigoe,HIGH,category-done: allcaps-last,NA
A5010696237,Dejan,Kulijer,HIGH,category-done: allcaps-both,NA
A5002075830,J C,Van De Kamer,MED,category-done: allcaps-first,NA
A5084049811,M.,Karthikeyan,MED,category-done: surname-duplicated-in-middle,NA
A5103447982,Clive R.,Kennedy,HIGH,category-done: allcaps-first,NA
A5005689017,Percy Edward,Kent,HIGH,category-done: allcaps-first,NA
A5036672522,Bertrand,Kerébel,MED,category-done: surname-duplicated-in-middle,NA
A5089633190,Rasul A.,Khan,HIGH,category-done: allcaps-first,NA
A5015352541,Igor,Klatzo,HIGH,category-done: allcaps-first,NA
A5088464151,Herman,Kleerekoper,HIGH,category-done: allcaps-first,NA
A5044822274,Halina Teresa,Kobryń,MED,category-done: surname-duplicated-in-middle,NA
A5110304028,I,Kornfield,MED,category-done: surname-duplicated-in-middle,NA
A5059441161,S.,Lebouitz,MED,category-done: allcaps-last,NA
A5113921302,Francesco L.,Leonetti,HIGH,category-done: allcaps-both,NA
A5068970622,Chia YEN,LIN,HIGH,category-done: allcaps-both,NA
A5049409876,Leon A.,Lipshaw,HIGH,category-done: allcaps-both,NA
A5062275175,Nicholas,Lloyd,HIGH,category-done: allcaps-both,NA
A5032498486,Hadas,Lubinevski,HIGH,category-done: allcaps-both,NA
A5108080054,ACF.,Lacerda,HIGH,category-done: allcaps-first,NA
A5051263560,Brahim,Lahlou,HIGH,category-done: allcaps-first,NA
A5051296138,Hugo A. J.,Laine,MED,category-done: surname-duplicated-in-middle,NA
A5073371100,JD,Laurence-Chasen,MED,category-done: surname-duplicated-in-middle,NA
A5110027484,Valluri Anitha,Lavanya,HIGH,category-done: allcaps-first,NA
A5112438373,JSE,Lea,HIGH,category-done: allcaps-first,NA
A5113022094,Arcata,Leavitt,HIGH,category-done: allcaps-first,NA
A5039486520,Thomas C.,Lewis,HIGH,category-done: allcaps-first,NA
A5100426907,NA,Liang,MED,category-done: surname-duplicated-in-middle,NA
A5078772107,Joseph J.,Licciardello,HIGH,category-done: allcaps-first,NA
A5048185315,Marco Agustin,Liñan,MED,category-done: surname-duplicated-in-middle,NA
A5059788886,Andrea C,Lopez‐Cazorla,MED,category-done: surname-duplicated-in-middle,NA
A5023712499,Marin,Lovric,MED,category-done: surname-duplicated-in-middle,NA
A5047953548,Dag K.J.E.,Von Lubitz,MED,category-done: allcaps-first,NA
A5001608339,Luis J.,López-Abellán,MED,category-done: surname-duplicated-in-middle,NA
A5085110608,Cristina,López‐Pérez,MED,category-done: surname-duplicated-in-middle,NA
A5000307666,Martín,Maceda,HIGH,category-done: allcaps-both,NA
A5015206535,M. A.,Magelnicki,HIGH,category-done: allcaps-last,NA
A5080725951,Ahmad O.,MAL,HIGH,category-done: allcaps-both,NA
A5109837493,Giuspee,Marcotrigiano,HIGH,category-done: allcaps-last,NA
A5000439201,D. W.,Le Mare,MED,category-done: allcaps-last,NA
A5000542392,Nikolay V.,Martynovich,HIGH,category-done: allcaps-both,NA
A5074973459,Alba,Martín-Lázaro,HIGH,category-done: allcaps-both,NA
A5092765633,Claudio,Masala,HIGH,category-done: allcaps-both,NA
A5030968156,Renata,Mimica,HIGH,category-done: allcaps-both,NA
A5059044624,Yoshio,Misume,HIGH,category-done: allcaps-last,NA
A5065517362,Tasuku,Miyoshi,HIGH,category-done: allcaps-last,NA
A5015696415,Gaku,Mizuno,HIGH,category-done: allcaps-last,NA
A5110501373,Hirohisa,Morikawa,HIGH,category-done: allcaps-last,NA
A5087775346,Cristina,Muraro,HIGH,category-done: allcaps-both,NA
A5093933611,Paul,Murdoch,HIGH,category-done: allcaps-last,NA
A5037399410,Kevin S.,Mackenzie,HIGH,category-done: allcaps-first,NA
A5104230208,AHH,Macdonald,HIGH,category-done: allcaps-first,NA
A5110866474,Sveinn,Magnússon,MED,category-done: surname-duplicated-in-middle,NA
A5100712127,A.,Mahmoud,MED,category-done: surname-duplicated-in-middle,NA
A5078651966,Dhanuskodi,Manikandavelu,HIGH,category-done: allcaps-first,NA
A5108118509,APB,Martins,HIGH,category-done: allcaps-first,NA
A5049897018,M Virginia,Martín,MED,category-done: surname-duplicated-in-middle,NA
A5052034553,Pablo,Martín-Sosa,MED,category-done: surname-duplicated-in-middle,NA
A5052869683,Adriana,Martínez-Guevara,MED,category-done: surname-duplicated-in-middle,NA
A5037250063,James H.,Matis,HIGH,category-done: allcaps-first,NA
A5084143788,Kevin F.,Mcgeeney,HIGH,category-done: allcaps-first,NA
A5067834161,Gerard P.,Mcgregor,HIGH,category-done: allcaps-first,NA
A5089800013,S. Margaret,Mcveagh,HIGH,category-done: allcaps-first,NA
A5081014830,Ricardo Andrés Badillo,Melendez,MED,category-done: surname-duplicated-in-middle,NA
A5100617659,NA,Michael,MED,category-done: surname-duplicated-in-middle,NA
A5109982529,Roger S.,Miles,HIGH,category-done: allcaps-first,NA
A5037624749,David,Millward,HIGH,category-done: allcaps-first,NA
A5110004014,Françoise Marco,Mirallès,MED,category-done: surname-duplicated-in-middle,NA
A5109360584,ABM,Moore,HIGH,category-done: allcaps-first,NA
A5050915817,Rocío,Morales‐Medina,MED,category-done: surname-duplicated-in-middle,NA
A5102227988,Erika,Moreno,HIGH,category-done: allcaps-first,NA
A5111887167,JAT,Morgan,HIGH,category-done: allcaps-first,NA
A5110087149,H. Victor,Murdaugh,HIGH,category-done: allcaps-first,NA
A5000686165,O.,Mäkelä,MED,category-done: surname-duplicated-in-middle,NA
A5042802356,I J,Møller,MED,category-done: surname-duplicated-in-middle,NA
A5035607333,W. John,Nelson,HIGH,category-done: allcaps-last,NA
A5004490326,Leopold A. J.,Nagelkerke,HIGH,category-done: allcaps-first,NA
A5023814875,Talagundasrinivasan,Nagesh,HIGH,category-done: allcaps-first,NA
A5102832008,Musaliyarakam,Nashad,HIGH,category-done: allcaps-first,NA
A5074113206,Yaacov,Nathan,HIGH,category-done: allcaps-first,NA
A5017876367,S. V.,Naugolnykh,MED,category-done: surname-duplicated-in-middle,NA
A5031866306,David,Neil,HIGH,category-done: allcaps-first,NA
A5092740903,BAS,Nharreluga,HIGH,category-done: allcaps-first,NA
A5109882924,Timothy B.,Nickels,HIGH,category-done: allcaps-first,NA
A5082762601,Ellis Nurjuliasti Ellis Nurjuliasti,Ningsih,MED,category-done: surname-duplicated-in-middle,NA
A5000777461,Naomi,Noda,HIGH,category-done: allcaps-first,NA
A5048783274,Yoshihiro,Nomura,HIGH,category-done: allcaps-first,NA
A5110357426,JACC,Nunes,HIGH,category-done: allcaps-first,NA
A5029152328,Kaitlyn A.,O'Brien,MED,category-done: surname-duplicated-in-middle,NA
A5011745972,Orfhlaith,O'brien,MED,category-done: surname-duplicated-in-middle,NA
A5090247462,AK,O'gower,MED,category-done: surname-duplicated-in-middle,NA
A5068021711,Mikio,Oguri,HIGH,category-done: allcaps-last,NA
A5051882206,Shungo,Oshitani,HIGH,category-done: allcaps-both,NA
A5104165830,Andrea,Oso,HIGH,category-done: allcaps-both,NA
A5072105021,Ranim Mohamad,Othman,HIGH,category-done: allcaps-both,NA
A5097085587,Hamed,Al Oufi,MED,category-done: allcaps-both,NA
A5061736331,Mariam,Ousselam,HIGH,category-done: allcaps-both,NA
A5005283993,Panayotis,Ovalis,MED,category-done: allcaps-both,NA
A5088908444,Steven D.,Obenauf,HIGH,category-done: allcaps-first,NA
A5111634884,Yoichi,Ohba,HIGH,category-done: allcaps-first,NA
A5018511556,Pieter A. S.,Olivier,HIGH,category-done: allcaps-first,NA
A5047275950,W. Walter,Oppelt,HIGH,category-done: allcaps-first,NA
A5109116023,J.,Ortega-Garcı́a,MED,category-done: surname-duplicated-in-middle,NA
A5003555663,Julian,Overnell,HIGH,category-done: allcaps-first,NA
A5103590857,Micah,O’halloran,MED,category-done: surname-duplicated-in-middle,NA
A5110741540,Brendan,O’hea,MED,category-done: surname-duplicated-in-middle,NA
A5017133252,Niall,O’maoiléidigh,MED,category-done: surname-duplicated-in-middle,NA
A5029424264,Jaclyn M.,Palermo,HIGH,category-done: allcaps-both,NA
A5038504045,Jennifer A.,Parkin,HIGH,category-done: allcaps-both,NA
A5014503772,Rajeev,Patnaik,HIGH,category-done: allcaps-last,NA
A5073949148,Steven,Pitchford,HIGH,category-done: allcaps-both,NA
A5062842252,Joe,Purifoy,HIGH,category-done: allcaps-both,NA
A5108273717,Wilmer,Purizaca,HIGH,category-done: allcaps-both,NA
A5052048809,Eric,Paling,HIGH,category-done: allcaps-first,NA
A5037936482,Paul E.,Parker,HIGH,category-done: allcaps-first,NA
A5032616210,Valentín,Parthe,MED,category-done: surname-duplicated-in-middle,NA
A5111942462,Philip Lionel,Pascoe,HIGH,category-done: allcaps-first,NA
A5029741709,Pedro J,Pascual-Alayón,MED,category-done: surname-duplicated-in-middle,NA
A5112766937,A. G. Everson,Pearse,HIGH,category-done: allcaps-first,NA
A5076813242,MAM,Pereira,HIGH,category-done: allcaps-first,NA
A5074821674,JOS S.,Pet,HIGH,category-done: allcaps-first,NA
A5103366697,Ellengene H.,Peterson,HIGH,category-done: allcaps-first,NA
A5082844459,Giulio,Petronio,MED,category-done: surname-duplicated-in-middle,NA
A5111657813,Brian T.,Pickering,HIGH,category-done: allcaps-first,NA
A5022118721,Klaus,Pleschka,HIGH,category-done: allcaps-first,NA
A5053320118,Cristina,Plá,MED,category-done: surname-duplicated-in-middle,NA
A5076610364,Joost H. W.,Pompert,HIGH,category-done: allcaps-first,NA
A5064910774,Ian C.,Potter,HIGH,category-done: allcaps-first,NA
A5049789704,Gummadi Venkata Ankineedu,Prasad,HIGH,category-done: allcaps-first,NA
A5062955759,CEM,Prebble,HIGH,category-done: allcaps-first,NA
A5068468203,A.,Pulsford,MED,category-done: surname-duplicated-in-middle,NA
A5069886129,Anna Ida Sunaryo Anna Ida Sunaryo,Purwiyanto,MED,category-done: surname-duplicated-in-middle,NA
A5026801256,Wike Ayu Eka Wike Ayu Eka,Putri,MED,category-done: surname-duplicated-in-middle,NA
A5102599625,Riyas P. K.,Rahman,HIGH,category-done: allcaps-both,NA
A5117133912,Arnaud,Rebillard,HIGH,category-done: allcaps-last,NA
A5016283114,R. A.,Reijns,HIGH,category-done: allcaps-last,NA
A5092578364,Walter,Van Remoortel,MED,category-done: allcaps-both,NA
A5027956344,Joyce,Renfrew,HIGH,category-done: allcaps-both,NA
A5013897664,Aigües,Repullés-Albeda,HIGH,category-done: allcaps-both,NA
A5072508974,D. H. Heddwyn,Richards,HIGH,category-done: allcaps-both,NA
A5030437596,Mirta,Riesgo,HIGH,category-done: allcaps-both,NA
A5112995138,Riccardo,Rondelli,HIGH,category-done: allcaps-both,NA
A5036128793,Georghe,Radu,HIGH,category-done: allcaps-first,NA
A5074587627,Hinrich,Rahmann,HIGH,category-done: allcaps-first,NA
A5104472796,Lakshmana Perumal,Ramalingam,HIGH,category-done: allcaps-first,NA
A5048857932,Joelle,Rambaud,HIGH,category-done: allcaps-first,NA
A5048753854,R. Singh,Rana,HIGH,category-done: allcaps-first,NA
A5068833029,Haseeb S.,Randhawa,HIGH,category-done: allcaps-first,NA
A5110130476,LEL,Rasmussen,HIGH,category-done: allcaps-first,NA
A5046897132,R.A.,Rasmussen,MED,category-done: surname-duplicated-in-middle,NA
A5046752102,Enrico,Reale,HIGH,category-done: allcaps-first,NA
A5112733995,Manfred,Reinecke,HIGH,category-done: allcaps-first,NA
A5111741745,James,Reinig,HIGH,category-done: allcaps-first,NA
A5108449017,J,Repérant,MED,category-done: surname-duplicated-in-middle,NA
A5110066253,Herman M.,Rhee,HIGH,category-done: allcaps-first,NA
A5109710635,Alba Lorena Barriga,Rodriguez,MED,category-done: surname-duplicated-in-middle,NA
A5101501098,Diego,Rodríguez,MED,category-done: surname-duplicated-in-middle,NA
A5023329009,Cosme,Rodríguez‐Valencia,MED,category-done: surname-duplicated-in-middle,NA
A5054028757,Esther,Román-Marcote,MED,category-done: surname-duplicated-in-middle,NA
A5067623889,Buddha P.,Roy,HIGH,category-done: allcaps-first,NA
A5016201608,JOHN R.,Royer,HIGH,category-done: allcaps-first,NA
A5074675435,Jorge Ricardo,Ruelas-Inzunza,MED,category-done: surname-duplicated-in-middle,NA
A5033051539,Susana,Ruiz-Pico,MED,category-done: surname-duplicated-in-middle,NA
A5112796542,Findlay-E.,Russell,HIGH,category-done: allcaps-first,NA
A5021714111,JOHN S,Ryland,HIGH,category-done: allcaps-first,NA
A5056652337,Abdesselem,Saadaoui,HIGH,category-done: allcaps-both,NA
A5013255842,Juan,Sabalones,HIGH,category-done: allcaps-both,NA
A5003774739,Michizo,Sakai,HIGH,category-done: allcaps-last,NA
A5015080082,J.,Saliba,HIGH,category-done: allcaps-last,NA
A5052345714,Shinji,Sassa,HIGH,category-done: allcaps-last,NA
A5093933612,Clarence,Schumaker,HIGH,category-done: allcaps-last,NA
A5103058210,Claudio F.,Serrano,HIGH,category-done: allcaps-both,NA
A5067749876,K. Milankumar,Sharma,HIGH,category-done: allcaps-last,NA
A5017123111,Kunio,Shirai,HIGH,category-done: allcaps-last,NA
A5044738887,Mark,Showell,HIGH,category-done: allcaps-last,NA
A5000796944,Ningthoujam Premjit,Singh,HIGH,category-done: allcaps-last,NA
A5073103831,Nongmaithem Amardas,Singh,HIGH,category-done: allcaps-last,NA
A5024127901,Y. Priyananda,Singh,HIGH,category-done: allcaps-last,NA
A5107479171,Mikael,Siversson,HIGH,category-done: allcaps-both,NA
A5101051275,Susy Hermes,De Souza,MED,category-done: allcaps-last,NA
A5113555719,NA,Da Stoffregen,MED,category-done: allcaps-last,NA
A5056107978,Raeywn,Street,HIGH,category-done: allcaps-both,NA
A5012655772,Peter J. A.,Del Strother,MED,category-done: allcaps-both,NA
A5054192120,Peter,Swarbrick,HIGH,category-done: allcaps-both,NA
A5109514030,JOHN,Salini,HIGH,category-done: allcaps-first,NA
A5109194354,Valentín,Sans‐Coma,MED,category-done: surname-duplicated-in-middle,NA
A5012070424,Paulo Roberto,Dos Santos,MED,category-done: surname-duplicated-in-middle,NA
A5111450318,JOHN R.,Sargent,HIGH,category-done: allcaps-first,NA
A5030909769,P E,Sautière,MED,category-done: surname-duplicated-in-middle,NA
A5113528161,Ernst,Scharrer,HIGH,category-done: allcaps-first,NA
A5085856505,Kevin,Scott,HIGH,category-done: allcaps-first,NA
A5031464291,V. B.,Seltser,MED,category-done: surname-duplicated-in-middle,NA
A5110249775,CAD,Semeniuk,HIGH,category-done: allcaps-first,NA
A5026092219,Sandra E. K.,Sequeira,HIGH,category-done: allcaps-first,NA
A5071839996,Alicia Emilly,Dos Santos Serafim,MED,category-done: allcaps-first,NA
A5019461167,Francisco,Serrano-Flores,MED,category-done: surname-duplicated-in-middle,NA
A5111734172,Richard B.,Setlow,HIGH,category-done: allcaps-first,NA
A5076805100,N.K.A. Nor Hisham,Shah,HIGH,category-done: allcaps-first,NA
A5021807484,Christopher,Shaw,HIGH,category-done: allcaps-first,NA
A5056977802,Krishnan,Silambarasan,HIGH,category-done: allcaps-first,NA
A5110750452,J.,Sivak,MED,category-done: surname-duplicated-in-middle,NA
A5076876996,P. Jane,Smart,HIGH,category-done: allcaps-first,NA
A5083009698,Houssem E.,Snène,MED,category-done: surname-duplicated-in-middle,NA
A5001161738,Inserm,Sonoda,HIGH,category-done: allcaps-first,NA
A5088808398,JFA,Sprent,HIGH,category-done: allcaps-first,NA
A5009572933,Matthias F. W.,Stehmann,HIGH,category-done: allcaps-first,NA
A5038223250,Oskar,Steinwall,HIGH,category-done: allcaps-first,NA
A5109211100,F.M.A.H. Schuurmans,Stekhoven,HIGH,category-done: allcaps-first,NA
A5043550545,Peter J.,Stephenson,HIGH,category-done: allcaps-first,NA
A5064633865,Marlene,Stürup,HIGH,category-done: allcaps-first,NA
A5001259978,Peter,Sutcliffe,HIGH,category-done: allcaps-first,NA
A5029740406,Lieze,Swart,HIGH,category-done: allcaps-first,NA
A5109413027,Arthur R.,Sweet,HIGH,category-done: allcaps-first,NA
A5037982003,Bayram,Süzer,HIGH,category-done: allcaps-last,NA
A5113991169,Masashi,Taguchi,HIGH,category-done: allcaps-last,NA
A5108458443,SM,Taylor,HIGH,category-done: allcaps-last,NA
A5018584243,Ergün,Taşkin,HIGH,category-done: allcaps-both,NA
A5030778382,Konstantinos,Teneketzis,HIGH,category-done: allcaps-both,NA
A5084711363,Marilena,Theodosiou,HIGH,category-done: allcaps-both,NA
A5089949004,PF,Thomsen,HIGH,category-done: allcaps-last,NA
A5085516592,R. P.,Tiwari,HIGH,category-done: allcaps-last,NA
A5109921290,Shozo,Toda,HIGH,category-done: allcaps-last,NA
A5026648137,Sandro,Tripepi,HIGH,category-done: allcaps-both,NA
A5054976537,Erion,Troplini,HIGH,category-done: allcaps-both,NA
A5031524198,W.,Tschernezky,HIGH,category-done: allcaps-last,NA
A5059447235,Konstantinos,Tsouknidas,HIGH,category-done: allcaps-both,NA
A5071413650,Nao,Tsuzuki,HIGH,category-done: allcaps-last,NA
A5062311051,Cansu,Turan,HIGH,category-done: allcaps-last,NA
A5004453522,J. C.,Turnier,HIGH,category-done: allcaps-last,NA
A5052977507,Valentin Petrovich,Tverdokhlebov,HIGH,category-done: allcaps-last,NA
A5110155680,Imane,Tai,HIGH,category-done: allcaps-first,NA
A5035242458,Giorgio,Tecce,HIGH,category-done: allcaps-first,NA
A5098734864,Katie,Terhaar,MED,category-done: surname-duplicated-in-middle,NA
A5015039761,Mahesh,Thakkar,HIGH,category-done: allcaps-first,NA
A5037932827,Raghavendra Prasad,Tiwari,HIGH,category-done: allcaps-first,NA
A5077742170,Marta,Torroba,HIGH,category-done: allcaps-first,NA
A5005861450,Sean R.,Tracey,HIGH,category-done: allcaps-first,NA
A5064990719,Jean-Paul,Truchot,HIGH,category-done: allcaps-first,NA
A5007554190,B. Lionel,Truscott,HIGH,category-done: allcaps-first,NA
A5113536180,Theodore,Tsegenidis,HIGH,category-done: allcaps-first,NA
A5050858786,H,Táboříková,MED,category-done: surname-duplicated-in-middle,NA
A5011611295,Uğur,Uzer,HIGH,category-done: allcaps-both,NA
A5041749427,Arumugam,Uma,HIGH,category-done: allcaps-first,NA
A5050223566,Christopher D.,Unsworth,HIGH,category-done: allcaps-first,NA
A5073952381,H.,Valeria,HIGH,category-done: allcaps-last,NA
A5046788337,Aldo I.,Vassallo,HIGH,category-done: allcaps-both,NA
A5002591070,Marilyn,Du Vigneaud,MED,category-done: allcaps-both,NA
A5031099881,Gerard J.,Visser,HIGH,category-done: allcaps-both,NA
A5088976027,Anton,Vogiatzis,HIGH,category-done: allcaps-both,NA
A5012747083,Silvana,Vallerga,HIGH,category-done: allcaps-first,NA
A5043103559,L.A.L.,Vaz,HIGH,category-done: allcaps-first,NA
A5026788611,Sasidharan,Venu,HIGH,category-done: allcaps-first,NA
A5113512847,Alain,Verbaere,HIGH,category-done: allcaps-first,NA
A5072796422,Carla,Viglietti‐Panzica,MED,category-done: surname-duplicated-in-middle,NA
A5076456488,Matthias,Vignon,HIGH,category-done: allcaps-first,NA
A5071697574,N O,Volpe,MED,category-done: surname-duplicated-in-middle,NA
A5026738548,Gordon,Walken,HIGH,category-done: allcaps-both,NA
A5067851414,Chris J.,Walker,HIGH,category-done: allcaps-both,NA
A5057197291,Yamin,WANG,HIGH,category-done: allcaps-last,NA
A5003247501,J. C. D.,Watts,HIGH,category-done: allcaps-last,NA
A5068163758,D. W.,Wilkie,HIGH,category-done: allcaps-last,NA
A5010124330,REX S.,Williams,HIGH,category-done: allcaps-both,NA
A5071724288,Karina,Williamson,HIGH,category-done: allcaps-both,NA
A5027183882,R. S.,Wright,HIGH,category-done: allcaps-last,NA
A5010978313,Michael,Waldman,HIGH,category-done: allcaps-first,NA
A5051467200,Daniel M.,Ware,HIGH,category-done: allcaps-first,NA
A5110281694,RGA,Watson,HIGH,category-done: allcaps-first,NA
A5067301182,RGA,Watson,HIGH,category-done: allcaps-first,NA
A5075153650,Janice,Williams,HIGH,category-done: allcaps-first,NA
A5046630427,Hendrik V.,Winter,HIGH,category-done: allcaps-first,NA
A5001217653,D J,Withington‐Wray,MED,category-done: surname-duplicated-in-middle,NA
A5063954636,WYNE N.,Witzell,HIGH,category-done: allcaps-first,NA
A5110115415,Karl-Erast,Wohlfarth‐Bottermann,MED,category-done: surname-duplicated-in-middle,NA
A5046975759,Roger C.,Woledge,HIGH,category-done: allcaps-first,NA
A5110212237,STAN,Wood,HIGH,category-done: allcaps-first,NA
A5110519112,Peter M. J.,Woodhead,HIGH,category-done: allcaps-first,NA
A5083471210,Peter J.,Wright,HIGH,category-done: allcaps-first,NA
A5054946674,Lamia,Yacoubi,HIGH,category-done: allcaps-both,NA
A5035189772,Asagi,Yagura,HIGH,category-done: allcaps-both,NA
A5044190015,Ferhat,Yalgin,HIGH,category-done: allcaps-last,NA
A5009512272,Soonbo,YANG,HIGH,category-done: allcaps-last,NA
A5005384678,Cahide Çiğdem,Yiğin,HIGH,category-done: allcaps-last,NA
A5038580018,Tomoya,Yoshimitsu,HIGH,category-done: allcaps-both,NA
A5017969710,Gordon K.,Yearsley,HIGH,category-done: allcaps-first,NA
A5109056168,Janice,Young,HIGH,category-done: allcaps-first,NA
A5091982589,Aikaterini,Zafeiriadou,HIGH,category-done: allcaps-both,NA
A5015222031,G.,Zaminos,HIGH,category-done: allcaps-last,NA
A5073287519,Leon L.,Zamuda,HIGH,category-done: allcaps-both,NA
A5100530905,Xiaoguang,ZENG,HIGH,category-done: allcaps-last,NA
A5097638375,J,Zolotarev,HIGH,category-done: allcaps-last,NA
A5007152032,Peter,Zangger,HIGH,category-done: allcaps-first,NA
A5020389638,Jeanne,Zaouali,HIGH,category-done: allcaps-first,NA
A5051503013,Raul,Zemelman,HIGH,category-done: allcaps-first,NA
A5112713004,Ainsley A.,buckley,HIGH,category-done: allcaps-first,NA
A5092765635,Öznur Yazilan,Çamlik,HIGH,category-done: allcaps-both,NA
A5057229994,Hakan,Öndes,HIGH,category-done: allcaps-last,NA
A5048286074,Ayşe,Özyilmaz,HIGH,category-done: allcaps-last,NA
A5111510983,H,Östberg,MED,category-done: surname-duplicated-in-middle,NA
A5109848725,E. I.,Özer,MED,category-done: surname-duplicated-in-middle,NA
A5110935577,Ilija,Ćetković,HIGH,category-done: allcaps-both,NA
A5030107197,Pınar,İŞMEN,HIGH,category-done: allcaps-last,NA
A5072767980,Björn,Afzelius,HIGH,subagent: Wikipedia,Swedish zoologist 1925–2008
A5105839151,Ramón,Anadón,HIGH,subagent: Google Scholar+USC,Professor University of Santiago de Compostela
A5051067538,Adam,Ben-Tuvia,HIGH,subagent: Wikipedia,Israeli ichthyologist; species named after him
A5059968853,Jean-Pascal,Bergé,HIGH,subagent: ResearchGate+Ifremer,Former Ifremer scientist
A5108088381,Anders,Björklund,HIGH,subagent: Lund,Neuroscientist
A5039342759,Jesús María Blanco,Ilzarbe,HIGH,subagent: ResearchGate+University,Energy engineer Basque Country
A5083105375,Howard E.,Bond,HIGH,subagent: Research.com+ORCID,Astronomer STScI
A5045399982,Karl F.,Böhringer,HIGH,subagent: U Washington,Professor electrical engineering
A5076564443,José I.,Castro,HIGH,subagent: NOAA,Shark researcher
A5087243727,Pablo,Durán-Muñoz,HIGH,subagent: Spanish IEO,Oceanographer confirmed
A5098452242,John E.,Simmons,HIGH,subagent: UC Berkeley,Museum curator
A5047078785,Laura J.,Ekstrom,HIGH,subagent: Wheaton College,Biomechanics professor
A5050655684,Ahmed A.,Elbassiouny,HIGH,subagent: U Toronto,Electric fish genetics
A5058889382,Andrea,Polanco,HIGH,subagent: Academia.edu+ResearchGate,Colombian ichthyologist; F is middle/maternal surname initial
A5012241561,Andrea,Polanco,HIGH,subagent: Duplicate,Same person as A5058889382
A5086026579,Ulla,Fernández-Arcaya,HIGH,subagent: ResearchGate,Deep-sea fish researcher
A5019911441,Russell,Foster,HIGH,subagent: Royal Society+Oxford,Circadian researcher FRS
A5068066653,Karin,Fürhaupter,HIGH,subagent: MariLim,Marine researcher
A5097936172,Rolf,Fänge,HIGH,subagent: U Gothenburg,Fish physiologist
A5087828183,Manel,Gažo,HIGH,subagent: ResearchGate+UB,Confirmed lecturer at University of Barcelona — marine megafauna conservation
A5033025055,Diana,González-Troncoso,HIGH,subagent: LinkedIn+IEO,Confirmed R&D technician at Instituto Español de Oceanografía since 2001
A5047179836,Thomas H.,Maren,HIGH,subagent: ResearchGate,Thomas H. Maren MD Professor at UFL; H is middle initial
A5051767942,Anvar,Ali,HIGH,subagent: Google Scholar+KUFOS,Asst Prof Kerala University of Fisheries; 'P.H.' appears to be designation
A5035286519,Karine,Héas-Moisan,HIGH,subagent: IFREMER Nantes,Confirmed marine chemical contamination research
A5019636685,Irina Ivanovna,Rudneva,HIGH,subagent: ResearchGate,Prof Marine Hydrophysical Institute RAS Sevastopol
A5049385523,Carlos,Kouri,HIGH,subagent: ecOceánica+ResearchGate,Associated Researcher ecOceánica Peru; shark fisheries specialist
A5053840581,Carlos,Kouri,HIGH,subagent: ecOceánica+ResearchGate,Duplicate of A5049385523 — same person
A5028528244,Ann-Cathrine,Jönsson,HIGH,subagent: University of Gothenburg,Confirmed at marine sciences faculty
A5084128081,J. K.,Jena,HIGH,subagent: Google Scholar,Dr. Joykrushna Jena DDG Fisheries Science ICAR
A5052143192,Marek,Lipiński,HIGH,subagent: UCT+Rhodes,Confirmed ichthyology/fisheries researcher
A5025889615,Nieves,López-González,HIGH,subagent: IEO Málaga,Senior Researcher marine geosciences
A5036199818,Rosemol,Jacob,HIGH,subagent: CIFT India,Central Institute Fisheries Technology; M is middle initial
A5042591163,Giacomo,Mariotti,HIGH,subagent: University of Siena,Confirmed marine/fisheries research
A5086471450,Viggó Þór,Marteinsson,HIGH,subagent: Matís Iceland,Microbiologist; 'A.' likely Viggó initial variant
A5111808919,Ronald Keith,O'Dor,HIGH,subagent: Dalhousie University,Cephalopod researcher; deceased 2021
A5051932957,Arturo,Acero,HIGH,subagent: ORCID + ResearchGate,Arturo Acero P. — ORCID confirmed
A5111751827,Patricio,Peña,HIGH,subagent: OpenAlex page,Unicode correction confirmed
A5021641747,I. S. Bright,Singh,HIGH,subagent: Cochin University page,Prof. I.S. Bright Singh confirmed
A5060412365,Jorge,Urbán,HIGH,subagent: Web sources,"Whale researcher, Unicode correction"
A5111835115,Mercè,Ribera,HIGH,subagent: Institutional page,"Unicode correction, affiliation found"
A5101275003,Bella,Galil,HIGH,subagent: Tel Aviv University,Curator at TAU confirmed
A5079528510,Daniel,Sellos,HIGH,subagent: French institution,Verified via French institutional source
A5098500181,Rodrigo,Soler-Gijón,HIGH,subagent: Complutense Madrid,"Paleontologist confirmed, Unicode correction"
A5018555795,Maria Maddalena,Storelli,HIGH,subagent: University of Bari,Research Director at UniBari confirmed
A5022557254,Andrey A.,Balanov,HIGH,subagent: Publications+affiliation,Verified via publications and institution
A5065364621,Arkadii Vladimirovich,Balushkin,HIGH,subagent: Wikispecies,Ichthyologist; Wikispecies confirmed
A5066852799,Alexander Fedorovich,Bannikov,HIGH,subagent: Wikispecies+ResearchGate,Paleontologist Borisyak Institute
A5058373784,Igor Sergeevich,Barskov,HIGH,subagent: Wikidata,Paleontologist 1937–2019
A5072706250,Pavel A.,Beznosov,HIGH,subagent: Institute of Geology,Komi SC paleontologist
A5059847239,Aleksander N.,Benzik,HIGH,subagent: Knipovich Institute,Fisheries researcher
A5028102555,Aleksei V.,Biriukov,HIGH,subagent: Saratov State University,Paleontologist
A5070232650,Natalia Mikhailovna,Biserova,HIGH,subagent: Moscow State U,Zoologist
A5091599577,Ekaterina D.,Vasileva,HIGH,subagent: Wikispecies,Ichthyologist MSU
A5026777171,Elena V.,Gorbacheva,HIGH,subagent: Publication,Cell biophysicist
A5031270192,Ilya I.,Gordeev,HIGH,subagent: VNIRO+ResearchGate,Ichthyologist
A5014473614,Oleg V.,Karamushko,HIGH,subagent: Murmansk Marine Bio Inst,Ichthyologist
A5108629130,Natalia B.,Kenigfest,HIGH,subagent: Inst Evol Physiology,Researcher
A5084862997,Kirill K.,Kivva,HIGH,subagent: VNIRO+ResearchGate,Fisheries researcher
A5044225473,Sergei M.,Korotkov,HIGH,subagent: Inst Evol Physiology,Researcher
A5023348414,Efim I.,Kukuev,HIGH,subagent: AtlantNIRO,Ichthyologist
A5082089809,Peter,Linke,HIGH,subagent: GEOMAR,Oceanographer
A5056365109,Tatiana P.,Malyshkina,HIGH,subagent: Zavaritsky Institute,Paleontologist
A5043374995,Mikhail V.,Nazarkin,HIGH,subagent: ResearchGate+ZIN,Senior Researcher Zoological Institute
A5034194880,Igor,Novikov,HIGH,subagent: Wikipedia,Deputy Director Paleontological Institute
A5046451698,Nikolai V.,Parin,HIGH,subagent: Wikipedia,Shirshov ichthyologist 1932–2012
A5046615869,Alexei M.,Orlov,HIGH,subagent: VNIRO+ResearchGate,200+ publications
A5034340443,Vadim F.,Savinykh,HIGH,subagent: Publications,Lamprey and dogfish North Pacific
A5084422215,Natalia V.,Chernova,HIGH,subagent: ZIN staff page,Senior Researcher
A5005092923,Boris A.,Sheiko,HIGH,subagent: ZIN+ResearchGate,Laboratory of Ichthyology
A5087552462,Vladimir,Shelekhov,HIGH,subagent: Zhirmunsky,Published papers
A5103199568,Konstantin V.,Shaitan,HIGH,subagent: ResearchGate,Prof MSU Biophysics
A5085760306,Evgeniia,Raskhozheva,HIGH,subagent: Murmansk Marine Bio Inst,Researcher
A5041727184,Kim,Sen Tok,HIGH,subagent: SakhNIRO,Head of Marine Fish Lab
A5021615338,Dmitry,Pavlov,HIGH,subagent: Severtsov Institute,Head researcher ichthyology
A5100361432,Konstantin M.,Podurets,HIGH,subagent: Kurchatov Institute,Paleontological imaging
A5100678925,Fedor A.,Trikolidi,HIGH,subagent: Karpinsky Institute,Paleontologist shark research
A5083501951,Gaby,Khalaf,HIGH,subagent: CNRS-Lebanon,National Centre Marine Sciences
A5108616548,M. S. A.,Khan,HIGH,category-done: single-letter-surname,[subagent-med] Pakistan fisheries; many candidates (ResearchGate)
A5002723612,Anjela Mercy,A,HIGH,category-done: single-letter-surname,[subagent-low] Limited info; fisheries university (NA)
A5110547896,J. R. I. A.,Jayakody,MED,category-done: single-letter-surname,[subagent-low] Surname order unclear; J.R.I.A. Jayakody or similar (NA)
A5031074186,Shin‐Ichi,Adachi,HIGH,category-done: hyphen-lowercase,NA
A5080644663,Alexandre,Aires‐Da‐Silva,HIGH,category-done: hyphen-lowercase,NA
A5109242562,Miguel Angel Martín,Antunes,HIGH,category-done: allcaps-first; surname-duplicated-in-middle; surname-first-comma,"Full name is Miguel Angel Martín Antunes, first = Miguel, last=Antunes | [subagent-med] Name ordering uncertain (NA)"
A5097325226,Paplin Prince,B.,HIGH,category-done: single-letter-surname,[subagent-med] Indian fisheries researcher (NA)
A5110456958,Marcelo Alberto,Barbuto,MED,category-done: surname-duplicated-in-middle; leading-punct,NA
A5016571727,José Luis,Del Barco,HIGH,category-done: surname-duplicated-in-middle; surname-first-comma,[subagent-med] Multiple candidates (University of Malaga)
A5110480668,Walther,Baumann,HIGH,category-done: surname-duplicated-in-middle; surname-first-comma,[subagent-low] No clear profile found (NA)
A5083615382,Frederique,Berlot-Picard,MED,category-done: allcaps-first; surname-duplicated-in-middle,"Berlot-Picard surname duplicated as middle, remove from middle, same as San-Martin above. Also capitalise after hyphen."
A5116574297,Victória A.,Bezerra-De-Freitas,HIGH,category-done: hyphen-lowercase,NA
A5026593896,He-Jiao,Bian,HIGH,category-done: hyphen-lowercase,NA
A5100671202,Lamia Bianchi,Benhabib,LOW,category-done: surname-first-comma,[subagent-low] No match at stated institution (Politecnico Milano)
A5086123667,Gracia Bustamante,Maria,HIGH,category-done: surname-first-comma,[subagent-med] Multiple possible institutions (São Paulo)
A5112411607,Jeffrey C.,Mangel,HIGH,category-done: single-letter-surname,[subagent-med] Confirmed researcher (U Exeter)
A5116728398,François,Clarac,HIGH,category-done: allcaps-last; undefined-prefix,NA
A5006228713,E. Chao,Petrakou,LOW,category-done: surname-first-comma,[subagent-low] Insufficient identifying info (Taiwan)
A5005057128,Muriel,Chauvière,MED,category-done: allcaps-first; surname-duplicated-in-middle,NA
A5083810294,Antonio Simeón-De,La Cruz,MED,category-done: hyphen-lowercase,NA
A5012574267,Heber Zea-De,La Cruz,MED,category-done: hyphen-lowercase,NA
A5100937871,Shi,D,LOW,category-done: single-letter-surname,[subagent-low] Minimal identifying info (CNRS)
A5034142580,Gabriel Enrique,De-La-Torre,HIGH,category-done: hyphen-lowercase,NA
A5112061242,Patricia A.,Denning‐Kendall,MED,category-done: allcaps-first; surname-duplicated-in-middle,per san martin
A5042914756,Madgy,El‐Salhy,MED,category-done: allcaps-first; surname-duplicated-in-middle,NA
A5073897111,M. R.,El‐Toubi,MED,category-done: allcaps-first; surname-duplicated-in-middle,NA
A5111694668,JC,Forbes-Faulkner,MED,category-done: allcaps-first; surname-duplicated-in-middle,NA
A5081094198,A.,Fraser‐Brunner,MED,category-done: allcaps-first; surname-duplicated-in-middle,NA
A5070465079,Sandra Edith Olmeda-De,La Fuente,MED,category-done: hyphen-lowercase,NA
A5110456918,Masa‐Aki,Fukuwaka,HIGH,category-done: hyphen-lowercase,NA
A5116728399,Alicia Sánchez,Gimeno,HIGH,category-done: allcaps-both; undefined-prefix,NA
A5003713875,Ji-Qing,Gao,HIGH,category-done: hyphen-lowercase,NA
A5001748116,Guillermo Gardner,Breto,LOW,category-done: surname-first-comma,[subagent-low] No match found (South Australian Museum)
A5006692225,André,Gomes‐Dos‐Santos,HIGH,category-done: hyphen-lowercase,NA
A5057822391,Mónica,González-Jaramillo,HIGH,category-done: leading-punct,NA
A5101764857,Yun-Qing,Gu,HIGH,category-done: hyphen-lowercase,NA
A5048562948,Laura Valiente,Gómez,MED,category-done: allcaps-first; surname-duplicated-in-middle,NA
A5098408430,Buteau George,H.,HIGH,category-done: single-letter-surname,[subagent-low] No verified profile found (UC Berkeley)
A5058690346,Richard Handcock,Hosking,LOW,category-done: surname-first-comma,[subagent-low] Possible confusion with Rebecca Handcock (Curtin University)
A5032370942,Jun-Ichi,Hikima,HIGH,category-done: hyphen-lowercase,NA
A5109234683,Zandy M.,Hillis-Starr,MED,category-done: allcaps-first; surname-duplicated-in-middle,NA
A5022559222,K. R.,Hinds-Frey,MED,category-done: allcaps-first; surname-duplicated-in-middle,NA
A5051290878,Magdalena Iglesias5,Iglesias,HIGH,category-done: allcaps-first; digit-in-name,NA
A5004051291,J. A. Sánchez-De,Ita,HIGH,category-done: hyphen-lowercase,NA
A5064835311,Shin‐Ichi,Ito,HIGH,category-done: hyphen-lowercase,NA
A5109131323,Correy Galen,J.,HIGH,category-done: single-letter-surname,[subagent-med] Found at UCSF not Brown; structural biology not marine (UCSF)
A5102920545,Bao,Jian-Qiang,HIGH,category-done: hyphen-lowercase,NA
A5100512899,MA,Jian-Yin,HIGH,category-done: hyphen-lowercase,NA
A5031105881,JOSÉ Roberto,K.,HIGH,category-done: allcaps-first; single-letter-surname,[subagent-low] Multiple candidates; single surname 'K' insufficient (São Paulo)
A5018483925,Kei-Ichi,Kai,HIGH,category-done: hyphen-lowercase,NA
A5029887879,Yin,Kai-Guo,HIGH,category-done: hyphen-lowercase,NA
A5038993904,Enrique Ke Kajomovitz,Must,LOW,category-done: surname-first-comma,[subagent-low] Physicist at Technion — wrong field (Technion)
A5097033195,Kanok-On,Khampetch,HIGH,category-done: hyphen-lowercase,NA
A5057884791,Nikola,Kovačević,LOW,category-done: surname-duplicated-in-middle; surname-first-comma,[subagent-low] Multiple people with same name (ResearchGate)
A5110053242,F.P. Krenz,Poschmann,LOW,category-done: surname-first-comma,[subagent-low] Lab confirmed; individual not identified (LBCM France)
A5085333303,Panagiotis,Latsoudis,MED,category-done: allcaps-first; surname-duplicated-in-middle,NA
A5083032569,Shan,Le-Zhou,HIGH,category-done: hyphen-lowercase,NA
A5103919633,PS Salinas-De,León,HIGH,category-done: hyphen-lowercase,NA
A5017609333,Tian-Zeng,Li,HIGH,category-done: hyphen-lowercase,NA
A5039014052,Wai-Lin,Loh,HIGH,category-done: hyphen-lowercase,NA
A5108825764,Alexander Vargas,M.,HIGH,category-done: single-letter-surname,[subagent-med] Paleontology — possible misclassification (Universidad Chile)
A5097072004,Juan Manuel Diaz,M.,HIGH,category-done: single-letter-surname,[subagent-med] Biogeography/marine conservation; 'M.' insufficient alone (Universidad Nacional Colombia)
A5013929696,Janire Mcelroy Urrutia,Iñiguez,LOW,category-done: surname-first-comma,[subagent-low] Institution confirmed; individual not located (NOAA NEFSC)
A5086965932,Iii (author) Mcmahan Uel,Jackson,LOW,category-done: allcaps-first; surname-first-comma,[subagent-low] Neurobiology prof — wrong field entirely (Stanford)
A5058458213,S. M. L. Chamindrani,Mendis-Handagama,MED,category-done: allcaps-first; surname-duplicated-in-middle,NA
A5063608966,Aletta E. Bester‐Van,Der Merwe,MED,category-done: hyphen-lowercase,NA
A5004421204,Juliane,Monteiro-Dos-Santos,HIGH,category-done: hyphen-lowercase,NA
A5048960448,M,Mályusz,MED,category-done: allcaps-first; surname-duplicated-in-middle,NA
A5103816590,Wang,Nan-Ping,HIGH,category-done: hyphen-lowercase,NA
A5028991532,Patrice,Noury,MED,category-done: allcaps-first; surname-duplicated-in-middle; leading-punct,NA
A5058883590,Shin‐Ichiro,Oka,HIGH,category-done: hyphen-lowercase,NA
A5017448900,Jaime Rendón–Von,Osten,HIGH,category-done: hyphen-lowercase,NA
A5029894542,Giordano D Rinelli,P,HIGH,category-done: single-letter-surname,[subagent-low] Possible reversal; no clear external source (NA)
A5089157263,Xiao-Yang,Pan,HIGH,category-done: hyphen-lowercase,NA
A5082364389,Teodoro P Patrocinio,Ibarrola,HIGH,category-done: surname-first-comma,[subagent-med] Institutional match but limited bio (Vigo oceanographer)
A5059949621,Adriana Paz,Nogueira,HIGH,category-done: surname-first-comma,[subagent-med] Limited biographical info but email confirms (Email affiliation)
A5001916561,F.,Porto-Foresti,MED,category-done: allcaps-first; surname-duplicated-in-middle,per san martin
A5056993644,Ana,Pérez‐Del‐Olmo,HIGH,category-done: hyphen-lowercase,NA
A5052448424,Johannes Rabinowitz,Loffing,LOW,category-done: surname-first-comma,[subagent-low] MDI lab not confirmed for this person (Surname-first inferred)
A5024378733,Ana,Ramos-Cartelle,LOW,category-done: surname-duplicated-in-middle; surname-first-comma,[subagent-med] IEO affiliation confirmed (Instituto Español de Oceanografía)
A5020293827,Ândrea,Ribeiro‐Dos‐Santos,HIGH,category-done: hyphen-lowercase,NA
A5000627504,Maria-Giovanna Romano,De Pasquale,HIGH,category-done: surname-first-comma,[subagent-med] Limited external source (University of Siena)
A5021290301,Pelayo,Salinas‐De‐León,HIGH,category-done: hyphen-lowercase,NA
A5113580116,M.,Sanmartín,MED,category-done: allcaps-first; surname-duplicated-in-middle,"San-Martin is same as surname, review"
A5027904817,Nicoletta,Santamaría,HIGH,category-done: surname-duplicated-in-middle; digit-in-name,NA
A5112200891,William Berryman,Scott,HIGH,category-done: surname-first-comma; digit-in-name,"parsing error, search | [subagent-low] Ambiguous whether same person (Paleontologist 1858-1947)"
A5057548844,Jong‐Pil,Seo,HIGH,category-done: hyphen-lowercase,NA
A5091228939,Hai-Long,Shen,HIGH,category-done: hyphen-lowercase,NA
A5100845678,Yang,Sheng-Yun,HIGH,category-done: hyphen-lowercase,NA
A5020517405,Qiu,Shu-Yuan,HIGH,category-done: hyphen-lowercase,NA
A5048211100,Wolfgang,Straßburger,MED,category-done: allcaps-first; surname-duplicated-in-middle,NA
A5025593969,Jun‐Ichi,Tamura,HIGH,category-done: hyphen-lowercase,NA
A5048804279,Ruo-Han,Tan,HIGH,category-done: hyphen-lowercase,NA
A5103653718,Fan,Ting-Jun,HIGH,category-done: hyphen-lowercase,NA
A5056022779,K. V,Akhilesh,MED,category-done: single-letter-surname,NA
A5087140122,Ingeborg,Vigh‐Teichmann,MED,category-done: allcaps-first; surname-duplicated-in-middle,per san martin
A5052991064,Bela,Vígh,MED,category-done: allcaps-first; surname-duplicated-in-middle,NA
A5050313754,Heath Gordon,W,HIGH,category-done: single-letter-surname,[subagent-low] No good external match found (NA)
A5001076573,Bing-Li,Wang,HIGH,category-done: hyphen-lowercase,NA
A5037140376,Kelly R. Weihs,Sutherland,LOW,category-done: surname-first-comma,[subagent-low] Kelly Weihs not confirmed matching this record (NA)
A5060867185,JR. H.,Wells,LOW,category-done: allcaps-first; surname-duplicated-in-middle; surname-first-comma,[subagent-low] Multiple H. Wells in marine biology (NA)
A5104000873,Zheng,Wen-Bin,HIGH,category-done: hyphen-lowercase,NA
A5012333557,WU,Wu-Tong,HIGH,category-done: hyphen-lowercase,NA
A5031565136,Tang,Xiao-Dong,HIGH,category-done: hyphen-lowercase,NA
A5068912406,Tran Lu Y,Adrien,MED,category-done: single-letter-surname,[subagent-low] Surname structure unclear (ISYEB)
A5034964082,J Y,Lin,HIGH,category-done: single-letter-surname,[subagent-low] Sun Yat-sen but no clear match (NA)
A5016899300,Shin‐Ichiro,Yanagiya,HIGH,category-done: hyphen-lowercase,NA
A5052764779,Chan‐Gyu,Yun,HIGH,category-done: hyphen-lowercase,NA
A5100957583,Jie-Min,Zhan,HIGH,category-done: hyphen-lowercase,NA
A5028265670,Jian‐Xin,Zhao,HIGH,category-done: hyphen-lowercase,NA
A5032758311,You-An,Zhu,HIGH,category-done: hyphen-lowercase,NA
A5035153480,Liu,Zuo-Min,HIGH,category-done: hyphen-lowercase,NA
A5047064871,F,De La Gándara de-La-Gándara,MED,category-done: hyphen-lowercase,NA
A5097506173,M. x ED n,Sanmart,HIGH,category-done: single-letter-surname,[subagent-low] M. Sanmart x ED n — text garbled unrecoverable (NA)
A5070479939,Antônio Olinto,Ávila-Da-Silva,HIGH,category-done: hyphen-lowercase,NA
A5032846682,R. s,Llina,HIGH,category-done: single-letter-surname,[subagent-low] Rodolfo Llinás found but neuroscientist not marine (NA)
A5062783549,Avrova Аврова,Natascia,HIGH,category-done: single-letter-surname,[subagent-low] Limited external biographical data (Institute confirmed)
A5074337136,Alla Andreeva,Андреева,HIGH,category-done: single-letter-surname,[subagent-low] ResearchGate match (Papanin Institute)
A5112727900,Dmitriy Antonenko,Антоненко,HIGH,category-done: allcaps-first; single-letter-surname,[subagent-low] Limited confirmation (Pacific institute)
A5041831792,Lyudmila Vasilievna Balabanova,Балабанова,HIGH,category-done: single-letter-surname,[subagent-low] Via publication (Papanin Institute)
A5056003840,Vladimir Baron,Барон,HIGH,category-done: single-letter-surname,[subagent-low] Vladimir Baron — no institution listed (NA)
A5087566339,Vera Bondareva,Бондарева,HIGH,category-done: single-letter-surname,[subagent-med] Group Leader (Inst. Evol. Physiology)
A5077337080,Aleksei Leonidovich Volkov,Волков,HIGH,category-done: single-letter-surname,[subagent-med] Fisheries researcher (VNIRO)
A5079359339,Ėmilii︠a︡ Ivanovna‏ Воробьева,Vorobʹeva,HIGH,category-done: surname-first-comma; single-letter-surname,[subagent-med] Encoding issues; likely ichthyologist (NA)
A5014233537,A,Grekov,HIGH,category-done: single-letter-surname,[subagent-med] Demersal fish research (Knipovich Institute)
A5065194067,Natalia Dergousova,Дергоусова,HIGH,category-done: single-letter-surname,[subagent-med] Bioorganic chemistry (Moscow)
A5012549724,N Долганов,Vladimir,HIGH,category-done: single-letter-surname,[subagent-med] 11 papers (Zhirmunsky Center)
A5018797173,В.,Долганов,LOW,category-done: single-letter-surname,[subagent-low] Cyrillic only; no clear institutional match (NA)
A5057031839,Maxim N Zhmak,Жмак,HIGH,category-done: single-letter-surname,[subagent-med] Limited bio (Inst Bioorganic Chem)
A5100730675,Anatoliy Ivanov,Иванов,HIGH,category-done: allcaps-first; single-letter-surname,[subagent-med] Likely identification (Moscow State U)
A5089371781,O. A.,Ivanov,HIGH,category-done: single-letter-surname,[subagent-low] Minimal institutional context (NA)
A5066645083,Pavel Kalchugin,Калчугин,HIGH,category-done: single-letter-surname,[subagent-low] No institutional data (NA)
A5024946036,I N,Senichenkova,HIGH,category-done: single-letter-surname,[subagent-low] Mismatch first/last names; unclear (NA)
A5041122748,Olga V. Levtsova,Левцова,HIGH,category-done: allcaps-first; single-letter-surname,[subagent-low] No match found (NA)
A5055491684,А.,Миних,LOW,category-done: single-letter-surname,[subagent-low] No match found (NA)
A5028236180,М.,Миних,LOW,category-done: single-letter-surname,[subagent-low] Cyrillic initials; single paper (NA)
A5010457437,Михаил,Мурашев,LOW,category-done: single-letter-surname,[subagent-low] Limited data (Kurchatov Institute)
A5055707767,Mikhail V. Nazarkin,Назаркин,HIGH,category-done: allcaps-first; single-letter-surname,[subagent-med] Sakhalin fisheries (NA)
A5090487419,Dmitry Павлов,Pavlov,HIGH,category-done: surname-first-comma; single-letter-surname,[subagent-med] Fisheries researcher Russian waters (NA)
A5102392481,Василий,Павлов,HIGH,category-done: single-letter-surname,[subagent-med] Standard format (NA)
A5010468233,Vladimir V. Panchenko,Панченко,HIGH,category-done: single-letter-surname,[subagent-med] Likely correct format (NA)
A5110430685,Nik V Парін,Parin,HIGH,category-done: surname-first-comma; single-letter-surname,[subagent-med] Regional researcher (Caucasus)
A5026957303,Konstantin M. Podurets,Подурец,HIGH,category-done: single-letter-surname,[subagent-med] Likely format (NA)
A5000500725,Nukhkadi Ibragimovich Rabazanov,Рабазанов,HIGH,category-done: allcaps-first; single-letter-surname,[subagent-low] Olga Chernova; limited confirmation (Severtsov)
A5007461788,I. G.,Timokhin,HIGH,category-done: single-letter-surname,[subagent-low] Vasily Pavlov; no specific verification (AtlantNIRO)
A5021063499,Ирина,Тимохина,LOW,category-done: single-letter-surname,[subagent-low] Ambiguous record (NA)
A5074105390,Валентина,Тодорова,LOW,category-done: single-letter-surname,[subagent-low] Likely Alexander or Andrei (NA)
A5055320624,Ким,Ток,LOW,category-done: single-letter-surname,[subagent-low] Likely Ekaterina or Elena (Murmansk)
A5088937778,F. A.,Trikolidi,HIGH,category-done: single-letter-surname,[subagent-med] Researcher (Pacific Research Fisheries)
A5033226971,Vladimir Grigor'evich Fedorov,Федоров,HIGH,category-done: single-letter-surname,[subagent-med] I.G. suggests Ivanovich patronymic (NA)
A5050059555,E.E. (jr.) Fesenko,Фесенко,HIGH,category-done: single-letter-surname,[subagent-low] Ambiguous (NA)
A5110288405,Irina G.,Timokhina,HIGH,category-done: single-letter-surname,[subagent-med] Cyrillic confirmed format (NA)
A5113549261,Olga A.,Rodina,HIGH,category-done: single-letter-surname,[subagent-med] Cyrillic confirmed (NA)
A5020234126,Valentina,Todorova,HIGH,category-done: surname-first-comma; single-letter-surname,[subagent-med] Name format confirmed (Bulgarian researcher)
A5018130967,Olga Чернова,Chernova,HIGH,category-done: surname-first-comma; single-letter-surname,[subagent-med] Surname-first in raw data (NA)
A5027210946,Konstantin V. Shaitan,Шайтан,HIGH,category-done: allcaps-first; single-letter-surname,[subagent-low] Pronina; corrupted institution name (NA)
A5076380480,Borisa. Sheiko,Шейко,HIGH,category-done: single-letter-surname,[subagent-med] Same as A5084422215 possibly (Zoological Institute)
A5012485801,Vladimir A. Shelekhov,Шелехов,HIGH,category-done: single-letter-surname,[subagent-low] Ambiguous; paleontology focus unclear (NA)
A5097615218,V. B.,García,LOW,category-done: unicode-replacement,[subagent-low] Institution affiliation not verified (Dalhousie)
A5108420833,Heinz,Gägelein,HIGH,category-done: unicode-replacement,[subagent-med] Unicode 'ä' inferred; institution confirmed (Max Planck Institute)
A5108569030,Wilfrieda.,König,HIGH,category-done: unicode-replacement,[subagent-med] Unicode 'ö' corrected; individual profile not located (Heidelberg)
A5108408190,Joséluis,Pérez,HIGH,category-done: unicode-replacement,[subagent-med] Unicode correction applied (Spanish institution)
A5110094690,Juan,Pérez,LOW,category-done: unicode-replacement,[subagent-med] Unicode correction applied (University of Málaga)
A5109421231,E. M.,Rodríguez,LOW,category-done: unicode-replacement,[subagent-med] Likely Esteban M. based on partner profile (Pattern matching)
A5111855256,Esteban M.,Rodríguez,LOW,category-done: unicode-replacement,"[subagent-med] Univ confirmed, Unicode correction (Austral University Chile)"
A5109321059,Gisèle,Berthillier,HIGH,category-done: unicode-replacement,[subagent-med] Biochemist (Claude-Bernard U)
A5111746164,Marie-Thérèse,Chauvet,HIGH,category-done: unicode-replacement,[subagent-med] Likely institution (Sorbonne)
A5111522077,Bernard,Jégou,HIGH,category-done: unicode-replacement,[subagent-med] Reproductive biology specialist not marine; deceased 2021 (INSERM+CNRS)
A5103542335,J. Mørup,Jürgensen,HIGH,category-done: unicode-replacement,[subagent-low] J. Mørup Jørgensen not verified (UCSD)
A5097535959,Bernardita,Méndez,HIGH,category-done: unicode-replacement,[subagent-med] Biotechnology/cellular biology — possibly not fisheries (Universidad Chile)
A5110118692,Claes,Rödeberg,HIGH,category-done: unicode-replacement,[subagent-med] Minimal external verification (University of Giessen)
A5111705961,Jürgen,Schnermann,HIGH,category-done: unicode-replacement,NA
A5109078122,M.,Israël,HIGH,category-done: unicode-replacement,[subagent-low] Org confirmed but individual unverified (BBSRC)
A5106896491,S.,Karamürsel,HIGH,category-done: unicode-replacement,[subagent-low] Faculty confirmed but person not identified (Istanbul University)
A5109963458,Olli,Mäkelä,HIGH,category-done: unicode-replacement,[subagent-low] Institution confirmed; individual not identified (U Helsinki)
A5108492903,José Manuel,Pérez-Fogares,HIGH,category-done: unicode-replacement,[subagent-med] Unicode correction applied (Institutional)
